strategy,fee_hkd,days_assumed,annual_rate_assumed,borrowed_fraction,mean_expected_net_hkd,negative_expected_share,mean_applicant_loss_probability
strict_one_lot,0,2,0.03,0.9,91.59008601049227,0.32142857142857145,0.9436335671063812
strict_one_lot,0,2,0.06,0.9,90.58666839307543,0.33035714285714285,0.9436335671063812
strict_one_lot,0,2,0.1,0.9,89.24877823651967,0.3392857142857143,0.9436335671063812
strict_one_lot,0,5,0.03,0.9,90.08495958436704,0.3392857142857143,0.9436335671063812
strict_one_lot,0,5,0.06,0.9,87.57641554082495,0.3482142857142857,0.9436335671063812
strict_one_lot,0,5,0.1,0.9,84.23169014943551,0.375,0.9436335671063812
strict_one_lot,88,2,0.03,0.9,3.5900860104922776,0.6517857142857143,0.9445264018245446
strict_one_lot,88,2,0.06,0.9,2.5866683930754433,0.6517857142857143,0.9445264018245446
strict_one_lot,88,2,0.1,0.9,1.2487782365196745,0.6517857142857143,0.9445264018245446
strict_one_lot,88,5,0.03,0.9,2.0849595843670303,0.6517857142857143,0.9445264018245446
strict_one_lot,88,5,0.06,0.9,-0.42358445917504284,0.6517857142857143,0.9445264018245446
strict_one_lot,88,5,0.1,0.9,-3.768309850564474,0.6517857142857143,0.947205304800514
strict_one_lot,100,2,0.03,0.9,-8.409913989507725,0.6785714285714286,0.947205304800514
strict_one_lot,100,2,0.06,0.9,-9.413331606924558,0.6785714285714286,0.947205304800514
strict_one_lot,100,2,0.1,0.9,-10.751221763480329,0.6964285714285714,0.947205304800514
strict_one_lot,100,5,0.03,0.9,-9.915040415632973,0.6964285714285714,0.947205304800514
strict_one_lot,100,5,0.06,0.9,-12.423584459175038,0.6964285714285714,0.947205304800514
strict_one_lot,100,5,0.1,0.9,-15.768309850564473,0.6964285714285714,0.947205304800514
ten_lot,0,2,0.03,0.9,171.4267350650661,0.336283185840708,0.8992071332353284
ten_lot,0,2,0.06,0.9,161.45255341880593,0.35398230088495575,0.8992071332353284
ten_lot,0,2,0.1,0.9,148.15364455712572,0.3893805309734513,0.8994615222406356
ten_lot,0,5,0.03,0.9,156.4654625956759,0.37168141592920356,0.8994615222406356
ten_lot,0,5,0.06,0.9,131.53000848002551,0.4247787610619469,0.900019210771591
ten_lot,0,5,0.1,0.9,98.28273632582496,0.4424778761061947,0.900019210771591
ten_lot,88,2,0.03,0.9,83.42673506506608,0.5132743362831859,0.9080218167395949
ten_lot,88,2,0.06,0.9,73.45255341880593,0.5309734513274337,0.9080218167395949
ten_lot,88,2,0.1,0.9,60.15364455712572,0.5309734513274337,0.9080218167395949
ten_lot,88,5,0.03,0.9,68.46546259567587,0.5309734513274337,0.9080218167395949
ten_lot,88,5,0.06,0.9,43.53000848002547,0.5398230088495575,0.9082011171460462
ten_lot,88,5,0.1,0.9,10.282736325824978,0.6017699115044248,0.9120900835695973
ten_lot,100,2,0.03,0.9,71.42673506506608,0.5398230088495575,0.9080218167395949
ten_lot,100,2,0.06,0.9,61.452553418805934,0.5398230088495575,0.9080218167395949
ten_lot,100,2,0.1,0.9,48.15364455712572,0.5575221238938053,0.9084927977754208
ten_lot,100,5,0.03,0.9,56.46546259567587,0.5398230088495575,0.9082011171460462
ten_lot,100,5,0.06,0.9,31.530008480025508,0.5663716814159292,0.9084927977754208
ten_lot,100,5,0.1,0.9,-1.7172636741750424,0.6548672566371682,0.9120900835695973
