strategy,drop_highest_gross,n,mean_expected_net_hkd,total_expected_net_hkd
strict_one_lot,0,112,4.593503627909099,514.4724063258191
strict_one_lot,1,111,-9.887635979046673,-1097.5275936741807
strict_one_lot,3,109,-28.977712678950283,-3158.5706820055807
one_lot_or_minimum,0,113,3.7661782314170122,425.5781401501224
one_lot_or_minimum,1,112,-10.593052320088193,-1186.4218598498776
one_lot_or_minimum,3,110,-29.522408619829797,-3247.4649481812776
one_lot_or_minimum_ex3355,0,112,4.535489860615249,507.9748643889079
one_lot_or_minimum_ex3355,1,111,-9.946172392892722,-1104.025135611092
one_lot_or_minimum_ex3355,3,109,-29.037323155435704,-3165.068223942492
ten_lot,0,113,93.40091671132623,10554.303588379864
ten_lot,1,112,62.63058050849368,7014.625016951292
ten_lot,3,110,22.712641120930368,2498.3905233023406
budget_10000,0,96,4.873459826421993,467.8521433365113
budget_10000,1,95,-13.8478433361838,-1315.545116937461
budget_10000,3,93,-34.6216478939095,-3219.813254133583
budget_50000,0,113,75.83944881635263,8569.857716247847
budget_50000,1,112,44.20668975266076,4951.149252298005
budget_50000,3,110,7.987829892408072,878.661288164888
budget_100000,0,113,129.37549914023487,14619.43140284654
budget_100000,1,112,86.57428831906633,9696.320291735428
budget_100000,3,110,36.79921787761607,4047.9139665377684
