code,window,start,end,candidate_trading_days,minimum_log_adjusted_return,maximum_log_adjusted_return,minimum_adjusted_return,maximum_adjusted_return,coefficient_weight
0068.HK,subscription_to_publication,2026-04-14,2026-04-16,3,0.8813147411743252,0.9012876321020364,1.4140715001154087,1.4627722149631783,0.29383840784395115
0100.HK,subscription_to_publication,2026-01-06,2026-01-08,3,0.7344497894031043,0.7556817843956711,1.0843348538259847,1.1290625902931613,0.2246327065781214
0625.HK,subscription_to_publication,2026-08-27,2026-08-31,3,0.008037980990810212,0.008782802256709132,0.00807037228872977,0.008821484226881535,-0.011143001922478179
0664.HK,subscription_to_publication,2026-03-26,2026-03-30,3,-0.6781258646342021,-0.670034021791313,-0.49243264853947766,-0.4883088311597606,-0.1859729830302406
1236.HK,subscription_to_publication,2026-05-06,2026-05-08,3,0.8151589736369065,0.8307724455191963,1.2595348502718995,1.2950908884050183,-0.03857586966738321
1768.HK,subscription_to_publication,2026-01-23,2026-01-27,3,0.48560621286878636,0.49961771926546916,0.6251599031333863,0.6480911167772547,0.11203239645706953
1770.HK,subscription_to_publication,2026-07-03,2026-07-08,4,-0.01156615543790096,0.024165978665269705,-0.011499524597057182,0.024460342340258977,-0.49252233104204823
1879.HK,subscription_to_publication,2026-04-23,2026-04-27,3,1.585264256061926,1.5876873460685132,3.8805809312159614,3.89242135751276,0.234995409551908
2249.HK,subscription_to_publication,2026-07-07,2026-07-09,3,-0.028455849242142506,0.0010063964195463626,-0.028054794683740083,0.0010069030063511292,0.129996396764922
2261.HK,subscription_to_publication,2026-08-04,2026-08-06,3,0.48997037699762735,0.5049588105316332,0.6322678665643122,0.65691727151375,-0.14720381014172607
2290.HK,subscription_to_publication,2026-06-02,2026-06-04,3,-0.6000123981926411,-0.5694038991843104,-0.4511951681361814,-0.43413735062936815,-0.3465288934467199
2335.HK,subscription_to_publication,2026-06-18,2026-06-23,3,0.7035427454698038,0.7284495948206668,1.020899573039931,1.071865884658009,-0.2220534490057345
2493.HK,subscription_to_publication,2026-04-23,2026-04-27,3,0.014897779493997731,0.01732086950058509,0.015009304547898113,0.017471745603674236,-0.14971932275708327
2526.HK,subscription_to_publication,2026-03-25,2026-03-27,3,0.7543402066049065,0.7734480313061454,1.126208202326745,1.16722604885465,-0.13228227162808967
2553.HK,subscription_to_publication,2026-05-29,2026-06-02,3,0.34861014301383797,0.3820344617212488,0.41709661762037104,0.4652625797334685,-0.25064020734690245
2632.HK,subscription_to_publication,2026-03-19,2026-03-23,3,-0.488371753807078,-0.44353502928902167,-0.38637528668747056,-0.3582362471874473,-0.014039031881968481
2649.HK,subscription_to_publication,2026-03-04,2026-03-06,3,-0.5796226084844616,-0.5597105545244059,-0.439890292664894,-0.4286255783421553,-0.4070309202208758
2667.HK,subscription_to_publication,2026-07-02,2026-07-06,3,-0.5147719374075752,-0.49071786246532767,-0.4023631223072336,-0.3878132294956894,-0.23885490124542275
2672.HK,subscription_to_publication,2026-06-24,2026-06-26,3,1.5276594470479772,1.559791383008264,3.607380374662825,3.75782857771273,-0.44890199378683454
2677.HK,subscription_to_publication,2026-02-03,2026-02-05,3,0.13565355971342363,0.13753256215029275,0.1452850519762506,0.14743906844716617,-0.08487352069271342
2697.HK,subscription_to_publication,2026-06-25,2026-06-29,3,1.1444133148674425,1.1621214015912056,2.1405982739227136,2.1967075886220804,0.017836086240537435
2706.HK,subscription_to_publication,2026-02-10,2026-02-12,3,1.2475994841219382,1.2562126736906656,2.481974382240064,2.5120948179672355,0.09160463440251629
2715.HK,subscription_to_publication,2026-03-04,2026-03-06,3,-0.1808160440890365,-0.16090399012898082,-0.16541112786824236,-0.14862619252721604,-0.1405305898580913
2720.HK,subscription_to_publication,2026-02-05,2026-02-09,3,0.6813180475883911,0.6987559294885326,0.9764811123277289,1.0112490148177404,0.21790252663812626
2723.HK,subscription_to_publication,2026-05-21,2026-05-26,3,1.299121659338594,1.307731166421613,2.666075190141751,2.6977745525952463,0.5185509707182083
2729.HK,subscription_to_publication,2026-03-19,2026-03-23,3,0.5836954672387051,0.6285321917567614,0.7926508877919235,0.8748566286086839,-0.30924725802312736
2768.HK,subscription_to_publication,2026-01-30,2026-02-03,3,0.10667643935709847,0.12925896296811779,0.11257421100752887,0.13798478192816152,-0.14803397779157312
2797.HK,subscription_to_publication,2026-07-06,2026-07-08,3,0.9426384702121968,0.9721007158738857,1.5667447715747431,1.6434918558662441,0.875254182512593
3231.HK,subscription_to_publication,2026-09-04,2026-09-08,3,0.9332062276169868,0.9463004611363779,1.5426484321173626,1.576161398911643,-0.5886077426962957
3355.HK,subscription_to_publication,2026-03-18,2026-03-20,3,0.16233680383928295,0.19150300553793542,0.17625634226515174,0.21106847304676093,0.3746812054967323
3625.HK,subscription_to_publication,2026-03-26,2026-03-30,3,0.6916391945344778,0.6997310373773669,0.9969863008282843,1.0132111560927448,-0.37285771253923167
3952.HK,subscription_to_publication,2026-06-25,2026-06-29,3,-0.16724021692775004,-0.14953213020398692,-0.15400363572104112,-0.13888923008948012,0.2536488678153938
3986.HK,subscription_to_publication,2026-01-08,2026-01-12,3,0.2922921416550963,0.30969929904080473,0.3394942825608194,0.363015192527566,0.44660185941856023
6082.HK,subscription_to_publication,2025-12-29,2025-12-31,3,0.5370235890261235,0.5457275536614858,0.710906914064825,0.7258635840775909,0.3274129366747866
6727.HK,subscription_to_publication,2026-09-16,2026-09-18,3,-0.11399313874838057,-0.10805695281621475,-0.10773592209024457,-0.10242352453333867,-0.4313333209796377
6745.HK,subscription_to_publication,2026-07-07,2026-07-09,3,-0.2352114313733793,-0.20574918571169043,-0.20959628418246684,-0.18596277715288118,0.173341564121085
6915.HK,subscription_to_publication,2026-06-25,2026-06-29,3,-0.14475757638774844,-0.12704948966398533,-0.13476797963989312,-0.11930991353781997,0.054269739024914034
7630.HK,subscription_to_publication,2026-05-08,2026-05-12,3,0.7320738214389202,0.7343079339884522,1.07938841959827,1.0840392006115218,-0.06787699352292917
7687.HK,subscription_to_publication,2026-07-03,2026-07-07,3,0.059453958260711204,0.07079373063831618,0.06125689774126659,0.07335980179146837,0.1417718109431021
9607.HK,subscription_to_publication,2026-09-24,2026-09-28,3,-0.09636013124442755,-0.08616987546143662,-0.09186309130359047,-0.08256163228422193,0.21966067091849403
9615.HK,subscription_to_publication,2026-08-27,2026-08-31,3,-0.009584789938481109,-0.008839968672582188,-0.00953900224464507,-0.008801011028814875,0.11296213962578207
9630.HK,subscription_to_publication,2026-06-23,2026-06-25,3,0.7295532621925069,0.7439771114290306,1.0741537977490099,1.1042878817217487,0.15115724833867428
9971.HK,subscription_to_publication,2026-07-03,2026-07-07,3,0.01363013830065185,0.024969910678256824,0.01372345211376875,0.025284269952017966,0.25667834314163085
0068.HK,prospectus_to_publication,2026-04-09,2026-04-16,6,0.8731075539582598,0.9012876321020364,1.3943398448123883,1.4627722149631783,0.29383840784395115
0100.HK,prospectus_to_publication,2025-12-31,2026-01-08,6,0.7144115174294079,0.7556817843956711,1.042984067918507,1.1290625902931613,0.2246327065781214
0625.HK,prospectus_to_publication,2026-08-24,2026-08-31,6,0.005898458622427327,0.011444200422619843,0.005915888782996057,0.011509935807920374,-0.011143001922478179
0664.HK,prospectus_to_publication,2026-03-23,2026-03-30,6,-0.6931187594429637,-0.6547589356403538,-0.4999857892395673,-0.48043270335063293,-0.1859729830302406
1236.HK,prospectus_to_publication,2026-04-30,2026-05-08,6,0.7983381342758147,0.8307724455191963,1.2218454498507927,1.2950908884050183,-0.03857586966738321
1768.HK,prospectus_to_publication,2026-01-20,2026-01-27,6,0.47576335858247276,0.49961771926546916,0.6092421575514698,0.6480911167772547,0.11203239645706953
1770.HK,prospectus_to_publication,2026-06-29,2026-07-08,7,-0.03185663558455687,0.024165978665269705,-0.03135455858730406,0.024460342340258977,-0.49252233104204823
1879.HK,prospectus_to_publication,2026-04-20,2026-04-27,6,1.585264256061926,1.6071068317739936,3.8805809312159614,3.988358170992437,0.234995409551908
2249.HK,prospectus_to_publication,2026-06-30,2026-07-09,7,-0.05501621783028021,0.0010063964195463626,-0.05353020185753773,0.0010069030063511292,0.129996396764922
2261.HK,prospectus_to_publication,2026-07-30,2026-08-06,6,0.48997037699762735,0.5085632286280646,0.6322678665643122,0.662900270248432,-0.14720381014172607
2290.HK,prospectus_to_publication,2026-05-28,2026-06-04,6,-0.6098510037976848,-0.5694038991843104,-0.456568167678025,-0.43413735062936815,-0.3465288934467199
2335.HK,prospectus_to_publication,2026-06-15,2026-06-23,6,0.7035427454698038,0.7660962964109412,1.020899573039931,1.1513516013487803,-0.2220534490057345
2493.HK,prospectus_to_publication,2026-04-20,2026-04-27,6,0.014897779493997731,0.036740355206065445,0.015009304547898113,0.03742362422282202,-0.14971932275708327
2526.HK,prospectus_to_publication,2026-03-20,2026-03-27,6,0.7350882075035354,0.7734480313061454,1.0856659557786061,1.16722604885465,-0.13228227162808967
2553.HK,prospectus_to_publication,2026-05-26,2026-06-02,6,0.34158735710787447,0.3820344617212488,0.4071795150696317,0.4652625797334685,-0.25064020734690245
2632.HK,prospectus_to_publication,2026-03-16,2026-03-23,6,-0.488371753807078,-0.4231624735934343,-0.38637528668747056,-0.3450277912218913,-0.014039031881968481
2649.HK,prospectus_to_publication,2026-02-27,2026-03-06,6,-0.5796226084844616,-0.5263695695876756,-0.439890292664894,-0.4092542573264717,-0.4070309202208758
2667.HK,prospectus_to_publication,2026-06-26,2026-07-06,6,-0.5315313971230147,-0.49071786246532767,-0.41229572843952444,-0.3878132294956894,-0.23885490124542275
2672.HK,prospectus_to_publication,2026-06-18,2026-06-26,6,1.5276594470479772,1.5814510208651988,3.607380374662825,3.862005566853488,-0.44890199378683454
2677.HK,prospectus_to_publication,2026-01-29,2026-02-05,6,0.13344502964019966,0.17701934244891326,0.1427584465655454,0.19365418109886717,-0.08487352069271342
2697.HK,prospectus_to_publication,2026-06-22,2026-06-29,6,1.1444133148674425,1.1916508671398542,2.1405982739227136,2.292512223443938,0.017836086240537435
2706.HK,prospectus_to_publication,2026-02-05,2026-02-12,6,1.2299626000032386,1.2562126736906656,2.421101584708806,2.5120948179672355,0.09160463440251629
2715.HK,prospectus_to_publication,2026-02-27,2026-03-06,6,-0.1808160440890365,-0.1275630051922505,-0.16541112786824236,-0.11976204547448682,-0.1405305898580913
2720.HK,prospectus_to_publication,2026-01-30,2026-02-09,7,0.6813180475883911,0.7119860713963639,0.9764811123277289,1.0380349246815475,0.21790252663812626
2723.HK,prospectus_to_publication,2026-05-18,2026-05-26,6,1.299121659338594,1.315194489973031,2.666075190141751,2.7254754824213188,0.5185509707182083
2729.HK,prospectus_to_publication,2026-03-16,2026-03-23,6,0.5836954672387051,0.6489047474523488,0.7926508877919235,0.9134439765419063,-0.30924725802312736
2768.HK,prospectus_to_publication,2026-01-27,2026-02-03,6,0.10667643935709847,0.15025075216581207,0.11257421100752887,0.1621256117101368,-0.14803397779157312
2797.HK,prospectus_to_publication,2026-06-30,2026-07-08,6,0.9160781016240591,0.9721007158738857,1.4994684808852838,1.6434918558662441,0.875254182512593
3231.HK,prospectus_to_publication,2026-08-31,2026-09-08,7,0.9290950802982163,0.9463004611363779,1.5322166877447423,1.576161398911643,-0.5886077426962957
3355.HK,prospectus_to_publication,2026-03-13,2026-03-20,6,0.16233680383928295,0.19150300553793542,0.17625634226515174,0.21106847304676093,0.3746812054967323
3625.HK,prospectus_to_publication,2026-03-23,2026-03-30,6,0.6766462997257161,0.715006123528326,0.9672690259426855,1.0441991999319356,-0.37285771253923167
3952.HK,prospectus_to_publication,2026-06-22,2026-06-29,6,-0.16724021692775004,-0.12000266465533826,-0.15400363572104112,-0.11308192661697006,0.2536488678153938
3986.HK,prospectus_to_publication,2025-12-31,2026-01-12,8,0.27225386968139986,0.3135241366476631,0.3129202696565151,0.3682384870535357,0.44660185941856023
6082.HK,prospectus_to_publication,2025-12-22,2025-12-31,6,0.5370235890261235,0.5457275536614858,0.710906914064825,0.7258635840775909,0.3274129366747866
6727.HK,prospectus_to_publication,2026-09-11,2026-09-18,6,-0.11399313874838057,-0.1013395349879449,-0.10773592209024457,-0.0963738319069449,-0.4313333209796377
6745.HK,prospectus_to_publication,2026-06-30,2026-07-09,7,-0.261771799961517,-0.20574918571169043,-0.2303133538094345,-0.18596277715288118,0.173341564121085
6915.HK,prospectus_to_publication,2026-06-22,2026-06-29,6,-0.14475757638774844,-0.09752002411533667,-0.13476797963989312,-0.09291582218425072,0.054269739024914034
7630.HK,prospectus_to_publication,2026-05-05,2026-05-12,6,0.7148741271848813,0.7425835269198533,1.043929390919565,1.1013574211234443,-0.06787699352292917
7687.HK,prospectus_to_publication,2026-06-29,2026-07-07,6,0.039163478114055295,0.07079373063831618,0.039940477262614314,0.07335980179146837,0.1417718109431021
9607.HK,prospectus_to_publication,2026-09-21,2026-09-28,6,-0.09636013124442755,-0.0730653215534538,-0.09186309130359047,-0.07045989096130031,0.21966067091849403
9615.HK,prospectus_to_publication,2026-08-24,2026-08-31,6,-0.011724312306863993,-0.006178570506671477,-0.011655850374891745,-0.00615952239015264,0.11296213962578207
9630.HK,prospectus_to_publication,2026-06-17,2026-06-25,6,0.7295532621925069,0.7816973483697147,1.0741537977490099,1.1851781280718081,0.15115724833867428
9971.HK,prospectus_to_publication,2026-06-29,2026-07-07,6,-0.006660341846004059,0.024969910678256824,-0.006638210929665488,0.025284269952017966,0.25667834314163085
