model,outcome,deleted_month,retained_n,coefficient,change
revision_only,log_close,2026-01,39,1.3561440414586314,-0.03960897645691386
revision_only,log_close,2026-02,39,1.2275000629321493,-0.16825295498339599
revision_only,log_close,2026-03,35,1.1549772484504264,-0.24077576946511892
revision_only,log_close,2026-04,40,0.9554513490763278,-0.4403016688392175
revision_only,log_close,2026-05,40,1.0430081383504124,-0.3527448795651329
revision_only,log_close,2026-06,35,2.1131755944668917,0.7174225765513464
revision_only,log_close,2026-07,36,1.3875375473695342,-0.008215470546011128
revision_only,log_close,2026-08,42,1.4143140766528044,0.018561058737259106
revision_only,log_close,2026-09,38,1.9910446616955058,0.5952916437799605
revision_only,log_opening,2026-01,39,0.6271985028777647,-0.04159513014568128
revision_only,log_opening,2026-02,39,0.5373664904060754,-0.13142714261737054
revision_only,log_opening,2026-03,35,0.44881437788273854,-0.21997925514070743
revision_only,log_opening,2026-04,40,0.1798739434212178,-0.4889196896022282
revision_only,log_opening,2026-05,40,0.3983327428955337,-0.27046089012791225
revision_only,log_opening,2026-06,35,1.3649697379161772,0.6961761048927312
revision_only,log_opening,2026-07,36,0.7666854884472893,0.09789185542384338
revision_only,log_opening,2026-08,42,0.681859108949541,0.013065475926095083
revision_only,log_opening,2026-09,38,1.1422951190443642,0.47350148602091824
revision_only,log_intraday,2026-01,39,0.7289455385808675,0.001986153688768977
revision_only,log_intraday,2026-02,39,0.6901335725260733,-0.03682581236602522
revision_only,log_intraday,2026-03,35,0.7061628705676876,-0.020796514324410986
revision_only,log_intraday,2026-04,40,0.7755774056551101,0.04861802076301158
revision_only,log_intraday,2026-05,40,0.644675395454878,-0.0822839894372206
revision_only,log_intraday,2026-06,35,0.7482058565507151,0.021246471658616595
revision_only,log_intraday,2026-07,36,0.6208520589222452,-0.1061073259698534
revision_only,log_intraday,2026-08,42,0.7324549677032632,0.00549558281116469
revision_only,log_intraday,2026-09,38,0.8487495426511416,0.121790157759043
revision_only,log_mair_subscription,2026-01,39,1.3206213005793823,-0.020401964282703577
revision_only,log_mair_subscription,2026-02,39,1.1766143724597227,-0.16440889240236323
revision_only,log_mair_subscription,2026-03,35,1.0725858306825513,-0.2684374341795346
revision_only,log_mair_subscription,2026-04,40,0.9014869823791097,-0.43953628248297616
revision_only,log_mair_subscription,2026-05,40,0.9831254104847879,-0.35789785437729804
revision_only,log_mair_subscription,2026-06,35,2.071406573168603,0.730383308306517
revision_only,log_mair_subscription,2026-07,36,1.3585088042593063,0.017485539397220418
revision_only,log_mair_subscription,2026-08,42,1.3600647024039427,0.01904143754185683
revision_only,log_mair_subscription,2026-09,38,1.925472026667572,0.5844487618054861
quarter_controls,log_close,2026-01,39,1.452903508304875,-0.14489068630510316
quarter_controls,log_close,2026-02,39,1.4052388387571355,-0.19255535585284256
quarter_controls,log_close,2026-03,35,1.3419591793435242,-0.2558350152664539
quarter_controls,log_close,2026-04,40,1.2449805474681603,-0.35281364714181773
quarter_controls,log_close,2026-05,40,1.3343353039607833,-0.2634588906491948
quarter_controls,log_close,2026-06,35,1.8459119734485265,0.24811777883854846
quarter_controls,log_close,2026-07,36,1.2537684583673152,-0.34402573624266286
quarter_controls,log_close,2026-08,42,1.6668620981180027,0.06906790350802461
quarter_controls,log_close,2026-09,38,2.4676027723537475,0.8698085777437694
quarter_controls,log_opening,2026-01,39,0.8227575475196939,-0.051703773732558855
quarter_controls,log_opening,2026-02,39,0.7231628383340665,-0.15129848291818626
quarter_controls,log_opening,2026-03,35,0.5833420018132802,-0.2911193194389725
quarter_controls,log_opening,2026-04,40,0.4386026932749688,-0.4358586279772839
quarter_controls,log_opening,2026-05,40,0.6913372173301495,-0.1831241039221032
quarter_controls,log_opening,2026-06,35,1.1895049109339764,0.31504358968172363
quarter_controls,log_opening,2026-07,36,0.6180406565538961,-0.25642066469835667
quarter_controls,log_opening,2026-08,42,0.9354269672277008,0.06096564597544807
quarter_controls,log_opening,2026-09,38,1.6022365609013898,0.727775239649137
quarter_controls,log_intraday,2026-01,39,0.6301459607851819,-0.09318691257254297
quarter_controls,log_intraday,2026-02,39,0.6820760004230677,-0.041256872934657185
quarter_controls,log_intraday,2026-03,35,0.7586171775302438,0.03528430417251893
quarter_controls,log_intraday,2026-04,40,0.806377854193191,0.08304498083546608
quarter_controls,log_intraday,2026-05,40,0.6429980866306333,-0.0803347867270916
quarter_controls,log_intraday,2026-06,35,0.6564070625145517,-0.06692581084317317
quarter_controls,log_intraday,2026-07,36,0.6357278018134189,-0.08760507154430597
quarter_controls,log_intraday,2026-08,42,0.7314351308903009,0.008102257532575985
quarter_controls,log_intraday,2026-09,38,0.8653662114523578,0.14203333809463292
quarter_controls,log_mair_subscription,2026-01,39,1.4431891253061204,-0.11043636565298254
quarter_controls,log_mair_subscription,2026-02,39,1.3645505787418848,-0.18907491221721817
quarter_controls,log_mair_subscription,2026-03,35,1.270288197863836,-0.2833372930952669
quarter_controls,log_mair_subscription,2026-04,40,1.2053330311448556,-0.3482924598142474
quarter_controls,log_mair_subscription,2026-05,40,1.2900166100330757,-0.2636088809260273
quarter_controls,log_mair_subscription,2026-06,35,1.8110340240973892,0.25740853313828627
quarter_controls,log_mair_subscription,2026-07,36,1.2239943415755743,-0.32963114938352867
quarter_controls,log_mair_subscription,2026-08,42,1.6255056855788563,0.07188019461975337
quarter_controls,log_mair_subscription,2026-09,38,2.4338791244210185,0.8802536334619155
launch_size_and_ah,log_close,2026-01,39,1.4242900884495056,-0.07811353424041578
launch_size_and_ah,log_close,2026-02,39,1.3715670654825622,-0.1308365572073591
launch_size_and_ah,log_close,2026-03,35,1.327296995324147,-0.17510662736577443
launch_size_and_ah,log_close,2026-04,40,1.2139141149685475,-0.28848950772137383
launch_size_and_ah,log_close,2026-05,40,1.0789028863664323,-0.42350073632348906
launch_size_and_ah,log_close,2026-06,35,2.1056597367089647,0.6032561140190433
launch_size_and_ah,log_close,2026-07,36,1.3907417127820678,-0.11166190990785352
launch_size_and_ah,log_close,2026-08,42,1.509509834378782,0.00710621168886072
launch_size_and_ah,log_close,2026-09,38,1.9522622015858497,0.4498585788959284
launch_size_and_ah,log_opening,2026-01,39,0.6587996029752249,-0.07511068157526757
launch_size_and_ah,log_opening,2026-02,39,0.6193783390213378,-0.11453194552915469
launch_size_and_ah,log_opening,2026-03,35,0.577321214928435,-0.15658906962205743
launch_size_and_ah,log_opening,2026-04,40,0.38687886839825936,-0.3470314161522331
launch_size_and_ah,log_opening,2026-05,40,0.4127453251597429,-0.32116495939074957
launch_size_and_ah,log_opening,2026-06,35,1.3508467593456803,0.6169364747951879
launch_size_and_ah,log_opening,2026-07,36,0.7736621178963778,0.03975183334588539
launch_size_and_ah,log_opening,2026-08,42,0.7380851667735951,0.004174882223102694
launch_size_and_ah,log_opening,2026-09,38,1.051899167689519,0.3179888831390266
launch_size_and_ah,log_intraday,2026-01,39,0.7654904854742817,-0.0030028526651466603
launch_size_and_ah,log_intraday,2026-02,39,0.7521887264612244,-0.016304611678203962
launch_size_and_ah,log_intraday,2026-03,35,0.749975780395712,-0.01851755774371633
launch_size_and_ah,log_intraday,2026-04,40,0.8270352465702884,0.058541908430860046
launch_size_and_ah,log_intraday,2026-05,40,0.6661575612066882,-0.1023357769327401
launch_size_and_ah,log_intraday,2026-06,35,0.7548129773632851,-0.013680360776143208
launch_size_and_ah,log_intraday,2026-07,36,0.6170795948856898,-0.15141374325373858
launch_size_and_ah,log_intraday,2026-08,42,0.7714246676051868,0.00293132946575847
launch_size_and_ah,log_intraday,2026-09,38,0.90036303389633,0.13186969575690166
launch_size_and_ah,log_mair_subscription,2026-01,39,1.3833321353000336,-0.06460260568712006
launch_size_and_ah,log_mair_subscription,2026-02,39,1.3217112175814623,-0.12622352340569143
launch_size_and_ah,log_mair_subscription,2026-03,35,1.2463479403645625,-0.20158680062259116
launch_size_and_ah,log_mair_subscription,2026-04,40,1.1629567807618866,-0.2849779602252671
launch_size_and_ah,log_mair_subscription,2026-05,40,1.0185887228608261,-0.42934601812632756
launch_size_and_ah,log_mair_subscription,2026-06,35,2.0634236057411046,0.6154888647539509
launch_size_and_ah,log_mair_subscription,2026-07,36,1.3655598980588437,-0.08237484292830999
launch_size_and_ah,log_mair_subscription,2026-08,42,1.4552906334064553,0.0073558924193015685
launch_size_and_ah,log_mair_subscription,2026-09,38,1.8917929632393629,0.44385822225220917
subscription_market_and_size,log_close,2026-01,39,1.6329072896429235,-0.04611779584365294
subscription_market_and_size,log_close,2026-02,39,1.549004762920747,-0.1300203225658294
subscription_market_and_size,log_close,2026-03,35,1.5718932007185114,-0.10713188476806512
subscription_market_and_size,log_close,2026-04,40,1.237856255976916,-0.4411688295096605
subscription_market_and_size,log_close,2026-05,40,1.306231935671423,-0.37279314981515355
subscription_market_and_size,log_close,2026-06,35,2.125399616057336,0.4463745305707596
subscription_market_and_size,log_close,2026-07,36,1.6592182539529632,-0.01980683153361329
subscription_market_and_size,log_close,2026-08,42,1.691716642645258,0.012691557158681421
subscription_market_and_size,log_close,2026-09,38,2.2398389455868526,0.5608138601002761
subscription_market_and_size,log_opening,2026-01,39,0.8227182691128848,-0.07075367116428122
subscription_market_and_size,log_opening,2026-02,39,0.7610940312235944,-0.1323779090535716
subscription_market_and_size,log_opening,2026-03,35,0.7858455290097376,-0.10762641126742845
subscription_market_and_size,log_opening,2026-04,40,0.403466623312791,-0.49000531696437505
subscription_market_and_size,log_opening,2026-05,40,0.6051051221347763,-0.28836681814238974
subscription_market_and_size,log_opening,2026-06,35,1.5169281896049522,0.6234562493277862
subscription_market_and_size,log_opening,2026-07,36,1.0232338715991423,0.12976193132197622
subscription_market_and_size,log_opening,2026-08,42,0.902490492346848,0.00901855206968194
subscription_market_and_size,log_opening,2026-09,38,1.3111525005616165,0.41768056028445044
subscription_market_and_size,log_intraday,2026-01,39,0.810189020530039,0.02463587532062894
subscription_market_and_size,log_intraday,2026-02,39,0.7879107316971519,0.0023575864877417585
subscription_market_and_size,log_intraday,2026-03,35,0.786047671708773,0.0004945264993628795
subscription_market_and_size,log_intraday,2026-04,40,0.8343896326641244,0.04883648745471425
subscription_market_and_size,log_intraday,2026-05,40,0.7011268135366463,-0.08442633167276381
subscription_market_and_size,log_intraday,2026-06,35,0.6084714264523847,-0.17708171875702539
subscription_market_and_size,log_intraday,2026-07,36,0.635984382353821,-0.14956876285558907
subscription_market_and_size,log_intraday,2026-08,42,0.7892261502984094,0.0036730050889992594
subscription_market_and_size,log_intraday,2026-09,38,0.9286864450252366,0.14313329981582645
subscription_market_and_size,log_mair_subscription,2026-01,39,1.5997978407357378,-0.03145236754860048
subscription_market_and_size,log_mair_subscription,2026-02,39,1.5073377106801997,-0.12391249760413858
subscription_market_and_size,log_mair_subscription,2026-03,35,1.5011772884992414,-0.13007291978509694
subscription_market_and_size,log_mair_subscription,2026-04,40,1.1910554155475936,-0.44019479273674467
subscription_market_and_size,log_mair_subscription,2026-05,40,1.2529383967134613,-0.378311811570877
subscription_market_and_size,log_mair_subscription,2026-06,35,2.0923180038530935,0.4610677955687552
subscription_market_and_size,log_mair_subscription,2026-07,36,1.6370566257112071,0.005806417426868826
subscription_market_and_size,log_mair_subscription,2026-08,42,1.6443247760989697,0.013074567814631344
subscription_market_and_size,log_mair_subscription,2026-09,38,2.185900459209912,0.5546502509255737
