code,quarter,month,route,ir_pct,base_proceeds_hkd_mn,subscription_x,applicants,age_years,cornerstone_pct,allocation_pct,application_gross_return_pct,demand_group
6082.HK,2026Q1,2026-01,18C specialist tech,75.8163,5582.99336,2347.53,471116,6.32,51.93,0.17038996927383734,0.12918337027456034,High demand
2513.HK,2026Q1,2026-01,18C specialist tech,13.167000000000002,4348.1459,1159.46,204871,6.58,68.63,0.3449823118143362,0.04542382099659365,Middle demand
9903.HK,2026Q1,2026-01,Conventional,8.437100000000001,3677.43828,414.24,180802,10.03,43.02,0.2414040848282108,0.020367504041040974,Middle demand
2675.HK,2026Q1,2026-01,18A biotech,30.8973,1198.707928,1091.94,196179,8.68,48.68,0.0915800980983627,0.02829577764974542,Middle demand
0100.HK,2026Q1,2026-01,18C specialist tech,109.09100000000001,4817.604,1837.17,417646,4.53,56.53,0.21772317010828687,0.23751638350283125,Middle demand
6938.HK,2026Q1,2026-01,18A biotech,41.625,1832.454888,101.06,42771,18.98,42.5,0.989473881244416,0.41186850306798817,Low demand
3636.HK,2026Q1,2026-01,Conventional,26.0,1102.968,143.46,64456,15.97,42.5,0.6970729987069473,0.1812389796638063,Low demand
0501.HK,2026Q1,2026-01,A+H (19A),16.2214,4799.84,9.28,14551,18.66,45.28,10.773656762586713,1.747637958086241,Low demand
3986.HK,2026Q1,2026-01,A+H (19A),37.5309,4684.3596,542.22,148419,20.77,49.78,0.18442636804681148,0.06921687576528077,Middle demand
1641.HK,2026Q1,2026-01,Conventional,0.3263,285.20438,2309.25,103102,19.24,7.66,0.043304112131684704,0.00014130131788568718,High demand
9611.HK,2026Q1,2026-01,A+H (19A),3.5484,1620.0321,1149.76,145096,21.24,27.18,0.08697436263402972,0.003086198283705911,Middle demand
1768.HK,2026Q1,2026-01,Conventional,69.0617,3669.94992,1899.49,229245,6.13,41.410000000000004,0.05264559023744236,0.036357939593011736,Middle demand
9980.HK,2026Q1,2026-02,A+H (19A),1.5323,10140.6952,57.46,66692,31.6,49.21,1.740202159655143,0.026665117692395754,Low demand
2768.HK,2026Q1,2026-02,A+H (19A),11.5556,1080.0,2251.85,171047,25.12,29.56,0.04440790627705459,0.00513160001775132,High demand
2677.HK,2026Q1,2026-02,Conventional,13.3556,284.525,2730.73,147844,11.98,31.59,0.03662030933830609,0.004890862033986808,High demand
2714.HK,2026Q1,2026-02,A+H (19A),3.8974,10684.1046,5.88,21268,25.57,50.0,17.009165448704657,0.6629152141978153,Low demand
3200.HK,2026Q1,2026-02,A+H (19A),14.8225,4833.28244,446.39,159985,23.79,49.99,0.224019596786039,0.03320530473361063,Middle demand
6809.HK,2026Q1,2026-02,A+H (19A),63.7197,7042.9821,707.3,260646,21.71,49.82,0.14138242572889784,0.09008845752717652,Middle demand
0600.HK,2026Q1,2026-02,Conventional,0.0,2958.60864,104.82,85091,5.81,48.76,0.9540437465558725,0.0,Low demand
2720.HK,2026Q1,2026-02,Conventional,102.28600000000002,345.51125,3654.23,111036,1.57,37.62,0.027365558748823952,0.02799113542182207,High demand
0470.HK,2026Q1,2026-02,A+H (19A),0.0,4930.75472,79.54,57322,23.79,43.480000000000004,1.2572577100305706,0.0,Low demand
2706.HK,2026Q1,2026-02,Conventional,242.203,758.497212,5065.06,232258,12.48,15.370000000000001,0.01974312025647801,0.047818429554797426,High demand
9981.HK,2026Q1,2026-02,A+H (19A),2.9368,2812.374992,569.58,141463,27.66,34.449999999999996,0.17556900649563936,0.005156110582763936,Middle demand
2649.HK,2026Q1,2026-03,Conventional,-43.636399999999995,223.696,5297.23,162571,9.24,0.0,0.018877780893653173,-0.008237583981878073,High demand
2715.HK,2026Q1,2026-03,A+H (19A),-16.0156,1486.5408,19.67,27190,24.03,35.18,5.083789550653518,-0.8141993992744647,Low demand
2692.HK,2026Q1,2026-03,A+H (19A),2.413,1906.618824,1536.76,180292,24.89,34.17,0.06507186233461125,0.0015701840381341693,Middle demand
3268.HK,2026Q1,2026-03,A+H (19A),1.5246,1161.615,174.12,57965,18.93,39.47,0.574301014133548,0.008755793261480072,Low demand
1989.HK,2026Q1,2026-03,A+H (19A),33.5559,3306.48,1070.72,202417,23.76,44.940000000000005,0.0933947497207497,0.031339448821545046,Middle demand
2701.HK,2026Q1,2026-03,A+H (19A),4.1667000000000005,1026.0000000000002,131.83,56547,26.01,13.639999999999999,0.7585511067021105,0.03160654896295684,Low demand
3355.HK,2026Q1,2026-03,Conventional,13.461500000000001,1664.0,1579.71,196756,16.95,42.309999999999995,0.06330288432945644,0.00852151777400978,Middle demand
2632.HK,2026Q1,2026-03,Conventional,-36.9231,717.2113,68.89,31183,10.82,15.329999999999998,1.4515142881550833,-0.5359440721297896,Low demand
2729.HK,2026Q1,2026-03,Conventional,84.27369999999999,613.05468,2153.26,107253,9.42,0.0,0.046441297684805774,0.03913779988700016,High demand
1021.HK,2026Q1,2026-03,18C specialist tech,8.235299999999999,1579.3442,5059.38,227070,8.56,48.72,0.07905805892320389,0.0065106683265026095,High demand
2526.HK,2026Q1,2026-03,18A biotech,111.717,791.9208,1073.37,115017,9.52,0.0,0.09316440871521336,0.10408048248437492,Middle demand
2726.HK,2026Q1,2026-03,Conventional,35.064299999999996,1638.983733,50.66,45084,15.0,46.800000000000004,1.973912304749834,0.692138532274396,Low demand
6636.HK,2026Q1,2026-03,18C specialist tech,150.0,499.2,4591.37,159089,10.79,9.46,0.087120012896275,0.13068001934441248,High demand
0664.HK,2026Q1,2026-03,Conventional,-49.1667,444.408,59.55,26280,13.01,6.75,2.518623303726474,-1.2383239638732844,Low demand
3625.HK,2026Q1,2026-03,18C specialist tech,100.0,480.0,3118.43,118537,9.87,0.0,0.12826972215121366,0.12826972215121366,High demand
6656.HK,2026Q2,2026-04,Conventional,103.424,4400.65838,1102.05,202730,3.9,49.8,0.09074011620269928,0.09384705778147971,Middle demand
0068.HK,2026Q2,2026-04,Conventional,144.09400000000002,1223.91678,1590.56,240700,12.72,37.14,0.06287077911836042,0.09059302046281027,Middle demand
3277.HK,2026Q2,2026-04,Conventional,75.5266,2603.932696,1138.21,266501,13.62,50.0,0.08785723056732479,0.06635557910166112,Middle demand
2476.HK,2026Q2,2026-04,A+H (19A),50.085800000000006,20116.998,431.15,250606,19.73,38.83,0.25770662561236163,0.12907442509095624,Middle demand
3296.HK,2026Q2,2026-04,A+H (19A),13.256100000000002,4549.19514,531.33,140150,20.65,49.96,0.1882052231232726,0.02494867258244414,Middle demand
1879.HK,2026Q2,2026-04,18C specialist tech,383.624,2527.283388,5784.7,378085,8.16,65.06,0.06914674558000113,0.2652635112638235,High demand
2493.HK,2026Q2,2026-04,18A biotech,0.5789,1302.678728,481.71,126378,8.96,31.869999999999997,0.20759359506017802,0.0012017593218033706,Middle demand
6810.HK,2026Q2,2026-04,Conventional,241.10999999999999,1059.702248,2003.16,204939,12.38,27.029999999999998,0.049921071023922306,0.12036469434577907,Middle demand
1609.HK,2026Q2,2026-05,Conventional,118.27399999999999,829.552225,7823.13,300735,8.76,34.71,0.012782606669767459,0.015118500212600763,High demand
1187.HK,2026Q2,2026-05,A+H (19A),-1.0933,1061.91,399.08,105939,16.46,35.76,0.25057846502685643,-0.0027395743581386215,Middle demand
1236.HK,2026Q2,2026-05,Conventional,127.61800000000001,878.668424,6707.66,296740,8.48,31.52,0.01490831884817865,0.01902569834766863,High demand
7630.HK,2026Q2,2026-05,18A biotech,108.259,843.7377000000001,2282.4,221788,16.92,33.19,0.043813480779087144,0.04743203615663195,High demand
7666.HK,2026Q2,2026-05,18C specialist tech,126.667,2112.9045,6910.96,383309,6.34,54.87,0.05787905200912297,0.07331365880839578,High demand
6871.HK,2026Q2,2026-05,18C specialist tech,76.2295,750.3,14855.4,330334,13.89,0.0,0.026926238966966744,0.020525737333323912,High demand
1511.HK,2026Q2,2026-05,18C specialist tech,-4.643400000000001,872.01036,6777.29,285972,10.29,29.959999999999997,0.05901758859836303,-0.002740422708976389,High demand
7688.HK,2026Q2,2026-05,Conventional,79.9924,1724.0587,3764.63,344049,19.01,50.0,0.02656300019088929,0.021248381364696922,High demand
6872.HK,2026Q2,2026-05,18A biotech,178.732,670.3992,9015.11,275978,13.23,34.81,0.011092494134781774,0.01982583661697816,High demand
0901.HK,2026Q2,2026-05,Conventional,86.5854,629.99944,1971.99,177196,22.6,0.0,0.05071021091862545,0.04390763896473552,Middle demand
2723.HK,2026Q2,2026-05,Conventional,265.76599999999996,503.274,5480.23,232456,17.07,0.0,0.018247413965344766,0.04849542219913817,High demand
3310.HK,2026Q2,2026-05,Conventional,91.7347,1099.999952,3559.68,242444,13.99,35.370000000000005,0.028092376492180306,0.025770457297972126,High demand
3388.HK,2026Q2,2026-05,Conventional,21.276600000000002,1380.43794,3829.42,251375,12.15,49.9,0.026113586815681475,0.005556083412425285,High demand
2553.HK,2026Q2,2026-06,Conventional,44.2466,584.0,1421.54,109125,14.56,0.0,0.10551965581457974,0.04668886002965384,Middle demand
1081.HK,2026Q2,2026-06,A+H (19A),0.0,6640.703840000001,134.39,122627,22.7,42.21,0.7440766736249349,0.0,Low demand
1779.HK,2026Q2,2026-06,18A biotech,37.2059,1363.393989,4762.58,266377,5.61,49.96,0.020997007939312872,0.0078121257768928075,High demand
2290.HK,2026Q2,2026-06,Conventional,-45.752900000000004,647.5,664.92,133189,0.67,0.0,0.1964713741207906,-0.08989135133011121,Middle demand
6658.HK,2026Q2,2026-06,Conventional,193.713,499.605478,6586.73,180507,16.78,29.549999999999997,0.015182040344130308,0.029409585811825144,High demand
6675.HK,2026Q2,2026-06,Conventional,127.124,980.55252,5144.97,237930,11.25,28.860000000000003,0.019436469326334183,0.024708417266409065,High demand
1392.HK,2026Q2,2026-06,Conventional,270.833,613.17,7181.21,252640,13.22,0.0,0.010070099789705007,0.027273153363451763,High demand
6067.HK,2026Q2,2026-06,A+H (19A),22.4944,1342.72103,1563.16,209580,22.77,45.14,0.06397301859592221,0.014390346695041125,Middle demand
6132.HK,2026Q2,2026-06,18A biotech,-56.89490000000001,1112.48,2007.6,173284,9.34,45.79,0.04981068277993421,-0.02833973815696079,High demand
2335.HK,2026Q2,2026-06,18A biotech,102.74700000000001,1056.59008,1181.46,153832,19.43,42.51,0.0846410373605539,0.08696612665684832,Middle demand
6106.HK,2026Q2,2026-06,18C specialist tech,4.3307,1066.52568,5934.56,222966,6.17,43.34,0.06739858536305021,0.0029188305363176156,High demand
1688.HK,2026Q2,2026-06,A+H (19A),-4.6169,8264.2449384,96.16,162822,17.81,38.5855,1.0399468367529836,-0.0480133055060485,Low demand
1956.HK,2026Q2,2026-06,18C specialist tech,84.0198,900.46022,5966.78,195072,9.27,26.97,0.06703333244317045,0.05632127185208692,High demand
2272.HK,2026Q2,2026-06,Conventional,203.919,399.940674,2115.21,165737,20.0,0.0,0.04727672435077815,0.0964062235288633,High demand
3661.HK,2026Q2,2026-06,A+H (19A),47.0657,4600.90224,251.73,153878,19.41,49.89,0.39725226372071376,0.186969558686,Low demand
6228.HK,2026Q2,2026-06,Conventional,-6.5414,2385.18476,4.42,22329,10.6,49.94,22.617528212320096,-1.4795029904807067,Low demand
9630.HK,2026Q2,2026-06,A+H (19A),103.77499999999999,3244.7120145,1007.22,207986,10.99,49.980000000000004,0.09928339489666803,0.10303134305401725,Middle demand
1191.HK,2026Q2,2026-06,Conventional,44.7368,1531.191,1296.89,185373,14.66,49.8541,0.07710777444022664,0.03449555083577531,Middle demand
2672.HK,2026Q2,2026-06,Conventional,367.949,520.17264,242.05,44599,11.2,3.84,0.41313518636676183,1.5201267868846364,Low demand
9637.HK,2026Q2,2026-06,18A biotech,103.54,1282.67204,963.56,145729,5.11,49.78,0.10378209067006576,0.1074559766797861,Middle demand
2697.HK,2026Q2,2026-06,18A biotech,216.95700000000002,449.86514,1790.4,128208,8.29,0.0,0.05585386518053938,0.12117887027974283,Middle demand
3952.HK,2026Q2,2026-06,18C specialist tech,-14.6199,1149.28245,4571.99,182737,12.59,37.519999999999996,0.08748925522584258,-0.012790841624762959,High demand
6715.HK,2026Q2,2026-06,Conventional,50.9934,1233.13395,2134.81,179723,23.2,49.88,0.04684252071095893,0.02388659395622213,High demand
6915.HK,2026Q2,2026-06,Conventional,-12.678600000000001,405.8264,476.56,78433,23.99,12.32,0.20983840097752787,-0.02660457150633685,Middle demand
0668.HK,2026Q3,2026-07,A+H (19A),15.6867,4631.569696,27.57,36424,14.57,49.9,3.6276975521034704,0.5690660319058152,Low demand
2667.HK,2026Q3,2026-07,Conventional,-39.0909,594.84425,251.74,66390,11.31,49.769999999999996,0.3972352427107333,-0.15528283149281005,Low demand
6880.HK,2026Q3,2026-07,Conventional,0.0,5893.76148,413.63,209045,9.8,49.95,0.24176192898547927,0.0,Middle demand
7656.HK,2026Q3,2026-07,18C specialist tech,-3.0471000000000004,608.36442,3646.06,169551,14.34,0.0,0.10970355919623037,-0.003342777152268336,High demand
7687.HK,2026Q3,2026-07,Conventional,9.9864,2297.52544,157.82,110386,8.16,49.79,0.6336332530731212,0.06327715118489417,Low demand
9971.HK,2026Q3,2026-07,18C specialist tech,5.0601,865.951644,4812.72,207706,10.08,0.0,0.08311004900836357,0.004205451589872205,High demand
0537.HK,2026Q3,2026-07,A+H (19A),-37.3641,1140.405156,356.86,92738,17.2,42.11,0.2802242336172821,-0.1047032628729949,Low demand
1377.HK,2026Q3,2026-07,A+H (19A),-1.7895,4800.16,354.64,118991,12.92,41.449999999999996,0.31330125332207964,-0.005606525928198615,Low demand
1770.HK,2026Q3,2026-07,Conventional,1.7294,402.526704,1067.54,126957,20.7,0.0,0.09367330498154636,0.0016199861363508628,Middle demand
2475.HK,2026Q3,2026-07,A+H (19A),-1.5487000000000002,24266.158784,3.78,47308,22.12,48.44,26.455026455026452,-0.4097089947089947,Low demand
2797.HK,2026Q3,2026-07,Conventional,162.5,200.0,1688.1,95307,30.78,0.0,0.05923819678928974,0.09626206978259583,Middle demand
3752.HK,2026Q3,2026-07,Conventional,15.2105,875.2122,156.58,63360,11.56,31.4,0.6386511687316387,0.09714203601992591,Low demand
6951.HK,2026Q3,2026-07,A+H (19A),4.6859,7157.83929,327.49,174984,33.58,49.81,0.3053529756528742,0.014308535086118034,Low demand
2249.HK,2026Q3,2026-07,A+H (19A),0.0,6982.194099999999,344.26,195505,11.14,49.919999999999995,0.2904781269970371,0.0,Low demand
6745.HK,2026Q3,2026-07,A+H (19A),-18.6782,1225.39848,227.58,88855,28.14,31.879999999999995,0.43940592319184457,-0.08207311714561911,Low demand
3308.HK,2026Q3,2026-07,A+H (19A),-2.0408,53410.0,16.84,62731,21.09,50.0,5.936854741504442,-0.12115933156462265,Low demand
2261.HK,2026Q3,2026-08,Conventional,64.1075,600.13469,2513.54,161125,10.36,0.0,0.03978453367981302,0.02550486992878613,High demand
3223.HK,2026Q3,2026-08,A+H (19A),0.0,3128.73,927.37,141851,21.11,48.05,0.10783146336545968,0.0,Middle demand
0625.HK,2026Q3,2026-09,Conventional,-0.12359999999999999,13596.4358,5.63,35751,12.31,22.1,17.756566605912326,-0.021947116324907635,Low demand
9615.HK,2026Q3,2026-09,18C specialist tech,-1.8682,2353.398003,3835.36,252461,9.97,62.019999999999996,0.10429212693176133,-0.0019483855153391654,High demand
2041.HK,2026Q3,2026-09,Conventional,-42.9313,600.001452,436.37,57305,15.37,0.0,0.2291612607161497,-0.09838190832183237,Middle demand
9976.HK,2026Q3,2026-09,A+H (19A),-1.0169,7077.5102,40.32,36285,27.37,16.75,2.4801586358081344,-0.025220733167532917,Low demand
3231.HK,2026Q3,2026-09,18C specialist tech,153.841,650.25,140.02,27933,13.49,3.63,0.8829832887683562,1.3583903212741268,Low demand
6727.HK,2026Q3,2026-09,18C specialist tech,-9.1837,686.5292,73.86,20485,13.3,10.75,5.414931545232321,-0.49729106831950065,Low demand
9856.HK,2026Q3,2026-09,Conventional,4.6117,5669.604512,35.16,37594,17.59,47.02,2.8443077385045834,0.13117093997661586,Low demand
3228.HK,2026Q3,2026-09,A+H (19A),10.2604,5097.347684,94.25,61273,33.56,47.69,1.0609593853780612,0.10885867677733059,Low demand
3757.HK,2026Q3,2026-09,A+H (19A),-4.9541,5177.936,8.65,13075,15.46,35.199999999999996,11.556238870454523,-0.5725076298811875,Low demand
6731.HK,2026Q3,2026-09,18C specialist tech,7.4074,1080.0,208.56,43933,6.54,43.54,1.9179585556007555,0.14207086204757036,Low demand
9607.HK,2026Q3,2026-09,A+H (19A),-9.1364,2997.2228,3.39,12645,10.03,33.14,29.53157175991156,-2.69812252227256,Low demand
6802.HK,2026Q3,2026-09,Conventional,265.675,682.00088,3546.91,157315,12.75,16.13,0.02819359073488885,0.07490332218491595,High demand
