code,cohort,month,demand_group,budget,can_afford,applied_shares,applied_cost,unused_cash,exp_shares,exp_profit_hkd,budget_return,applied_return,alloc_rate,ir
6082.HK,2026Q1,2026-01,High demand,10000,1,400,7840.000000000001,2159.999999999999,15.373721479150277,228.4535011801731,0.02284535011801731,0.029139477191348608,0.03843430369787569,0.758163
2513.HK,2026Q1,2026-01,Mid demand,10000,0,0,0.0,10000.0,0.0,0.0,0.0,0.0,0.0,0.13167
9903.HK,2026Q1,2026-01,Mid demand,10000,0,0,0.0,10000.0,0.0,0.0,0.0,0.0,0.0,0.084371
2675.HK,2026Q1,2026-01,Mid demand,10000,1,200,8648.0,1352.0,0.8620382574003491,11.516831118868664,0.0011516831118868664,0.001331733478130049,0.004310191287001746,0.308973
0100.HK,2026Q1,2026-01,Mid demand,10000,1,60,9900.0,100.0,0.9569983136593592,172.25969645868466,0.017225969645868467,0.017399969339261075,0.015949971894322654,1.09091
6938.HK,2026Q1,2026-01,Low demand,10000,0,0,0.0,10000.0,0.0,0.0,0.0,0.0,0.0,0.41625
3636.HK,2026Q1,2026-01,Low demand,10000,1,200,6000.0,4000.0,14.001222369359274,109.2095344810023,0.01092095344810023,0.018201589080167047,0.07000611184679637,0.26
0501.HK,2026Q1,2026-01,Low demand,10000,0,0,0.0,10000.0,0.0,0.0,0.0,0.0,0.0,0.162214
3986.HK,2026Q1,2026-01,Mid demand,10000,0,0,0.0,10000.0,0.0,0.0,0.0,0.0,0.0,0.375309
1641.HK,2026Q1,2026-01,High demand,10000,1,500,6130.0,3870.0,5.003269613881412,0.2001307845552611,2.001307845552611e-05,3.264776257018941e-05,0.010006539227762824,0.003263
9611.HK,2026Q1,2026-01,Mid demand,10000,1,300,9300.0,700.0,0.6082355087890031,0.6690590596679042,6.690590596679042e-05,7.194183437289293e-05,0.002027451695963344,0.035484
1768.HK,2026Q1,2026-01,Mid demand,10000,0,0,0.0,10000.0,0.0,0.0,0.0,0.0,0.0,0.690617
9980.HK,2026Q1,2026-02,Low demand,10000,0,0,0.0,10000.0,0.0,0.0,0.0,0.0,0.0,0.015323
2768.HK,2026Q1,2026-02,High demand,10000,1,200,7200.0,2800.0,3.9991349624873154,16.636401443947218,0.0016636401443947217,0.0023106113116593357,0.019995674812436578,0.115556
2677.HK,2026Q1,2026-02,High demand,10000,1,150,8985.0,1015.0,0.8696563285834031,6.957250628667231,0.0006957250628667231,0.0007743183782601259,0.005797708857222687,0.133556
2714.HK,2026Q1,2026-02,Low demand,10000,1,200,7800.0,2200.0,176.00799733422193,267.5321559480179,0.026753215594801788,0.034298994352309986,0.8800399866711096,0.038974
3200.HK,2026Q1,2026-02,Mid demand,10000,1,100,9580.0,420.0,10.00015990022226,142.0022705831561,0.01420022705831561,0.014822783985715668,0.1000015990022226,0.148225
6809.HK,2026Q1,2026-02,Mid demand,10000,0,0,0.0,10000.0,0.0,0.0,0.0,0.0,0.0,0.637197
0600.HK,2026Q1,2026-02,Low demand,10000,1,300,8460.0,1540.0,41.540277903914266,0.0,0.0,0.0,0.13846759301304756,0.0
2720.HK,2026Q1,2026-02,High demand,10000,1,500,6125.0,3875.0,5.0029272446644315,62.686678375645336,0.006268667837564534,0.010234559734799238,0.010005854489328864,1.02286
0470.HK,2026Q1,2026-02,Low demand,10000,1,200,9160.0,840.0,20.002411381721725,0.0,0.0,0.0,0.10001205690860862,0.0
2706.HK,2026Q1,2026-02,High demand,10000,1,200,5412.0,4588.0,0.1214122674955077,7.957360011655573,0.0007957360011655572,0.0014703178144226854,0.0006070613374775384,2.42203
9981.HK,2026Q1,2026-02,Mid demand,10000,1,400,8036.0,1964.0,1.30001444460494,0.7670085223169144,7.670085223169143e-05,9.544655578856576e-05,0.00325003611151235,0.029368
2649.HK,2026Q1,2026-03,High demand,10000,1,500,5500.0,4500.0,0.1863054532702086,-0.8942661756970012,-8.942661756970011e-05,-0.0001625938501267275,0.00037261090654041717,-0.436364
2715.HK,2026Q1,2026-03,Low demand,10000,1,600,9216.0,784.0,29.91162474507138,-73.58259687287557,-0.007358259687287557,-0.007984222750963062,0.049852707908452296,-0.160156
2692.HK,2026Q1,2026-03,Mid demand,10000,1,100,7128.0,2872.0,4.000926140310257,6.881592961333638,0.0006881592961333637,0.0009654311112982096,0.040009261403102576,0.02413
3268.HK,2026Q1,2026-03,Low demand,10000,1,300,8658.0,1342.0,12.897154876563713,5.67474814568805,0.000567474814568805,0.000655434066261036,0.04299051625521238,0.015246
1989.HK,2026Q1,2026-03,Mid demand,10000,1,100,7188.0,2812.0,5.000361402240694,120.60871702204555,0.012060871702204556,0.016779175990824367,0.05000361402240694,0.335559
2701.HK,2026Q1,2026-03,Low demand,10000,1,800,8640.0,1360.0,80.26607538802661,36.119733924611914,0.0036119733924611912,0.004180524759793046,0.10033259423503325,0.041667
3355.HK,2026Q1,2026-03,Mid demand,10000,1,200,8320.0,1680.0,1.541901164135379,8.634646519158125,0.0008634646519158124,0.001037818091244967,0.0077095058206768955,0.134615
2632.HK,2026Q1,2026-03,Low demand,10000,1,200,8840.0,1160.0,22.72855133614627,-370.92995780590724,-0.03709299578059072,-0.041960402466731585,0.11364275668073136,-0.369231
2729.HK,2026Q1,2026-03,High demand,10000,1,600,9996.0,4.0,10.274210343630685,144.2499132245748,0.01442499132245748,0.014430763627908644,0.01712368390605114,0.842737
1021.HK,2026Q1,2026-03,High demand,10000,1,400,6800.0,3200.0,16.004813477737667,22.40673886883271,0.002240673886883271,0.003295108657181281,0.04001203369434417,0.082353
2526.HK,2026Q1,2026-03,Mid demand,10000,1,100,9900.0,100.0,1.6656692599241971,184.22302014761618,0.018422302014761617,0.018608385873496586,0.016656692599241973,1.11717
2726.HK,2026Q1,2026-03,Low demand,10000,1,100,7626.000000000001,2373.999999999999,10.499050250388532,280.7446036953893,0.02807446036953893,0.03681413633561359,0.10499050250388532,0.350643
6636.HK,2026Q1,2026-03,High demand,10000,1,250,10000.0,0.0,6.876868714324544,412.61212285947266,0.041261212285947264,0.041261212285947264,0.027507474857298177,1.5
0664.HK,2026Q1,2026-03,Low demand,10000,1,100,6000.0,4000.0,2.7787915124341795,-81.9743496168083,-0.00819743496168083,-0.013662391602801383,0.027787915124341797,-0.491667
3625.HK,2026Q1,2026-03,High demand,10000,1,200,8000.0,2000.0,5.592049856830049,223.68199427320195,0.022368199427320195,0.027960249284150245,0.027960249284150245,1.0
6656.HK,2026Q2,2026-04,Mid demand,10000,0,0,0.0,10000.0,0.0,0.0,0.0,0.0,0.0,1.03424
0068.HK,2026Q2,2026-04,Mid demand,10000,1,1000,7620.0,2380.0,17.221534831525336,189.0924524501482,0.01890924524501482,0.024815282473772727,0.017221534831525335,1.44094
3277.HK,2026Q2,2026-04,Mid demand,10000,1,200,7976.000000000001,2023.999999999999,1.583700723366006,47.7010657877841,0.00477010657877841,0.0059805749483179665,0.00791850361683003,0.755266
2476.HK,2026Q2,2026-04,Mid demand,10000,0,0,0.0,10000.0,0.0,0.0,0.0,0.0,0.0,0.500858
3296.HK,2026Q2,2026-04,Mid demand,10000,1,100,7770.0,2230.0,12.000354123323447,123.60364747023146,0.012360364747023147,0.015907805337224128,0.12000354123323448,0.132561
1879.HK,2026Q2,2026-04,High demand,10000,1,45,8244.0,1756.0,1.389833542151423,976.77501342402,0.097677501342402,0.1184831408811281,0.030885189825587175,3.83624
2493.HK,2026Q2,2026-04,Mid demand,10000,1,200,5528.0,4472.0,2.0013210967914214,0.3202113754866277,3.202113754866277e-05,5.792535736009908e-05,0.010006605483957107,0.005789
6810.HK,2026Q2,2026-04,Mid demand,10000,1,400,9944.0,56.0,5.204667531024263,311.96777180959435,0.031196777180959437,0.03137246297361166,0.013011668827560658,2.4111
1609.HK,2026Q2,2026-05,High demand,10000,1,100,9850.0,150.0,0.7555340217424219,88.01971353299216,0.008801971353299215,0.008936011526192097,0.007555340217424219,1.18274
1187.HK,2026Q2,2026-05,Mid demand,10000,1,200,7866.0,2134.0,6.648014365056166,-2.8586461769741494,-0.00028586461769741496,-0.00036341802402417356,0.033240071825280826,-0.010933
1236.HK,2026Q2,2026-05,High demand,10000,1,200,5272.0,4728.0,1.6018391486521562,53.885868960658534,0.005388586896065853,0.010221143581308522,0.008009195743260781,1.27618
7630.HK,2026Q2,2026-05,High demand,10000,1,400,8040.000000000001,1959.999999999999,3.09964039079655,67.44817490373292,0.006744817490373292,0.008389076480563794,0.007749100976991375,1.08259
7666.HK,2026Q2,2026-05,High demand,10000,1,500,5250.0,4750.0,0.7071378061585274,9.404932821908416,0.0009404932821908416,0.0017914157756016029,0.0014142756123170547,1.26667
6871.HK,2026Q2,2026-05,High demand,10000,1,300,9150.0,850.0,4.102203469292077,95.37623066104078,0.009537623066104077,0.010423631766233964,0.013674011564306922,0.762295
1511.HK,2026Q2,2026-05,High demand,10000,1,150,9045.0,955.0,3.3201121520891745,-9.296314025849679,-0.0009296314025849678,-0.0010277848563681237,0.02213408101392783,-0.046434
7688.HK,2026Q2,2026-05,High demand,10000,1,300,7917.0,2083.0,8.857655502392344,186.9851076555024,0.01869851076555024,0.02361817704376688,0.029525518341307812,0.799924
6872.HK,2026Q2,2026-05,High demand,10000,1,100,7570.0,2430.0,0.5284278887391252,71.49629334640365,0.007149629334640364,0.009444688685125976,0.0052842788873912515,1.78732
0901.HK,2026Q2,2026-05,Mid demand,10000,1,300,9840.0,160.0,3.034647550776583,86.18399044205498,0.008618399044205497,0.008758535614029977,0.010115491835921944,0.865854
2723.HK,2026Q2,2026-05,High demand,10000,1,100,5550.0,4450.0,0.999949137887188,147.49249783836024,0.014749249783836023,0.026575224835740582,0.00999949137887188,2.65766
3310.HK,2026Q2,2026-05,High demand,10000,1,400,8324.0,1676.0,6.059198301035306,115.67009556676399,0.011567009556676399,0.013895974959966842,0.015147995752588265,0.917347
3388.HK,2026Q2,2026-05,High demand,10000,1,450,8460.0,1540.0,6.576894654733557,26.30757861893423,0.002630757861893423,0.003109642862758183,0.014615321454963462,0.212766
2553.HK,2026Q2,2026-06,Mid demand,10000,1,600,8760.0,1240.0,8.708456037021456,56.2566259991586,0.00562566259991586,0.006421989269310343,0.01451409339503576,0.442466
1081.HK,2026Q2,2026-06,Low demand,10000,1,100,6640.000000000001,3359.999999999999,3.0014822134387353,0.0,0.0,0.0,0.030014822134387352,0.0
1779.HK,2026Q2,2026-06,High demand,10000,1,100,9606.0,394.0,1.2469240092555185,44.56506409079224,0.004456506409079224,0.0046392946169885735,0.012469240092555185,0.372059
2290.HK,2026Q2,2026-06,Mid demand,10000,1,1500,7770.0,2230.0,35.05859765609376,-83.0888764449422,-0.00830888764449422,-0.010693549092013154,0.02337239843739584,-0.457529
6658.HK,2026Q2,2026-06,High demand,10000,1,200,8716.0,1284.0,1.516214140199713,127.99879771565976,0.012799879771565976,0.014685497672746645,0.007581070700998564,1.93713
6675.HK,2026Q2,2026-06,High demand,10000,1,400,7344.0,2656.0,4.165225744476465,97.21636887608071,0.009721636887608071,0.013237522995109028,0.010413064361191162,1.27124
1392.HK,2026Q2,2026-06,High demand,10000,1,1000,7200.0,2800.0,11.5929203539823,226.06194690265485,0.022606194690265487,0.03139749262536873,0.011592920353982301,2.70833
6067.HK,2026Q2,2026-06,Mid demand,10000,1,1000,8980.0,1020.0,0.9650138611081868,1.9493279994385369,0.00019493279994385368,0.0002170743874653159,0.0009650138611081867,0.224944
6132.HK,2026Q2,2026-06,High demand,10000,1,100,8180.0,1820.0,1.999682590065069,-93.0652277416283,-0.00930652277416283,-0.011377167205578033,0.01999682590065069,-0.568949
2335.HK,2026Q2,2026-06,Mid demand,10000,1,400,7280.0,2720.0,7.9025140682563455,147.77701307639364,0.014777701307639364,0.02029904025774638,0.019756285170640864,1.02747
6106.HK,2026Q2,2026-06,High demand,10000,1,50,5080.0,4920.0,2.499787433041408,10.99906470538221,0.0010999064705382211,0.002165170217594923,0.04999574866082816,0.043307
1688.HK,2026Q2,2026-06,Low demand,10000,1,660,6718.8,3281.2,8.10296664618135,-3.8083943237052256,-0.0003808394323705226,-0.0005668265648189001,0.012277222191183865,-0.046169
1956.HK,2026Q2,2026-06,High demand,10000,0,0,0.0,10000.0,0.0,0.0,0.0,0.0,0.0,0.840198
2272.HK,2026Q2,2026-06,High demand,10000,1,240,9492.0,508.0,2.1316740264953835,171.9195102368527,0.01719195102368527,0.018112042797814233,0.008881975110397431,2.03919
3661.HK,2026Q2,2026-06,Low demand,10000,1,100,8520.0,1480.0,10.0,400.99999999999994,0.0401,0.04706572769953051,0.1,0.470657
6228.HK,2026Q2,2026-06,Low demand,10000,1,300,7980.0,2020.0,167.4660271782574,-291.3908872901682,-0.029139088729016823,-0.036515148783229104,0.5582200905941913,-0.065414
9630.HK,2026Q2,2026-06,Mid demand,10000,0,0,0.0,10000.0,0.0,0.0,0.0,0.0,0.0,1.03775
1191.HK,2026Q2,2026-06,Mid demand,10000,1,50,5700.0,4300.0,1.9999753241786036,101.99874153310878,0.010199874153310879,0.017894516058440137,0.03999950648357207,0.447368
2672.HK,2026Q2,2026-06,Low demand,10000,1,600,9360.0,640.0,32.602739726027394,1871.3972602739723,0.18713972602739723,0.19993560473012525,0.05433789954337899,3.67949
9637.HK,2026Q2,2026-06,Mid demand,10000,1,400,9040.0,960.0,11.440403778956904,267.70544842759153,0.026770544842759154,0.029613434560574286,0.02860100944739226,1.0354
2697.HK,2026Q2,2026-06,Mid demand,10000,1,60,7572.0,2428.0,0.6617326948193296,181.18241184153246,0.018118241184153245,0.02392794662460809,0.011028878246988828,2.16957
3952.HK,2026Q2,2026-06,High demand,10000,1,100,8550.0,1450.0,5.001107489795273,-62.51384362244091,-0.006251384362244091,-0.007311560657595428,0.05001107489795273,-0.146199
6715.HK,2026Q2,2026-06,High demand,10000,1,100,7550.0,2450.0,3.0012311203194906,115.54739813230039,0.011554739813230039,0.015304291143351044,0.030012311203194905,0.509934
6915.HK,2026Q2,2026-06,Mid demand,10000,1,500,5600.0,4400.0,10.008430215460622,-14.211970905954082,-0.0014211970905954083,-0.0025378519474918006,0.020016860430921244,-0.126786
0668.HK,2026Q3,2026-07,Low demand,10000,1,100,9932.0,68.0,29.998785965764235,467.38108534660716,0.04673810853466072,0.0470581036394087,0.29998785965764235,0.156867
2667.HK,2026Q3,2026-07,Low demand,10000,1,1500,8250.0,1750.0,55.64017561150435,-119.62637756473434,-0.011962637756473434,-0.014500166977543557,0.037093450407669565,-0.390909
6880.HK,2026Q3,2026-07,Mid demand,10000,1,20,5912.0,4088.0,1.000046032038299,0.0,0.0,0.0,0.05000230160191495,0.0
7656.HK,2026Q3,2026-07,High demand,10000,1,400,8664.0,1336.0,8.085151376308461,-5.336199908363586,-0.0005336199908363585,-0.0006159048832367943,0.020212878440771152,-0.030471
7687.HK,2026Q3,2026-07,Low demand,10000,1,100,8792.0,1208.0,6.000923865115693,52.68811153571579,0.005268811153571579,0.005992733341186964,0.06000923865115693,0.099864
9971.HK,2026Q3,2026-07,High demand,10000,1,200,6324.0,3676.0,0.3384128636937063,0.5414605819099294,5.414605819099294e-05,8.56199528636827e-05,0.0016920643184685316,0.050601
0537.HK,2026Q3,2026-07,Low demand,10000,1,200,9196.0,804.0,9.891155024833562,-169.93004332664057,-0.01699300433266406,-0.018478691096850866,0.04945577512416781,-0.373641
1377.HK,2026Q3,2026-07,Low demand,10000,0,0,0.0,10000.0,0.0,0.0,0.0,0.0,0.0,-0.017895
1770.HK,2026Q3,2026-07,Mid demand,10000,1,100,7864.0,2136.0,1.9029904135069395,2.5880669623694366,0.0002588066962369437,0.00032910312339387544,0.019029904135069397,0.017294
2475.HK,2026Q3,2026-07,Low demand,10000,1,100,6328.0,3672.0,100.0,-98.0000000000004,-0.00980000000000004,-0.015486725663716876,1.0,-0.015487
2797.HK,2026Q3,2026-07,Mid demand,10000,1,1000,8000.0,2000.0,0.9863322530646752,12.822319289840777,0.0012822319289840778,0.001602789911230097,0.0009863322530646753,1.625
3752.HK,2026Q3,2026-07,Low demand,10000,1,200,7600.0,2400.0,12.75876288659794,73.74564948453612,0.007374564948453612,0.009703374932175804,0.0637938144329897,0.152105
6951.HK,2026Q3,2026-07,Low demand,10000,0,0,0.0,10000.0,0.0,0.0,0.0,0.0,0.0,0.046859
2249.HK,2026Q3,2026-07,Low demand,10000,1,300,9690.0,310.0,11.397580782554376,0.0,0.0,0.0,0.037991935941847924,0.0
6745.HK,2026Q3,2026-07,Low demand,10000,1,2000,6960.0,3040.0,73.90972421032541,-48.041320736711505,-0.004804132073671151,-0.006902488611596481,0.0369548621051627,-0.186782
3308.HK,2026Q3,2026-07,Low demand,10000,0,0,0.0,10000.0,0.0,0.0,0.0,0.0,0.0,-0.020408
2261.HK,2026Q3,2026-08,High demand,10000,1,900,9378.0,622.0,14.406481155336389,96.2352941176471,0.00962352941176471,0.010261814258652921,0.016007201283707098,0.641075
3223.HK,2026Q3,2026-08,Mid demand,10000,1,100,10000.0,0.0,0.2653260717776847,0.0,0.0,0.0,0.002653260717776847,0.0
0625.HK,2026Q3,2026-09,Low demand,10000,1,200,9712.0,288.0,36.82830930537352,-2.2096985583224953,-0.00022096985583224953,-0.0002275225039458912,0.18414154652686762,-0.001236
9615.HK,2026Q3,2026-09,High demand,10000,1,90,9153.0,847.0,1.6768654671659513,-3.186044387615317,-0.0003186044387615317,-0.00034808744538570056,0.018631838524066125,-0.018682
2041.HK,2026Q3,2026-09,Mid demand,10000,1,600,9252.0,748.0,13.063763608087092,-86.48211508553653,-0.008648211508553653,-0.009347396788319988,0.02177293934681182,-0.429313
9976.HK,2026Q3,2026-09,Low demand,10000,0,0,0.0,10000.0,0.0,0.0,0.0,0.0,0.0,-0.010169
3231.HK,2026Q3,2026-09,Low demand,10000,1,600,8670.0,1330.0,49.63981663392273,1103.4931237721023,0.11034931237721023,0.12727717690566348,0.08273302772320455,1.53841
6727.HK,2026Q3,2026-09,Low demand,10000,1,200,9800.0,200.0,15.91417076441663,-71.61376843987483,-0.007161376843987483,-0.0073075273918239625,0.07957085382208315,-0.091837
9856.HK,2026Q3,2026-09,Low demand,10000,1,300,9888.0,112.0,12.031408308004051,18.28774062816611,0.0018287740628166109,0.00184948833213654,0.04010469436001351,0.046117
3228.HK,2026Q3,2026-09,Low demand,10000,1,100,6988.0,3012.0,3.003274732850741,21.53347983453982,0.0021533479834539818,0.0030814939660188637,0.03003274732850741,0.102604
3757.HK,2026Q3,2026-09,Low demand,10000,0,0,0.0,10000.0,0.0,0.0,0.0,0.0,0.0,-0.049541
6731.HK,2026Q3,2026-09,Low demand,10000,1,400,8640.0,1360.0,96.007371007371,153.61179361179342,0.015361179361179342,0.017779142779142755,0.2400184275184275,0.074074
9607.HK,2026Q3,2026-09,Low demand,10000,1,200,8800.0,1200.0,149.7376705141658,-601.9454354669471,-0.060194543546694707,-0.06840289039397125,0.7486883525708291,-0.091364
6802.HK,2026Q3,2026-09,High demand,10000,1,100,5885.0,4115.0,2.001400805463142,312.9190159341622,0.031291901593416216,0.05317230517148041,0.020014008054631417,2.65675
6082.HK,2026Q1,2026-01,High demand,50000,1,2000,39200.0,10800.0,36.90445751299753,548.4002386431433,0.010968004772862866,0.013989802006202636,0.018452228756498764,0.758163
2513.HK,2026Q1,2026-01,Mid demand,50000,1,400,46480.0,3520.0,10.746049246600515,164.41455347298785,0.003288291069459757,0.0035373182760969845,0.02686512311650129,0.13167
9903.HK,2026Q1,2026-01,Mid demand,50000,1,300,43380.0,6620.0,7.839021171954657,95.63605829784696,0.0019127211659569392,0.002204611763435845,0.02613007057318219,0.084371
2675.HK,2026Q1,2026-01,Mid demand,50000,1,1000,43240.0,6760.0,3.003274246358812,40.12374393135372,0.0008024748786270745,0.0009279311732505486,0.0030032742463588116,0.308973
0100.HK,2026Q1,2026-01,Mid demand,50000,1,300,49500.0,500.0,3.011948118331097,542.1506612995975,0.01084301322599195,0.01095253861211308,0.010039827061103658,1.09091
6938.HK,2026Q1,2026-01,Low demand,50000,1,800,46376.0,3624.0,13.321596244131456,321.450117370892,0.00642900234741784,0.0069313894551253225,0.01665199530516432,0.41625
3636.HK,2026Q1,2026-01,Low demand,50000,1,1600,48000.0,2000.0,21.117400935269504,164.71572729510208,0.003294314545902042,0.0034315776519812935,0.01319837558454344,0.26
0501.HK,2026Q1,2026-01,Low demand,50000,1,400,41920.0,8080.0,157.5043630017452,2677.5741710296684,0.05355148342059337,0.06387342965242529,0.393760907504363,0.162214
3986.HK,2026Q1,2026-01,Mid demand,50000,1,300,48600.0,1400.0,3.8459056591598375,233.83106407691815,0.004676621281538363,0.004811338767014776,0.012819685530532792,0.375309
1641.HK,2026Q1,2026-01,High demand,50000,1,4000,49040.0,960.0,13.08277830637488,0.5233111322550072,1.0466222645100145e-05,1.0671107917108631e-05,0.00327069457659372,0.003263
9611.HK,2026Q1,2026-01,Mid demand,50000,1,1000,31000.0,19000.0,2.02609459289926,2.228704052189189,4.457408104378378e-05,7.189367910287707e-05,0.00202609459289926,0.035484
1768.HK,2026Q1,2026-01,Mid demand,50000,1,200,47320.0,2680.0,3.517252220388273,574.7190128114438,0.011494380256228877,0.012145372206497121,0.017586261101941364,0.690617
9980.HK,2026Q1,2026-02,Low demand,50000,1,200,49600.0,400.0,20.009608455440787,76.03651213067522,0.0015207302426135045,0.001532994196182968,0.10004804227720393,0.015323
2768.HK,2026Q1,2026-02,High demand,50000,1,1000,36000.0,14000.0,5.636395007764421,23.447403232299973,0.00046894806464599945,0.000651316756452777,0.005636395007764422,0.115556
2677.HK,2026Q1,2026-02,High demand,50000,1,800,47920.0,2080.0,1.9792648444863337,15.834118755890684,0.00031668237511781364,0.00033042818772726804,0.002474081055607917,0.133556
2714.HK,2026Q1,2026-02,Low demand,50000,1,1000,39000.0,11000.0,653.74925014997,993.6988602279564,0.019873977204559128,0.025479457954562985,0.65374925014997,0.038974
3200.HK,2026Q1,2026-02,Mid demand,50000,1,500,47900.0,2100.0,14.98738568274992,212.82087669504892,0.004256417533900978,0.004443024565658642,0.02997477136549984,0.148225
6809.HK,2026Q1,2026-02,Mid demand,50000,1,400,42756.0,7244.0,7.601115760111576,517.7119944211995,0.01035423988842399,0.012108522649948534,0.01900278940027894,0.637197
0600.HK,2026Q1,2026-02,Low demand,50000,1,1000,28200.0,21800.0,69.99767333643555,0.0,0.0,0.0,0.06999767333643556,0.0
2720.HK,2026Q1,2026-02,High demand,50000,1,4000,49000.0,1000.0,11.994949494949497,150.2967171717172,0.003005934343434344,0.003067279942279943,0.002998737373737374,1.02286
0470.HK,2026Q1,2026-02,Low demand,50000,1,1000,45800.0,4200.0,62.36001092597651,0.0,0.0,0.0,0.06236001092597651,0.0
2706.HK,2026Q1,2026-02,High demand,50000,1,1800,48708.0,1292.0,1.0686395396629675,70.03863542951089,0.0014007727085902177,0.0014379287884846615,0.000593688633146093,2.42203
9981.HK,2026Q1,2026-02,Mid demand,50000,1,2000,40180.0,9820.0,6.59198222386816,3.8892695120822136,7.778539024164427e-05,9.679615510408695e-05,0.00329599111193408,0.029368
2649.HK,2026Q1,2026-03,High demand,50000,1,4500,49500.0,500.0,1.6375545851528384,-7.860262008733624,-0.0001572052401746725,-0.00015879317189360857,0.00036390101892285295,-0.436364
2715.HK,2026Q1,2026-03,Low demand,50000,1,3000,46080.0,3920.0,143.94213381555153,-354.0976491862566,-0.0070819529837251325,-0.007684410789632305,0.04798071127185051,-0.160156
2692.HK,2026Q1,2026-03,Mid demand,50000,1,700,49896.0,104.0,5.841708542713568,10.04773869346733,0.0002009547738693466,0.0002013736310218721,0.00834529791816224,0.02413
3268.HK,2026Q1,2026-03,Low demand,50000,1,1500,43290.0,6710.0,52.47907276239536,23.090792015454028,0.00046181584030908053,0.000533397828954817,0.034986048508263576,0.015246
1989.HK,2026Q1,2026-03,Mid demand,50000,1,600,43128.0,6872.0,9.287291075370543,224.00946073793756,0.0044801892147587515,0.005194060952001891,0.015478818458950905,0.335559
2701.HK,2026Q1,2026-03,Low demand,50000,1,4000,43200.0,6800.0,112.55006675567424,50.647530040053326,0.0010129506008010665,0.0011723965287049381,0.02813751668891856,0.041667
3355.HK,2026Q1,2026-03,Mid demand,50000,1,1000,41600.0,8400.0,4.2023961564191445,23.533418475947215,0.0004706683695189443,0.0005657071749025773,0.004202396156419145,0.134615
2632.HK,2026Q1,2026-03,Low demand,50000,1,1000,44200.0,5800.0,36.82564503518374,-600.9945269741988,-0.012019890539483977,-0.013597161243760154,0.03682564503518374,-0.369231
2729.HK,2026Q1,2026-03,High demand,50000,1,3000,49980.0,20.0,11.639762107051826,163.42225998300762,0.0032684451996601526,0.0032697531009005126,0.003879920702350609,0.842737
1021.HK,2026Q1,2026-03,High demand,50000,1,2000,34000.0,16000.0,35.00487533082602,49.006825463156375,0.0009801365092631275,0.0014413772195045992,0.01750243766541301,0.082353
2526.HK,2026Q1,2026-03,Mid demand,50000,1,500,49500.0,500.0,2.15583615645211,238.43547890360333,0.004768709578072066,0.004816878361688956,0.00431167231290422,1.11717
2726.HK,2026Q1,2026-03,Low demand,50000,1,600,45756.0,4244.0,18.8953488372093,505.2616279069766,0.010105232558139533,0.011042521809314115,0.031492248062015504,0.350643
6636.HK,2026Q1,2026-03,High demand,50000,1,1000,40000.0,10000.0,9.03477573602055,542.086544161233,0.01084173088322466,0.013552163604030824,0.009034775736020548,1.5
0664.HK,2026Q1,2026-03,Low demand,50000,1,800,48000.0,2000.0,20.12987012987013,-593.8311688311688,-0.011876623376623376,-0.012371482683982684,0.025162337662337664,-0.491667
3625.HK,2026Q1,2026-03,High demand,50000,1,1000,40000.0,10000.0,6.746591443347437,269.8636577338975,0.00539727315467795,0.006746591443347438,0.0067465914433474375,1.0
6656.HK,2026Q2,2026-04,Mid demand,50000,1,100,32420.0,17580.0,2.000876920938091,670.8940315905419,0.013417880631810838,0.020693831942953173,0.02000876920938091,1.03424
0068.HK,2026Q2,2026-04,Mid demand,50000,1,5000,38100.0,11900.0,20.238095238095237,222.21428571428572,0.004444285714285715,0.0058323959505061865,0.004047619047619047,1.44094
3277.HK,2026Q2,2026-04,Mid demand,50000,1,1000,39880.0,10120.0,4.581223998797053,137.9864668437672,0.0027597293368753443,0.003460041796483631,0.004581223998797053,0.755266
2476.HK,2026Q2,2026-04,Mid demand,50000,1,200,41976.0,8024.0,1.426215625974952,149.92378660248698,0.00299847573204974,0.0035716549123901036,0.00713107812987476,0.500858
3296.HK,2026Q2,2026-04,Mid demand,50000,1,600,46620.0,3380.0,19.524886877828056,201.10633484162892,0.004022126696832579,0.004313735196088136,0.032541478129713426,0.132561
1879.HK,2026Q2,2026-04,High demand,50000,1,150,27480.0,22520.0,2.2352216748768474,1570.9137931034484,0.03141827586206897,0.05716571299503087,0.014901477832512316,3.83624
2493.HK,2026Q2,2026-04,Mid demand,50000,1,1800,49752.0,248.0,11.556982343499197,1.8491171749598732,3.698234349919746e-05,3.716669028300115e-05,0.006420545746388443,0.005789
6810.HK,2026Q2,2026-04,Mid demand,50000,1,2000,49720.0,280.0,5.42310715221378,325.06104270369394,0.006501220854073879,0.006537832717290707,0.0027115535761068903,2.4111
1609.HK,2026Q2,2026-05,High demand,50000,1,500,49250.0,750.0,0.8350730688935282,97.28601252609603,0.0019457202505219207,0.0019753505081440818,0.0016701461377870562,1.18274
1187.HK,2026Q2,2026-05,Mid demand,50000,1,1000,39330.0,10670.0,12.870206087075202,-5.534188617442333,-0.00011068377234884666,-0.00014071163532779896,0.012870206087075202,-0.010933
1236.HK,2026Q2,2026-05,High demand,50000,1,1800,47448.0,2552.0,4.026845637583893,135.46308724832215,0.0027092617449664433,0.0028549799200877205,0.002237136465324385,1.27618
7630.HK,2026Q2,2026-05,High demand,50000,1,2000,40200.0,9800.0,3.906683947417145,85.00944269579706,0.0017001888539159413,0.0021146627536267927,0.0019533419737085725,1.08259
7666.HK,2026Q2,2026-05,High demand,50000,1,4500,47250.0,2750.0,6.346205779098028,84.40453686200378,0.0016880907372400756,0.0017863394044868525,0.0014102679509106729,1.26667
6871.HK,2026Q2,2026-05,High demand,50000,1,1500,45750.0,4250.0,6.483790523690773,150.74812967581047,0.0030149625935162096,0.003295041085810065,0.0043225270157938485,0.762295
1511.HK,2026Q2,2026-05,High demand,50000,1,800,48240.0,1760.0,5.111437341518751,-14.312024556252487,-0.00028624049112504975,-0.0002966837594579703,0.006389296676898438,-0.046434
7688.HK,2026Q2,2026-05,High demand,50000,1,1500,39585.0,10415.0,10.282415353409268,217.06178811046965,0.004341235762209393,0.005483435344460519,0.006854943568939512,0.799924
6872.HK,2026Q2,2026-05,High demand,50000,1,600,45420.0,4580.0,1.0867034075913995,147.03097104711637,0.0029406194209423272,0.0032371415906454508,0.001811172345985666,1.78732
0901.HK,2026Q2,2026-05,Mid demand,50000,1,1500,49199.99999999999,800.0000000000073,5.5830806773644905,158.55949123715158,0.0031711898247430317,0.0032227538869339756,0.00372205378490966,0.865854
2723.HK,2026Q2,2026-05,High demand,50000,1,900,49950.0,50.0,1.1374876360039563,167.77942631058355,0.003355588526211671,0.0033589474736853563,0.001263875151115507,2.65766
3310.HK,2026Q2,2026-05,High demand,50000,1,2000,41620.0,8380.0,6.502940159114493,124.14112763749567,0.0024828225527499135,0.0029827277183444418,0.0032514700795572464,0.917347
3388.HK,2026Q2,2026-05,High demand,50000,1,1500,28200.0,21800.0,9.95947804751106,39.83791219004424,0.0007967582438008848,0.0014126919216327746,0.00663965203167404,0.212766
2553.HK,2026Q2,2026-06,Mid demand,50000,1,3000,43800.0,6200.0,21.650399290150844,139.86157941437443,0.0027972315882874885,0.0031931867446204206,0.0072167997633836144,0.442466
1081.HK,2026Q2,2026-06,Low demand,50000,1,700,46480.00000000001,3519.9999999999927,15.325797872340424,0.0,0.0,0.0,0.021893996960486318,0.0
1779.HK,2026Q2,2026-06,High demand,50000,1,500,48030.0,1970.0,2.074468085106383,74.14148936170214,0.0014828297872340429,0.0015436495807141816,0.0041489361702127655,0.372059
2290.HK,2026Q2,2026-06,Mid demand,50000,1,9000,46620.0,3380.0,61.01190476190476,-144.59821428571425,-0.002891964285714285,-0.0031016347980633687,0.006779100529100529,-0.457529
6658.HK,2026Q2,2026-06,High demand,50000,1,1000,43580.0,6420.0,1.6478044363965596,139.10765052059756,0.002782153010411951,0.0031920066663744277,0.0016478044363965596,1.93713
6675.HK,2026Q2,2026-06,High demand,50000,1,2000,36720.0,13280.0,7.560359893844262,176.45879992232508,0.0035291759984465015,0.0048055228737016635,0.003780179946922131,1.27124
1392.HK,2026Q2,2026-06,High demand,50000,1,6000,43200.0,6800.0,16.97279702394792,330.9695419669844,0.006619390839339688,0.007661331989976491,0.00282879950399132,2.70833
6067.HK,2026Q2,2026-06,Mid demand,50000,1,5000,44900.0,5100.0,4.859700181209159,9.8165943660425,0.00019633188732085,0.00021863239122589087,0.0009719400362418318,0.224944
6132.HK,2026Q2,2026-06,High demand,50000,1,600,49080.0,920.0,3.7449879711307137,-174.29174017642342,-0.0034858348035284683,-0.003551176450212376,0.0062416466185511894,-0.568949
2335.HK,2026Q2,2026-06,Mid demand,50000,1,2000,36400.0,13600.0,14.943768294561702,279.4484671083038,0.005588969342166076,0.007677155689788566,0.0074718841472808505,1.02747
6106.HK,2026Q2,2026-06,High demand,50000,1,450,45720.0,4280.0,4.449871116537783,19.57943291276627,0.00039158865825532536,0.00042824656414624385,0.009888602481195073,0.043307
1688.HK,2026Q2,2026-06,Low demand,50000,1,4620,47031.6,2968.4000000000015,56.695141119387685,-26.64671632611215,-0.0005329343265222429,-0.0005665704829542722,0.012271675566967032,-0.046169
1956.HK,2026Q2,2026-06,High demand,50000,1,800,48560.0,1440.0,1.17012617012617,59.676434676434674,0.0011935286935286936,0.0012289216366646349,0.0014626577126577126,0.840198
2272.HK,2026Q2,2026-06,High demand,50000,1,1200,47460.0,2540.0,4.144099378881988,334.2216149068323,0.006684432298136646,0.007042174776797984,0.003453416149068323,2.03919
3661.HK,2026Q2,2026-06,Low demand,50000,1,500,42600.0,7400.0,16.293522428491755,653.3702493825193,0.013067404987650386,0.015337329797711722,0.03258704485698351,0.470657
6228.HK,2026Q2,2026-06,Low demand,50000,1,1000,26600.0,23400.0,300.0,-522.0000000000006,-0.010440000000000012,-0.01962406015037596,0.3,-0.065414
9630.HK,2026Q2,2026-06,Mid demand,50000,1,150,37909.5,12090.5,2.252679307502061,590.8102019785655,0.01181620403957131,0.015584753214327951,0.015017862050013738,1.03775
1191.HK,2026Q2,2026-06,Mid demand,50000,1,400,45600.0,4400.0,3.723404255319149,189.89361702127658,0.003797872340425532,0.004164333706606942,0.009308510638297872,0.447368
2672.HK,2026Q2,2026-06,Low demand,50000,1,3000,46800.0,3200.0,64.57680250783699,3706.708463949843,0.07413416927899687,0.07920317230662058,0.021525600835945662,3.67949
9637.HK,2026Q2,2026-06,Mid demand,50000,1,2000,45200.0,4800.0,20.16221156042952,471.7957505140507,0.009435915010281015,0.010437959082169265,0.010081105780214759,1.0354
2697.HK,2026Q2,2026-06,Mid demand,50000,1,300,37860.0,12140.0,1.3816807011514003,378.30417597525343,0.007566083519505069,0.009992186370186304,0.0046056023371713346,2.16957
3952.HK,2026Q2,2026-06,High demand,50000,1,500,42750.0,7250.0,7.05349561279366,-88.16869515992074,-0.0017633739031984149,-0.002062425617775924,0.01410699122558732,-0.146199
6715.HK,2026Q2,2026-06,High demand,50000,1,600,45300.0,4700.0,4.451988360814743,171.4015518913676,0.003428031037827352,0.003783698717248733,0.007419980601357904,0.509934
6915.HK,2026Q2,2026-06,Mid demand,50000,1,4000,44800.0,5200.0,29.8372513562387,-42.36889692585895,-0.000847377938517179,-0.0009457343063807801,0.007459312839059675,-0.126786
0668.HK,2026Q3,2026-07,Low demand,50000,1,500,49660.0,340.0,54.981549815498155,856.6125461254619,0.017132250922509237,0.017249547847874788,0.1099630996309963,0.156867
2667.HK,2026Q3,2026-07,Low demand,50000,1,9000,49500.0,500.0,116.50485436893204,-250.48543689320388,-0.005009708737864078,-0.005060311856428361,0.012944983818770227,-0.390909
6880.HK,2026Q3,2026-07,Mid demand,50000,1,160,47296.0,2704.0,2.9605560068598247,0.0,0.0,0.0,0.018503475042873904,0.0
7656.HK,2026Q3,2026-07,High demand,50000,1,2000,43320.0,6680.0,16.15714668812014,-10.663716814159294,-0.00021327433628318587,-0.0002461615146389495,0.008078573344060069,-0.030471
7687.HK,2026Q3,2026-07,Low demand,50000,1,500,43960.0,6040.0,9.500446030330062,83.41391614629795,0.001668278322925959,0.001897495817704685,0.019000892060660125,0.099864
9971.HK,2026Q3,2026-07,High demand,50000,1,1400,44268.0,5732.0,2.3706896551724137,3.7931034482758568,7.586206896551713e-05,8.568499702439362e-05,0.0016933497536945812,0.050601
0537.HK,2026Q3,2026-07,Low demand,50000,1,1000,45980.0,4020.0,16.17494824016563,-277.8856107660455,-0.00555771221532091,-0.00604361919891356,0.01617494824016563,-0.373641
1377.HK,2026Q3,2026-07,Low demand,50000,1,100,38000.0,12000.0,3.001409382460379,-20.409583800730612,-0.00040819167601461226,-0.0005370943105455424,0.03001409382460379,-0.017895
1770.HK,2026Q3,2026-07,Mid demand,50000,1,600,47184.0,2816.0,2.992957746478873,4.070422535211265,8.14084507042253e-05,8.626700863028284e-05,0.004988262910798122,0.017294
2475.HK,2026Q3,2026-07,Low demand,50000,1,700,44296.0,5704.0,389.78906999041226,-381.9932885906056,-0.007639865771812112,-0.008623651990938359,0.5568415285577318,-0.015487
2797.HK,2026Q3,2026-07,Mid demand,50000,1,5000,40000.0,10000.0,4.472843450479234,58.146964856230035,0.0011629392971246007,0.001453674121405751,0.0008945686900958467,1.625
3752.HK,2026Q3,2026-07,Low demand,50000,1,1000,38000.0,12000.0,22.48013383521539,129.93517356754498,0.0025987034713508997,0.003419346672830131,0.02248013383521539,0.152105
6951.HK,2026Q3,2026-07,Low demand,50000,1,400,40120.0,9880.0,2.7619773646865653,12.981293614026864,0.0002596258722805373,0.000323561655384518,0.006904943411716413,0.046859
2249.HK,2026Q3,2026-07,Low demand,50000,1,1000,32299.999999999996,17700.000000000004,25.91851920751558,0.0,0.0,0.0,0.02591851920751558,0.0
6745.HK,2026Q3,2026-07,Low demand,50000,1,10000,34800.0,15200.0,183.0330627598495,-118.97149079390216,-0.0023794298158780433,-0.0034187209998247747,0.018303306275984952,-0.186782
3308.HK,2026Q3,2026-07,Low demand,50000,1,50,49000.0,1000.0,34.99915297306455,-699.983059461291,-0.013999661189225819,-0.01428536856043451,0.6999830594612909,-0.020408
2261.HK,2026Q3,2026-08,High demand,50000,1,4500,46890.0,3110.0,22.112676056338028,147.71267605633807,0.0029542535211267615,0.0031501956932467063,0.0049139280125195615,0.641075
3223.HK,2026Q3,2026-08,Mid demand,50000,1,500,50000.0,0.0,1.332741003998223,0.0,0.0,0.0,0.0026654820079964462,0.0
0625.HK,2026Q3,2026-09,Low demand,50000,1,1000,48560.0,1440.0,183.38723904733905,-11.00323434284076,-0.0002200646868568152,-0.00022659049305685255,0.18338723904733906,-0.001236
9615.HK,2026Q3,2026-09,High demand,50000,1,450,45765.0,4235.0,4.167603051629309,-7.9184457980957115,-0.00015836891596191424,-0.00017302405327424258,0.009261340114731799,-0.018682
2041.HK,2026Q3,2026-09,Mid demand,50000,1,3000,46260.0,3740.0,30.814294083186876,-203.9906268306971,-0.004079812536613942,-0.004409654708834784,0.010271431361062292,-0.429313
9976.HK,2026Q3,2026-09,Low demand,50000,1,200,47200.0,2800.0,5.6521739130434785,-13.56521739130438,-0.0002713043478260876,-0.0002873986735445843,0.02826086956521739,-0.010169
3231.HK,2026Q3,2026-09,Low demand,50000,1,3000,43350.0,6650.0,51.298701298701296,1140.3701298701299,0.022807402597402597,0.02630611602929942,0.017099567099567097,1.53841
6727.HK,2026Q3,2026-09,Low demand,50000,1,1000,49000.0,1000.0,63.00813008130081,-283.5365853658537,-0.005670731707317074,-0.005786460925833748,0.06300813008130081,-0.091837
9856.HK,2026Q3,2026-09,Low demand,50000,1,1000,32960.0,17040.0,39.63737093931,60.24880382775105,0.001204976076555021,0.001827937009337107,0.03963737093931,0.046117
3228.HK,2026Q3,2026-09,Low demand,50000,1,700,48916.0,1084.0,16.50893796004206,118.3690851735016,0.0023673817034700322,0.0024198439196480006,0.023584197085774375,0.102604
3757.HK,2026Q3,2026-09,Low demand,50000,1,100,43600.0,6400.0,20.568561872909697,-444.28093645484995,-0.008885618729097,-0.01018992973520298,0.20568561872909696,-0.049541
6731.HK,2026Q3,2026-09,Low demand,50000,1,2000,43200.0,6800.0,150.03194888178913,240.05111821086228,0.004801022364217246,0.005556738847473664,0.07501597444089457,0.074074
9607.HK,2026Q3,2026-09,Low demand,50000,1,1000,44000.0,6000.0,381.913499344692,-1535.292267365663,-0.03070584534731326,-0.034893006076492344,0.381913499344692,-0.091364
6802.HK,2026Q3,2026-09,High demand,50000,1,800,47080.0,2920.0,3.524480853495904,551.0525814440846,0.011021051628881692,0.011704600285558297,0.00440560106686988,2.65675
6082.HK,2026Q1,2026-01,High demand,100000,1,5000,98000.0,2000.0,60.242261103633915,895.1999999999999,0.008952,0.009134693877551019,0.012048452220726783,0.758163
2513.HK,2026Q1,2026-01,Mid demand,100000,1,800,92960.0,7040.0,15.769944341372913,241.28014842300553,0.0024128014842300554,0.00259552655360376,0.01971243042671614,0.13167
9903.HK,2026Q1,2026-01,Mid demand,100000,1,600,86760.0,13240.0,7.937658571946358,96.8394345777457,0.000968394345777457,0.0011161760555295725,0.01322943095324393,0.084371
2675.HK,2026Q1,2026-01,Mid demand,100000,1,2000,86480.0,13520.0,5.149286023366508,68.79446127217655,0.0006879446127217655,0.0007954956206310886,0.002574643011683254,0.308973
0100.HK,2026Q1,2026-01,Mid demand,100000,1,600,99000.0,1000.0,4.935270805812418,888.3487450462352,0.008883487450462352,0.008973219646931669,0.008225451343020697,1.09091
6938.HK,2026Q1,2026-01,Low demand,100000,1,1600,92752.0,7248.0,25.806451612903224,622.7096774193546,0.006227096774193547,0.006713706199535909,0.016129032258064516,0.41625
3636.HK,2026Q1,2026-01,Low demand,100000,1,3000,90000.0,10000.0,26.926333615580017,210.02540220152406,0.0021002540220152405,0.002333615580016934,0.008975444538526672,0.26
0501.HK,2026Q1,2026-01,Low demand,100000,1,900,94320.0,5680.0,200.0,3400.0,0.034,0.03604749787955895,0.2222222222222222,0.162214
3986.HK,2026Q1,2026-01,Mid demand,100000,1,600,97200.0,2800.0,5.911330049261084,359.40886699507394,0.0035940886699507395,0.0036976220884266868,0.009852216748768473,0.375309
1641.HK,2026Q1,2026-01,High demand,100000,1,8000,98080.0,1920.0,18.012422360248447,0.7204968944099546,7.2049689440995455e-06,7.346012381830695e-06,0.0022515527950310557,0.003263
9611.HK,2026Q1,2026-01,Mid demand,100000,1,3000,93000.0,7000.0,6.083333333333333,6.691666666666675,6.691666666666676e-05,7.195340501792124e-05,0.0020277777777777777,0.035484
1768.HK,2026Q1,2026-01,Mid demand,100000,1,400,94640.0,5360.0,3.5287958115183247,576.6052356020942,0.005766052356020943,0.00609261660610835,0.008821989528795812,0.690617
9980.HK,2026Q1,2026-02,Low demand,100000,1,400,99200.0,800.0,26.012918379330593,98.84908984145655,0.0009884908984145655,0.0009964625992082313,0.06503229594832648,0.015323
2768.HK,2026Q1,2026-02,High demand,100000,1,2000,72000.0,28000.0,6.029362322088984,25.082147259890153,0.0002508214725989015,0.0003483631563873632,0.003014681161044492,0.115556
2677.HK,2026Q1,2026-02,High demand,100000,1,1500,89850.0,10150.0,2.7046095954844778,21.63687676387584,0.0002163687676387584,0.00024081109364358197,0.0018030730636563186,0.133556
2714.HK,2026Q1,2026-02,Low demand,100000,1,2500,97500.0,2500.0,1380.0,2097.6000000000045,0.020976000000000043,0.0215138461538462,0.552,0.038974
3200.HK,2026Q1,2026-02,Mid demand,100000,1,1000,95800.0,4200.0,17.839225294598062,253.31699918329252,0.0025331699918329253,0.0026442275488861434,0.01783922529459806,0.148225
6809.HK,2026Q1,2026-02,Mid demand,100000,1,900,96201.0,3799.0,10.792377131394185,735.068806419258,0.007350688064192579,0.007640968455829544,0.011991530145993539,0.637197
0600.HK,2026Q1,2026-02,Low demand,100000,1,3000,84600.0,15400.0,89.9856938483548,0.0,0.0,0.0,0.02999523128278493,0.0
2720.HK,2026Q1,2026-02,High demand,100000,1,8000,98000.0,2000.0,16.33259094283593,204.64736451373423,0.0020464736451373425,0.0020882384134054514,0.0020415738678544915,1.02286
0470.HK,2026Q1,2026-02,Low demand,100000,1,2000,91600.0,8400.0,80.01255098839033,0.0,0.0,0.0,0.040006275494195165,0.0
2706.HK,2026Q1,2026-02,High demand,100000,1,3000,81180.0,18820.0,1.8003790271636133,117.9968414403032,0.001179968414403032,0.0014535210820436461,0.0006001263423878711,2.42203
9981.HK,2026Q1,2026-02,Mid demand,100000,1,4000,80360.0,19640.0,13.195500152021893,7.785345089692915,7.785345089692914e-05,9.68808497970746e-05,0.003298875038005473,0.029368
2649.HK,2026Q1,2026-03,High demand,100000,1,9000,99000.0,1000.0,3.930817610062893,-18.867924528301884,-0.00018867924528301883,-0.0001905850962454736,0.0004367575122292103,-0.436364
2715.HK,2026Q1,2026-03,Low demand,100000,1,6000,92160.0,7840.0,287.46518105849583,-707.1643454038995,-0.007071643454038995,-0.007673224233983284,0.0479108635097493,-0.160156
2692.HK,2026Q1,2026-03,Mid demand,100000,1,1000,71280.0,28720.0,6.648757555406313,11.43586299529885,0.0001143586299529885,0.00016043578837400183,0.006648757555406313,0.02413
3268.HK,2026Q1,2026-03,Low demand,100000,1,3000,86580.0,13420.0,77.98657718120805,34.31409395973164,0.0003431409395973164,0.00039632818156308205,0.025995525727069348,0.015246
1989.HK,2026Q1,2026-03,Mid demand,100000,1,1000,71880.0,28120.0,11.083637927327455,267.33734680713826,0.0026733734680713826,0.0037192174013235707,0.011083637927327455,0.335559
2701.HK,2026Q1,2026-03,Low demand,100000,1,9000,97200.0,2800.0,133.42816500711237,60.042674253200474,0.0006004267425320048,0.0006177229861440378,0.01482535166745693,0.041667
3355.HK,2026Q1,2026-03,Mid demand,100000,1,2000,83200.0,16800.0,6.480421341882299,36.29035951454088,0.0003629035951454088,0.0004361822057036164,0.0032402106709411497,0.134615
2632.HK,2026Q1,2026-03,Low demand,100000,1,2000,88400.0,11600.0,45.27938342967245,-738.9595375722546,-0.007389595375722546,-0.008359270787016454,0.022639691714836225,-0.369231
2729.HK,2026Q1,2026-03,High demand,100000,1,6000,99960.0,40.0,13.070283600493218,183.50678175092477,0.0018350678175092477,0.0018358021383645935,0.002178380600082203,0.842737
1021.HK,2026Q1,2026-03,High demand,100000,1,5000,85000.0,15000.0,40.007478033277245,56.01046924658809,0.0005601046924658808,0.0006589466970186834,0.008001495606655449,0.082353
2526.HK,2026Q1,2026-03,Mid demand,100000,1,1000,99000.0,1000.0,2.7835914608622856,307.86521557136876,0.0030786521557136875,0.003109749652236048,0.0027835914608622856,1.11717
2726.HK,2026Q1,2026-03,Low demand,100000,1,1000,76260.0,23740.0,27.04213241616509,723.1066208082543,0.007231066208082543,0.009482121961818179,0.02704213241616509,0.350643
6636.HK,2026Q1,2026-03,High demand,100000,1,2500,100000.0,0.0,10.82995951417004,649.7975708502024,0.006497975708502024,0.006497975708502024,0.004331983805668016,1.5
0664.HK,2026Q1,2026-03,Low demand,100000,1,1500,90000.0,10000.0,35.3125,-1041.71875,-0.0104171875,-0.011574652777777777,0.023541666666666666,-0.491667
3625.HK,2026Q1,2026-03,High demand,100000,1,2500,100000.0,0.0,8.545034642032332,341.8013856812933,0.0034180138568129332,0.0034180138568129332,0.003418013856812933,1.0
6656.HK,2026Q2,2026-04,Mid demand,100000,1,300,97260.0,2740.0,3.0092096808738487,1008.9880059970014,0.010089880059970014,0.010374131256395244,0.010030698936246162,1.03424
0068.HK,2026Q2,2026-04,Mid demand,100000,1,10000,76200.0,23800.0,23.77521613832853,261.05187319884726,0.0026105187319884725,0.003425877601034741,0.002377521613832853,1.44094
3277.HK,2026Q2,2026-04,Mid demand,100000,1,2500,99700.0,300.0,8.399487836107554,252.99257362355948,0.0025299257362355948,0.002537538351289463,0.0033597951344430214,0.755266
2476.HK,2026Q2,2026-04,Mid demand,100000,1,400,83952.0,16048.0,2.8515667353355743,299.75669521847556,0.0029975669521847556,0.0035705724130273915,0.0071289168383389355,0.500858
3296.HK,2026Q2,2026-04,Mid demand,100000,1,1000,77700.0,22300.0,22.409606044252563,230.81894225580132,0.0023081894225580133,0.0029706427574749204,0.022409606044252562,0.132561
1879.HK,2026Q2,2026-04,High demand,100000,1,450,82440.0,17560.0,3.4496390512203505,2424.406325197662,0.024244063251976623,0.02940813106741463,0.007665864558267446,3.83624
2493.HK,2026Q2,2026-04,Mid demand,100000,1,3000,82920.0,17080.0,17.401886218436264,2.784301794949805,2.784301794949805e-05,3.357816925892191e-05,0.005800628739478755,0.005789
6810.HK,2026Q2,2026-04,Mid demand,100000,1,4000,99440.0,560.0,6.559458315700381,393.1739314430808,0.003931739314430808,0.0039538810483012955,0.0016398645789250951,2.4111
1609.HK,2026Q2,2026-05,High demand,100000,1,1000,98500.0,1500.0,0.9362652465212162,109.0749012197217,0.001090749012197217,0.0011073594032459055,0.0009362652465212162,1.18274
1187.HK,2026Q2,2026-05,Mid demand,100000,1,2500,98325.0,1675.0,18.78707976268952,-8.078444297956487,-8.078444297956487e-05,-8.21606335922348e-05,0.007514831905075807,-0.010933
1236.HK,2026Q2,2026-05,High demand,100000,1,3000,79080.0,20920.0,4.949973670352818,166.5171142706688,0.001665171142706688,0.002105679239639211,0.0016499912234509391,1.27618
7630.HK,2026Q2,2026-05,High demand,100000,1,4000,80400.0,19600.0,4.86718625735645,105.90997296007635,0.0010590997296007635,0.001317288220896472,0.0012167965643391126,1.08259
7666.HK,2026Q2,2026-05,High demand,100000,1,9000,94500.0,5500.0,12.754505031593729,169.6349169201966,0.0016963491692019658,0.0017950784859280062,0.0014171672257326366,1.26667
6871.HK,2026Q2,2026-05,High demand,100000,1,3000,91500.0,8500.0,7.896077432501274,183.58380030565462,0.0018358380030565461,0.0020063803312093402,0.002632025810833758,0.762295
1511.HK,2026Q2,2026-05,High demand,100000,1,1500,90450.0,9550.0,6.0091860168410305,-16.82572084715487,-0.0001682572084715487,-0.00018602234214654362,0.004006124011227354,-0.046434
7688.HK,2026Q2,2026-05,High demand,100000,1,3500,92365.0,7635.0,11.12580834803057,234.86581422692535,0.0023486581422692537,0.0025428009985051193,0.0031788023851515917,0.799924
6872.HK,2026Q2,2026-05,High demand,100000,1,1000,75700.0,24300.0,1.3361661945231351,180.7832861189802,0.0018078328611898019,0.0023881543740948506,0.0013361661945231352,1.78732
0901.HK,2026Q2,2026-05,Mid demand,100000,1,3000,98399.99999999999,1600.0000000000146,7.259713701431493,206.17586912065445,0.0020617586912065446,0.002095283222770879,0.002419904567143831,0.865854
2723.HK,2026Q2,2026-05,High demand,100000,1,1500,83250.0,16750.0,1.2451771308312871,183.66362679761485,0.0018366362679761484,0.002206169691262641,0.0008301180872208581,2.65766
3310.HK,2026Q2,2026-05,High demand,100000,1,4000,83240.0,16760.0,7.075555555555556,135.07235555555556,0.0013507235555555556,0.0016226856746222437,0.0017688888888888889,0.917347
3388.HK,2026Q2,2026-05,High demand,100000,1,4500,84600.0,15400.0,14.54636759290258,58.18547037161032,0.0005818547037161032,0.0006877715173949211,0.003232526131756129,0.212766
2553.HK,2026Q2,2026-06,Mid demand,100000,1,6000,87600.0,12400.0,32.20779220779221,208.06233766233765,0.0020806233766233763,0.0023751408408942657,0.005367965367965368,0.442466
1081.HK,2026Q2,2026-06,Low demand,100000,1,1500,99600.00000000001,399.99999999998545,29.01188707280832,0.0,0.0,0.0,0.01934125804853888,0.0
1779.HK,2026Q2,2026-06,High demand,100000,1,1000,96060.0,3940.0,2.5877929765618752,92.48772098232145,0.0009248772098232145,0.0009628120027308084,0.0025877929765618754,0.372059
2290.HK,2026Q2,2026-06,Mid demand,100000,1,15000,77700.0,22300.0,71.27240926978574,-168.9156099693922,-0.001689156099693922,-0.0021739460742521517,0.0047514939513190494,-0.457529
6658.HK,2026Q2,2026-06,High demand,100000,1,2000,87160.0,12840.0,1.8178893178893176,153.4662162162162,0.001534662162162162,0.0017607413517234534,0.0009089446589446588,1.93713
6675.HK,2026Q2,2026-06,High demand,100000,1,5000,91800.0,8200.0,10.61065922059002,247.6527862085711,0.002476527862085711,0.002697742769156548,0.002122131844118004,1.27124
1392.HK,2026Q2,2026-06,High demand,100000,1,10000,72000.0,28000.0,18.947171924584655,369.4698525294008,0.0036946985252940077,0.005131525729575011,0.0018947171924584656,2.70833
6067.HK,2026Q2,2026-06,Mid demand,100000,1,10000,89800.0,10200.0,9.717223650385604,19.628791773778914,0.00019628791773778915,0.00021858342732493223,0.0009717223650385604,0.224944
6132.HK,2026Q2,2026-06,High demand,100000,1,1000,81800.0,18200.0,4.479717813051146,-208.48606701940034,-0.002084860670194003,-0.002548729425665041,0.004479717813051147,-0.568949
2335.HK,2026Q2,2026-06,Mid demand,100000,1,5000,91000.0,9000.0,21.507537688442213,402.19095477386935,0.0040219095477386935,0.004419680821690872,0.004301507537688443,1.02747
6106.HK,2026Q2,2026-06,High demand,100000,1,900,91440.0,8560.0,5.332122470160872,23.461338868707866,0.00023461338868707867,0.0002565763218362628,0.005924580522400969,0.043307
1688.HK,2026Q2,2026-06,Low demand,100000,1,6600,67188.0,32812.0,80.98096859043788,-38.06105523750571,-0.00038061055237505713,-0.0005664859087561129,0.01226984372582392,-0.046169
1956.HK,2026Q2,2026-06,High demand,100000,1,1600,97120.0,2880.0,2.3517382413087935,119.93865030674847,0.0011993865030674848,0.001234953153899799,0.001469836400817996,0.840198
2272.HK,2026Q2,2026-06,High demand,100000,1,2400,94920.0,5080.0,5.5479452054794525,447.44178082191786,0.004474417808219179,0.004713883068077516,0.0023116438356164384,2.03919
3661.HK,2026Q2,2026-06,Low demand,100000,1,1000,85200.0,14800.0,20.099852071005916,806.0040680473371,0.008060040680473371,0.009460141643748088,0.020099852071005918,0.470657
6228.HK,2026Q2,2026-06,Low demand,100000,1,3000,79800.0,20200.0,500.0,-870.000000000001,-0.00870000000000001,-0.010902255639097757,0.16666666666666666,-0.065414
9630.HK,2026Q2,2026-06,Mid demand,100000,1,350,88455.5,11544.5,3.084323712507074,808.9255800792303,0.008089255800792302,0.009145000368312091,0.008812353464305926,1.03775
1191.HK,2026Q2,2026-06,Mid demand,100000,1,800,91200.0,8800.0,4.582814445828144,233.72353673723535,0.0023372353673723535,0.0025627580782591596,0.00572851805728518,0.447368
2672.HK,2026Q2,2026-06,Low demand,100000,1,6000,93600.0,6400.0,87.3015873015873,5011.111111111111,0.05011111111111111,0.053537511870845204,0.014550264550264551,3.67949
9637.HK,2026Q2,2026-06,Mid demand,100000,1,4000,90400.0,9600.0,26.71549730146492,625.1426368542791,0.006251426368542791,0.0069152946554676895,0.00667887432536623,1.0354
2697.HK,2026Q2,2026-06,Mid demand,100000,1,700,88340.0,11660.0,2.0330368487928845,556.6454891994917,0.005566454891994917,0.006301171487429157,0.0029043383554184063,2.16957
3952.HK,2026Q2,2026-06,High demand,100000,1,1000,85500.0,14500.0,8.181540653302127,-102.26925816627659,-0.0010226925816627659,-0.0011961316744593753,0.008181540653302127,-0.146199
6715.HK,2026Q2,2026-06,High demand,100000,1,1000,75500.0,24500.0,4.977497749774978,191.63366336633663,0.0019163366336633664,0.0025381942167726707,0.004977497749774977,0.509934
6915.HK,2026Q2,2026-06,Mid demand,100000,1,8000,89600.0,10400.0,41.48936170212766,-58.91489361702127,-0.0005891489361702127,-0.0006575322948328267,0.005186170212765957,-0.126786
0668.HK,2026Q3,2026-07,Low demand,100000,1,1000,99320.0,680.0,66.00923206042803,1028.4238355014695,0.010284238355014696,0.010354649974843632,0.06600923206042804,0.156867
2667.HK,2026Q3,2026-07,Low demand,100000,1,15000,82500.0,17500.0,149.96144949884348,-322.41711642251346,-0.0032241711642251344,-0.0039080862596668296,0.009997429966589566,-0.390909
6880.HK,2026Q3,2026-07,Mid demand,100000,1,300,88680.0,11320.0,3.900943974500429,0.0,0.0,0.0,0.013003146581668098,0.0
7656.HK,2026Q3,2026-07,High demand,100000,1,4000,86640.0,13360.0,21.81540808543097,-14.398169336384443,-0.00014398169336384442,-0.00016618385660646865,0.005453852021357742,-0.030471
7687.HK,2026Q3,2026-07,Low demand,100000,1,1000,87920.0,12080.0,13.00636574074074,114.19589120370371,0.001141958912037037,0.001298861364919287,0.01300636574074074,0.099864
9971.HK,2026Q3,2026-07,High demand,100000,1,3000,94860.0,5140.0,5.049760412827129,8.079616660523396,8.079616660523395e-05,8.517411617671722e-05,0.0016832534709423762,0.050601
0537.HK,2026Q3,2026-07,Low demand,100000,1,2000,91960.0,8040.0,19.989748846745258,-343.42388518708344,-0.0034342388518708343,-0.0037344920094289197,0.00999487442337263,-0.373641
1377.HK,2026Q3,2026-07,Low demand,100000,1,200,76000.0,24000.0,3.9761431411530817,-27.037773359841,-0.00027037773359841,-0.0003557601757873816,0.019880715705765408,-0.017895
1770.HK,2026Q3,2026-07,Mid demand,100000,1,1000,78640.0,21360.0,3.307737743650325,4.4985233313644395,4.4985233313644396e-05,5.720400980880518e-05,0.0033077377436503247,0.017294
2475.HK,2026Q3,2026-07,Low demand,100000,1,1500,94920.0,5080.0,664.1132389675271,-650.8309741881792,-0.0065083097418817916,-0.006856626361021694,0.4427421593116847,-0.015487
2797.HK,2026Q3,2026-07,Mid demand,100000,1,12500,100000.0,0.0,11.03565365025467,143.4634974533107,0.0014346349745331072,0.0014346349745331072,0.0008828522920203735,1.625
3752.HK,2026Q3,2026-07,Low demand,100000,1,2500,95000.0,5000.0,31.123139377537218,179.89174560216514,0.0017989174560216514,0.0018935973221280542,0.012449255751014887,0.152105
6951.HK,2026Q3,2026-07,Low demand,100000,1,900,90270.0,9730.0,6.20613224972294,29.168821573697837,0.0002916882157369784,0.00032312863159075924,0.006895702499692156,0.046859
2249.HK,2026Q3,2026-07,Low demand,100000,1,3000,96899.99999999999,3100.0000000000146,45.415802810412345,0.0,0.0,0.0,0.015138600936804116,0.0
6745.HK,2026Q3,2026-07,Low demand,100000,1,25000,87000.0,13000.0,306.87649674991445,-199.46972288744436,-0.001994697228874444,-0.0022927554354878663,0.012275059869996578,-0.186782
3308.HK,2026Q3,2026-07,Low demand,100000,1,100,98000.0,2000.0,35.00286204922725,-700.0572409845449,-0.007000572409845449,-0.007143441234536173,0.35002862049227246,-0.020408
2261.HK,2026Q3,2026-08,High demand,100000,1,9000,93780.0,6220.0,26.605504587155963,177.72477064220186,0.0017772477064220186,0.0018951244470271046,0.0029561671763506624,0.641075
3223.HK,2026Q3,2026-08,Mid demand,100000,1,1000,100000.0,0.0,2.662681700855862,0.0,0.0,0.0,0.0026626817008558617,0.0
0625.HK,2026Q3,2026-09,Low demand,100000,1,2000,97120.0,2880.0,366.75126903553297,-22.00507614213281,-0.00022005076142132812,-0.00022657615467599682,0.18337563451776648,-0.001236
9615.HK,2026Q3,2026-09,High demand,100000,1,900,91530.0,8470.0,6.1708993966605865,-11.72470885365515,-0.0001172470885365515,-0.00012809689559330437,0.00685655488517843,-0.018682
2041.HK,2026Q3,2026-09,Mid demand,100000,1,6000,92520.0,7480.0,44.71624266144814,-296.02152641878666,-0.0029602152641878664,-0.003199540925408416,0.007452707110241357,-0.429313
9976.HK,2026Q3,2026-09,Low demand,100000,1,400,94400.0,5600.0,11.128284389489954,-26.70788253477595,-0.0002670788253477595,-0.0002829224844785588,0.027820710973724884,-0.010169
3231.HK,2026Q3,2026-09,Low demand,100000,1,6000,86700.0,13300.0,51.64835164835165,1148.142857142857,0.011481428571428571,0.01324270884824518,0.008608058608058609,1.53841
6727.HK,2026Q3,2026-09,Low demand,100000,1,2000,98000.0,2000.0,100.0,-450.0,-0.0045,-0.004591836734693878,0.05,-0.091837
9856.HK,2026Q3,2026-09,Low demand,100000,1,3000,98880.0,1120.0,118.79251700680273,180.56462585033967,0.0018056462585033966,0.0018260985624023024,0.03959750566893424,0.046117
3228.HK,2026Q3,2026-09,Low demand,100000,1,1000,69880.0,30120.0,22.574257425742573,161.8574257425743,0.0016185742574257428,0.0023162196013533816,0.022574257425742573,0.102604
3757.HK,2026Q3,2026-09,Low demand,100000,1,200,87200.0,12800.0,33.969465648854964,-733.740458015268,-0.00733740458015268,-0.008414454793753074,0.16984732824427481,-0.049541
6731.HK,2026Q3,2026-09,Low demand,100000,1,4500,97200.0,2800.0,179.95951417004048,287.93522267206436,0.0028793522267206435,0.002962296529547987,0.039991003148897884,0.074074
9607.HK,2026Q3,2026-09,Low demand,100000,1,2000,88000.0,12000.0,572.027972027972,-2299.5524475524494,-0.022995524475524495,-0.026131277813096015,0.28601398601398603,-0.091364
6802.HK,2026Q3,2026-09,High demand,100000,1,1500,88275.0,11725.0,4.161118508655126,650.5908788282289,0.00650590878828229,0.0073700467723390424,0.002774079005770084,2.65675
