outcome,focus,coefficient,hc3_se,hc3_p,wild_cluster_p,n,month_clusters,adjusted_r2,max_leverage,model,holm_hc3_p,holm_wild_p
log_close,revision,1.3957530179155442,1.257312967923057,0.2734210416043805,0.22265625,43,9,0.012508632913365125,0.241639004196771,revision_only,,
log_opening,revision,0.6687936330234459,1.01039646232295,0.5117309307873704,0.48046875,43,9,-0.012350230453963995,0.241639004196771,revision_only,,
log_intraday,revision,0.7269593848920984,0.3444591478537933,0.040965853749925646,0.03125,43,9,0.07962323719832776,0.241639004196771,revision_only,,
allocation_rate,revision,0.04235995941966966,0.3028673962715113,0.8894530192779546,0.81640625,43,9,-0.023925094611618514,0.241639004196771,revision_only,,
application_return,revision,-0.3243344746545405,0.26062483270295533,0.2204012584577765,0.33984375,43,9,0.05925154779353192,0.241639004196771,revision_only,,
log_mair_subscription,revision,1.3410232648620846,1.2627070046764348,0.294441273741027,0.2265625,43,9,0.009347069254894369,0.241639004196771,revision_only,,
close,revision,1.7590579081075484,2.4223127740122194,0.47184818033123394,0.40234375,43,9,-0.00626941883401777,0.241639004196771,revision_only,,
log_close,revision,1.5977941946099776,1.3722675804284377,0.25135720111408405,0.20703125,43,9,0.1142000093201222,0.2761876628960563,quarter_controls,1.0,1.0
log_opening,revision,0.8744613212522525,1.0983840884205138,0.43077354598204654,0.375,43,9,0.10405003241381272,0.2761876628960563,quarter_controls,1.0,1.0
log_intraday,revision,0.7233328733577249,0.3583062978761618,0.05042583071833805,0.05078125,43,9,0.10059437550509975,0.2761876628960563,quarter_controls,0.3529808150283663,0.35546875
allocation_rate,revision,-0.02498603355316298,0.2969691429337987,0.9333780761157666,0.78125,43,9,0.047337042410860564,0.2761876628960563,quarter_controls,1.0,1.0
application_return,revision,-0.32440768852380325,0.2829815259372373,0.2586182918580926,0.32421875,43,9,0.06787037332515988,0.2761876628960563,quarter_controls,1.0,1.0
log_mair_subscription,revision,1.5536254909591016,1.3799215680940837,0.2670972905979466,0.2421875,43,9,0.11951227633342965,0.2761876628960563,quarter_controls,1.0,1.0
close,revision,2.138792264949413,2.5017724854760655,0.3978220456039865,0.32421875,43,9,0.136875038870636,0.2761876628960563,quarter_controls,1.0,1.0
log_close,revision,1.5024036226899207,1.208289124737798,0.2211382004654427,0.23046875,43,9,0.04115065364795534,0.4388104187336572,launch_size_and_ah,,
log_opening,revision,0.7339102845504923,0.9474525269686733,0.4432387216576511,0.375,43,9,0.03074690102938671,0.4388104187336572,launch_size_and_ah,,
log_intraday,revision,0.7684933381394284,0.34821995044127746,0.0332735150123377,0.09765625,43,9,0.04162389449158721,0.4388104187336572,launch_size_and_ah,,
allocation_rate,revision,-0.06702967567075604,0.25219749905163735,0.791806758594797,0.46484375,43,9,0.021020992794866356,0.4388104187336572,launch_size_and_ah,,
application_return,revision,-0.34180658250881063,0.2797792996071726,0.22915426989504287,0.26953125,43,9,0.06315576809134393,0.4388104187336572,launch_size_and_ah,,
log_mair_subscription,revision,1.4479347409871532,1.2089499024300845,0.23827037846190488,0.23046875,43,9,0.03942532988430825,0.4388104187336572,launch_size_and_ah,,
close,revision,2.1125544821441395,2.264126588033056,0.35653254408780505,0.30078125,43,9,0.035895860325134143,0.4388104187336572,launch_size_and_ah,,
log_close,revision,1.679025085486574,1.3087140640989496,0.207079057191194,0.19140625,43,9,-0.02298102085089071,0.464899371600088,subscription_market_and_size,,
log_opening,revision,0.8934719402771649,1.0320573648342874,0.39193869724335967,0.32421875,43,9,-0.050403042461703684,0.464899371600088,subscription_market_and_size,,
log_intraday,revision,0.7855531452094089,0.38506186797651487,0.0481566670351161,0.11328125,43,9,0.039735128844428425,0.464899371600088,subscription_market_and_size,,
allocation_rate,revision,-0.04258811158515885,0.27799986711745067,0.8790346304252922,0.765625,43,9,-0.006922294467044399,0.464899371600088,subscription_market_and_size,,
application_return,revision,-0.3251665197470166,0.28984059163610554,0.2687732241578864,0.26171875,43,9,0.013697085465708803,0.464899371600088,subscription_market_and_size,,
log_mair_subscription,revision,1.6312502082843354,1.3079590876043392,0.2197722074390283,0.19921875,43,9,-0.025649906849366078,0.464899371600088,subscription_market_and_size,,
close,revision,2.4853614680112357,2.3900684954803646,0.30480417459220227,0.24609375,43,9,-0.027211163841934116,0.464899371600088,subscription_market_and_size,,
