model,outcome,term,coefficient
revision_only,log_close,const,0.36463792460954436
revision_only,log_close,revision,1.3957530179155442
revision_only,log_opening,const,0.3805372120383982
revision_only,log_opening,revision,0.6687936330234459
revision_only,log_intraday,const,-0.01589928742885385
revision_only,log_intraday,revision,0.7269593848920984
revision_only,allocation_rate,const,0.07297084748777516
revision_only,allocation_rate,revision,0.04235995941966966
revision_only,application_return,const,0.024615221052140188
revision_only,application_return,revision,-0.3243344746545405
revision_only,log_mair_subscription,const,0.3652355843204006
revision_only,log_mair_subscription,revision,1.3410232648620846
revision_only,close,const,0.6982880666022484
revision_only,close,revision,1.7590579081075484
quarter_controls,log_close,const,0.31072997950922643
quarter_controls,log_close,revision,1.5977941946099776
quarter_controls,log_close,q2,0.34709333224629535
quarter_controls,log_close,q3,-0.18962219900243177
quarter_controls,log_opening,const,0.3780191682744842
quarter_controls,log_opening,revision,0.8744613212522525
quarter_controls,log_opening,q2,0.23950060078523155
quarter_controls,log_opening,q3,-0.2436299065627892
quarter_controls,log_intraday,const,-0.06728918876525779
quarter_controls,log_intraday,revision,0.7233328733577249
quarter_controls,log_intraday,q2,0.1075927314610638
quarter_controls,log_intraday,q3,0.05400770756035736
quarter_controls,allocation_rate,const,0.04257397477945363
quarter_controls,allocation_rate,revision,-0.02498603355316298
quarter_controls,allocation_rate,q2,-0.01055068924188637
quarter_controls,allocation_rate,q3,0.10995257200258009
quarter_controls,application_return,const,0.0020768399115281477
quarter_controls,application_return,revision,-0.32440768852380325
quarter_controls,application_return,q2,0.0489140984715003
quarter_controls,application_return,q3,0.021871185101207835
quarter_controls,log_mair_subscription,const,0.3153145194941531
quarter_controls,log_mair_subscription,revision,1.5536254909591016
quarter_controls,log_mair_subscription,q2,0.3504433129724168
quarter_controls,log_mair_subscription,q3,-0.2061109455849648
quarter_controls,close,const,0.5455938464198032
quarter_controls,close,revision,2.138792264949413
quarter_controls,close,q2,0.7640448399168557
quarter_controls,close,q3,-0.3067387282447915
launch_size_and_ah,log_close,const,0.4468286328557499
launch_size_and_ah,log_close,revision,1.5024036226899207
launch_size_and_ah,log_close,log_planned_proceeds,0.0076315157075668855
launch_size_and_ah,log_close,ah_true,-0.3899640603739222
launch_size_and_ah,log_opening,const,0.4567721121075816
launch_size_and_ah,log_opening,revision,0.7339102845504923
launch_size_and_ah,log_opening,log_planned_proceeds,0.019071842359986914
launch_size_and_ah,log_opening,ah_true,-0.3658614162081095
launch_size_and_ah,log_intraday,const,-0.00994347925183164
launch_size_and_ah,log_intraday,revision,0.7684933381394284
launch_size_and_ah,log_intraday,log_planned_proceeds,-0.011440326652419973
launch_size_and_ah,log_intraday,ah_true,-0.02410264416581242
launch_size_and_ah,allocation_rate,const,0.05467138766671509
launch_size_and_ah,allocation_rate,revision,-0.06702967567075604
launch_size_and_ah,allocation_rate,log_planned_proceeds,0.028685098178621513
launch_size_and_ah,allocation_rate,ah_true,0.07629659003411263
launch_size_and_ah,application_return,const,0.03459343139271785
launch_size_and_ah,application_return,revision,-0.34180658250881063
launch_size_and_ah,application_return,log_planned_proceeds,0.011718606389477314
launch_size_and_ah,application_return,ah_true,-0.05108209786452557
launch_size_and_ah,log_mair_subscription,const,0.44868718167880306
launch_size_and_ah,log_mair_subscription,revision,1.4479347409871532
launch_size_and_ah,log_mair_subscription,log_planned_proceeds,0.008236494386990867
launch_size_and_ah,log_mair_subscription,ah_true,-0.3961155539430353
launch_size_and_ah,close,const,0.8529933797493156
launch_size_and_ah,close,revision,2.1125544821441395
launch_size_and_ah,close,log_planned_proceeds,-0.03982727870547664
launch_size_and_ah,close,ah_true,-0.7152423300083453
subscription_market_and_size,log_close,const,0.36590897427656277
subscription_market_and_size,log_close,revision,1.679025085486574
subscription_market_and_size,log_close,log_subscription_market,-1.9683308067133871
subscription_market_and_size,log_close,log_planned_proceeds,-0.0505094553339947
subscription_market_and_size,log_opening,const,0.3810104725352439
subscription_market_and_size,log_opening,revision,0.8934719402771649
subscription_market_and_size,log_opening,log_subscription_market,-1.7418024275884836
subscription_market_and_size,log_opening,log_planned_proceeds,-0.03583532829826475
subscription_market_and_size,log_intraday,const,-0.01510149825868115
subscription_market_and_size,log_intraday,revision,0.7855531452094089
subscription_market_and_size,log_intraday,log_subscription_market,-0.2265283791249031
subscription_market_and_size,log_intraday,log_planned_proceeds,-0.014674127035729958
subscription_market_and_size,allocation_rate,const,0.06899952615837912
subscription_market_and_size,allocation_rate,revision,-0.04258811158515885
subscription_market_and_size,allocation_rate,log_subscription_market,-0.6220316159044852
subscription_market_and_size,allocation_rate,log_planned_proceeds,0.04351517232729148
subscription_market_and_size,application_return,const,0.0241591960249329
subscription_market_and_size,application_return,revision,-0.3251665197470166
subscription_market_and_size,application_return,log_subscription_market,-0.14694499042344808
subscription_market_and_size,application_return,log_planned_proceeds,0.003722229112452376
subscription_market_and_size,log_mair_subscription,const,0.36639144483059166
subscription_market_and_size,log_mair_subscription,revision,1.6312502082843354
subscription_market_and_size,log_mair_subscription,log_subscription_market,-2.0660910072039083
subscription_market_and_size,log_mair_subscription,log_planned_proceeds,-0.05059278464839087
subscription_market_and_size,close,const,0.7033312645264955
subscription_market_and_size,close,revision,2.4853614680112357
subscription_market_and_size,close,log_subscription_market,-4.444264747236261
subscription_market_and_size,close,log_planned_proceeds,-0.14360379379611893
