code,event,n_estimation,alpha,beta
0501.HK,2026-01-07,100,-0.0019811843066206256,1.369674563755859
3986.HK,2026-01-08,100,0.002590841724541158,2.8481189594428695
9611.HK,2026-01-19,100,-0.0007274978842769753,1.6780121824166596
9980.HK,2026-01-29,100,-0.0007170913711689127,0.1798868867330377
2768.HK,2026-01-30,100,0.0032268524993671224,1.0642647341169116
2714.HK,2026-02-03,100,0.0001619972884315305,0.48643933948461937
3200.HK,2026-02-03,100,0.001271735272833434,2.2675716991354284
6809.HK,2026-02-04,100,0.00044745927207304957,2.382703740615081
0470.HK,2026-02-06,100,0.0057133244629644,2.2403562269110986
9981.HK,2026-02-10,100,-0.00043535139365279526,1.6355214843060457
2692.HK,2026-03-04,100,-0.0007618622333463797,1.6699026980080633
2715.HK,2026-03-04,100,-0.00015524563062109151,1.2568866845121693
3268.HK,2026-03-05,100,-0.0026907573026289013,1.23125243652868
1989.HK,2026-03-17,100,0.004075114897012746,1.5557547768196425
2701.HK,2026-03-18,100,-0.0015348626870410984,1.095662919435163
2476.HK,2026-04-16,100,0.0009955097898677696,2.425076920137038
3296.HK,2026-04-20,100,-0.0006597728435310011,1.466947006169382
2493.HK,2026-04-23,100,-0.0018551657789288398,1.32525502067102
1187.HK,2026-04-30,100,0.0029948961860119688,1.066261387108614
1081.HK,2026-06-02,100,0.005815801020595913,0.21979743972172128
6067.HK,2026-06-17,100,0.0005327913792430997,1.1870875011068596
1688.HK,2026-06-23,100,-9.811029918408042e-05,1.4224315492203035
3661.HK,2026-06-23,100,0.004890797961424283,1.4863870760019275
9630.HK,2026-06-23,100,0.007800696701687693,2.502699434753704
0668.HK,2026-06-26,100,0.000766312610486821,0.7011311314459312
0537.HK,2026-07-06,100,0.005573367874111791,1.7884542275078381
1377.HK,2026-07-06,100,0.010393382260199872,1.8559787739721003
2475.HK,2026-07-06,100,0.001937754004835317,1.7818237798113619
6951.HK,2026-07-06,100,0.010763806123017004,1.7074679687899288
2249.HK,2026-07-07,100,0.0019297593934798616,1.8498933700560056
6745.HK,2026-07-07,100,0.0025142061166919423,0.8411512117638495
3308.HK,2026-07-27,100,0.0070625187708722205,2.019074729204894
3223.HK,2026-08-20,100,0.002703791668804862,3.013632341578864
9976.HK,2026-09-03,100,0.0029282178701345446,2.9214889638516484
6727.HK,2026-09-16,100,-0.0018957665651226745,1.6199488810607154
3228.HK,2026-09-24,100,0.005446137837743242,1.8627656976384988
3757.HK,2026-09-24,100,0.0040092065676878876,2.424299877202783
9607.HK,2026-09-24,100,0.002896045069656493,1.1735703636431563
