h_code,a_symbol,short_name,status,company_cn
0501.HK,sh603501,豪威集团,matched_by_short_name,豪威集成电路（集团）股份有限公司
3986.HK,sh603986,兆易创新,matched_by_short_name,兆易创新科技集团股份有限公司
9611.HK,sh603341,龙旗科技,matched_by_short_name,上海龙旗科技股份有限公司
9980.HK,sh605499,东鹏饮料,matched_by_short_name,东鹏饮料（集团）股份有限公司
2768.HK,sz002768,,"manual_override: H short name 国恩科技; A-share short name 国恩股份 (Qingdao Guoen Technology Co., Ltd.)",青岛国恩科技股份有限公司
2714.HK,sz002714,牧原股份,matched_by_short_name,牧原食品股份有限公司
3200.HK,sz301200,大族数控,matched_by_short_name,深圳市大族数控科技股份有限公司
6809.HK,sh688008,澜起科技,matched_by_short_name (STAR),澜起科技股份有限公司
0470.HK,sz300450,先导智能,matched_by_short_name,无锡先导智能装备股份有限公司
9981.HK,sz002130,沃尔核材,matched_by_short_name,深圳市沃尔核材股份有限公司
2715.HK,sz002747,埃斯顿,matched_by_short_name,南京埃斯顿自动化股份有限公司
2692.HK,sz003021,兆威机电,matched_by_short_name,深圳市兆威机电股份有限公司
3268.HK,sz002881,美格智能,matched_by_short_name,美格智能技术股份有限公司
1989.HK,sz001389,广合科技,matched_by_short_name,广州广合科技股份有限公司
2701.HK,sz300077,国民技术,matched_by_short_name,国民技术股份有限公司
2476.HK,sz300476,胜宏科技,matched_by_short_name,胜宏科技（惠州）股份有限公司
3296.HK,sh603296,华勤技术,matched_by_short_name,华勤技术股份有限公司
2493.HK,sh688062,迈威生物b,matched_by_short_name (STAR),迈威（上海）生物科技股份有限公司
1187.HK,sz301087,可孚医疗,matched_by_short_name,可孚医疗科技股份有限公司
1081.HK,sz002487,大金重工,matched_by_short_name,大金重工股份有限公司
6067.HK,sz300568,星源材质,matched_by_short_name,深圳市星源材质科技股份有限公司
1688.HK,sz002600,领益智造,matched_by_short_name,广东领益智造股份有限公司
3661.HK,sz300661,圣邦股份,matched_by_short_name,圣邦微电子（北京）股份有限公司
9630.HK,sh688630,芯碁微装,matched_by_short_name (STAR),合肥芯碁微电子装备股份有限公司
0668.HK,sz300866,安克创新,matched_by_short_name,安克创新科技股份有限公司
0537.HK,sh688337,普源精电,matched_by_short_name (STAR),普源精电科技股份有限公司
1377.HK,sz301377,鼎泰高科,matched_by_short_name,广东鼎泰高科技术股份有限公司
2475.HK,sz002475,立讯精密,matched_by_short_name,立讯精密工业股份有限公司
6951.HK,sz300408,三环集团,matched_by_short_name,潮州三环（集团）股份有限公司
2249.HK,sh688249,晶合集成,matched_by_short_name (STAR),合肥晶合集成电路股份有限公司
6745.HK,sh601678,滨化股份,matched_by_short_name,滨化集团股份有限公司
3308.HK,sz300308,中际旭创,matched_by_short_name,中際旭創股份有限公司
3223.HK,sz300223,君正股份,matched_by_short_name,北京君正集成電路股份有限公司
9976.HK,sz301308,江波龙,matched_by_short_name,深圳市江波龍電子股份有限公司
6727.HK,sh688031,星环科技,matched_by_short_name (STAR),星环信息科技（上海）股份有限公司
3228.HK,sh603228,景旺电子,matched_by_short_name,深圳市景旺电子股份有限公司
3757.HK,sz300757,罗博特科,matched_by_short_name,罗博特科智能科技股份有限公司
9607.HK,sh603650,彤程新材,matched_by_short_name,彤程新材料集团股份有限公司
