code,outcome,pricing_proxy_missing,leverage,cooks_distance,studentized_external_residual,revision_dfbeta,coefficient_after_single_deletion
0068.HK,log_close,False,0.09388697366347548,0.0017200149613723385,0.25457405641705194,0.04007858533483165,1.5542486467136118
0100.HK,log_close,False,0.07562525384335367,0.009361034581968882,0.671746518554364,0.0800451907668784,1.5112628908916044
0625.HK,log_close,True,0.0769553742174957,0.0011338344917238203,-0.2303877028920801,0.001362796522893828,1.5963132823947526
0664.HK,log_close,False,0.0714962485593632,0.05448728492816953,-1.724439777764313,0.16974106545443518,1.4200368439620892
1236.HK,log_close,False,0.07181564470004786,0.002852722134041047,0.3797952480906217,-0.007755842767857971,1.6062121706415362
1768.HK,log_close,False,0.06576474288092486,0.002277962156456551,0.3557264946884556,0.021028707396774548,1.5749649222090454
1770.HK,log_close,False,0.1400207849508108,0.001448659100599682,0.18630244810301444,-0.050463965694658885,1.6526451917192548
1879.HK,log_close,False,0.08579273986652103,0.06077822199291215,1.6443193019415618,0.2061123744315849,1.3812333879316943
2249.HK,log_close,False,0.08131873963816033,0.0026068887370112514,-0.33930851114923777,-0.023470616931238853,1.6232782768625926
2261.HK,log_close,True,0.08255945132676722,0.015161345088866483,0.8174270977237702,-0.06407077569792709,1.6668620981180018
2290.HK,log_close,False,0.1026635084879293,0.1295304441957097,-2.234335270441916,0.4168607390036693,1.171618102069708
2335.HK,log_close,False,0.08425414445894484,0.0022293490879942155,0.30768809651398227,-0.036413431129743525,1.6373420266556664
2493.HK,log_close,False,0.07725922769802607,0.02441868137711332,-1.082454687359367,0.08604558463920155,1.5056356661068928
2526.HK,log_close,False,0.0670516097614258,0.017169668449843998,0.9769706368549905,-0.06823940183627267,1.6710850430640696
2553.HK,log_close,False,0.08776899138540654,0.0024086610918497213,-0.3127645154625829,0.04185975345663199,1.5523331101961861
2632.HK,log_close,False,0.06255126678134497,0.03278979995388634,-1.420184042564301,0.010502408133376207,1.5866650895002707
2649.HK,log_close,False,0.10559397299630238,0.052779571263344684,-1.3513327607099863,0.2966219015251986,1.282720228002492
2667.HK,log_close,False,0.09176294520831398,0.02534200639471675,-1.0016945602161902,0.1280414932018516,1.4603606529685034
2672.HK,log_close,True,0.12384468300881693,0.16100011015601573,2.2419729414710745,-0.5483681424894188,2.1581936350560826
2677.HK,log_close,False,0.06437372636270669,0.0009976020176354432,-0.23789657755471902,0.010646088531027283,1.5862259275121606
2697.HK,log_close,False,0.071511320067432,0.018011999413068084,0.9663698102136663,0.009122953824880571,1.5879933188676247
2706.HK,log_close,False,0.06468271294016001,0.05040401654506352,1.7521799002503542,0.0846442624378438,1.5092566119956903
2715.HK,log_close,False,0.06763692789713247,0.01060873467858719,-0.7606826797596719,0.05646284154609875,1.5368569965148235
2720.HK,log_close,False,0.07485054901817038,0.007742878334170499,0.6137494418283985,0.07091339768453718,1.521060211258559
2723.HK,log_close,False,0.14137163240788458,0.03172251171442607,0.8752431784250697,0.24980345205667437,1.3288477215121435
2729.HK,log_close,False,0.08737559324531352,0.01784861651604331,0.860666575774953,-0.14209396113007752,1.7508270998709632
2768.HK,log_close,False,0.06820012723546373,0.000901294243949222,-0.21921281951621369,0.017145371493777595,1.579161577032325
2797.HK,log_close,False,0.2761876628960563,0.09932431366634473,1.0209494484039208,0.5356810815234092,1.023106896127339
3231.HK,log_close,True,0.16704151850446597,0.22145951964215282,2.203123045094002,-0.724659370482071,2.3398433716158813
3355.HK,log_close,False,0.09901619766905992,0.01026244491241198,-0.6061917945085852,-0.12203779056918215,1.7298647368274345
3625.HK,log_close,False,0.09866162959399033,0.03176342909445373,1.0796520961912002,-0.21625387548066494,1.8294293293509185
3952.HK,log_close,False,0.08816364353363451,0.07156047112565433,-1.7667801569679535,-0.23935243761795405,1.8479994996819655
3986.HK,log_close,False,0.11438033663856378,0.0029261212880361234,-0.297501232120077,-0.07200564353508164,1.676004279734658
6082.HK,log_close,False,0.090383892642361,0.001786921825752384,0.26498830402288215,0.04639533719769752,1.5473890521976728
6727.HK,log_close,True,0.12531665680863224,0.0002542169005528481,-0.08316723247361517,0.019562335221341192,1.5765234558501935
6745.HK,log_close,False,0.0847387638350418,0.013831522927108772,-0.7689692018386023,-0.0710591467541293,1.6744717757806293
6915.HK,log_close,False,0.07219465685010197,0.04411745775242359,-1.5317222133992074,-0.04401393268997182,1.644243818215416
7630.HK,log_close,False,0.07262698557612575,0.001115516354994716,0.23578878621177113,-0.00847616463124195,1.6070046968905771
7687.HK,log_close,False,0.08215114826685016,0.0006560116790203972,-0.169078092632486,-0.012760641514459645,1.6116652852129292
9607.HK,log_close,True,0.08947373052226562,0.008829364648647918,-0.5945153824646642,-0.06979913290397625,1.673345333388884
9615.HK,log_close,True,0.08024223205581142,0.0029130574739312173,-0.36136341042407244,-0.021708070317577058,1.621359750621289
9630.HK,log_close,False,0.07737176241235819,1.2894865927942647e-05,0.024480678869080362,0.001964807146324292,1.5956576207870052
9971.HK,log_close,False,0.09406028958698676,0.003215008936158071,-0.34795078173411625,-0.047856205574921984,1.6497517750576491
0068.HK,log_opening,False,0.09388697366347548,0.014327546168473605,0.7393764136032939,0.11640290885971545,0.768434866419004
0100.HK,log_opening,False,0.07562525384335367,0.0003913372307148154,-0.13657218136772056,-0.016273915843366512,0.8893871203247402
0625.HK,log_opening,True,0.0769553742174957,0.0019170840943028389,-0.29971927437655377,0.001772908796075023,0.8728367986794574
0664.HK,log_opening,False,0.0714962485593632,0.07029938546917928,-1.9813644468603488,0.19503082485121237,0.7041253252806436
1236.HK,log_opening,False,0.07181564470004786,0.0012047069006921596,0.24653854621104893,-0.005034592218417629,0.879076296042669
1768.HK,log_opening,False,0.06576474288092486,0.005110475517543159,0.5339180778401469,0.03156247060703766,0.8456143541813341
1770.HK,log_opening,False,0.1400207849508108,0.00043361366867014726,-0.10189386046073039,0.02760011116946387,0.8491448253400764
1879.HK,log_opening,False,0.08579273986652103,0.0997033528518543,2.1557321741714444,0.2702170293399812,0.6404637059128087
2249.HK,log_opening,False,0.08131873963816033,0.00038280351827573193,-0.1298556641521056,-0.008982363982980558,0.8826997880475822
2261.HK,log_opening,True,0.08255945132676722,0.016597939424546217,0.855991299863566,-0.06709347748032182,0.9354269672277007
2290.HK,log_opening,False,0.1026635084879293,0.07497021947449906,-1.654669173687993,0.30871222581280056,0.6009355621949793
2335.HK,log_opening,False,0.08425414445894484,0.0005847760336481435,0.15744095590714116,-0.018632392575072557,0.8915488441420547
2493.HK,log_opening,False,0.07725922769802607,0.03192787373257448,-1.2436622932024324,0.09886016510620686,0.785559611913053
2526.HK,log_opening,False,0.0670516097614258,0.01897095910746893,1.0282960464514568,-0.07182437677588606,0.9394539530982643
2553.HK,log_opening,False,0.08776899138540654,0.0013019975399722354,0.22981481898258302,-0.030757938281661512,0.9026586332171442
2632.HK,log_opening,False,0.06255126678134497,0.011376701284088466,-0.8224022572862639,0.006081749897877028,0.8689310081079638
2649.HK,log_opening,False,0.10559397299630238,0.06659370847337104,-1.5275467009428643,0.3353014300224313,0.575890834045961
2667.HK,log_opening,False,0.09176294520831398,0.006734827897558539,-0.5114561100461079,0.06537681908083977,0.8146909193077527
2672.HK,log_opening,True,0.12384468300881693,0.1404314796284273,2.0763982045318987,-0.5078699235952439,1.3159987530924468
2677.HK,log_opening,False,0.06437372636270669,0.00017135909113573204,-0.09853611181781022,0.004409580754369831,0.8704165505356082
2697.HK,log_opening,False,0.071511320067432,0.01144375867766085,0.7668481914034974,0.0072393824464792225,0.8678708123409247
2706.HK,log_opening,False,0.06468271294016001,0.04565342845950826,1.6612521675199827,0.08025172781796494,0.8033755841405615
2715.HK,log_opening,False,0.06763692789713247,0.010155128854502194,-0.7440003115481763,0.05522456711445681,0.8241640885131329
2720.HK,log_opening,False,0.07485054901817038,0.0068297573127575634,0.5760879958728767,0.0665619459154538,0.8136632437152312
2723.HK,log_opening,False,0.14137163240788458,0.020706258444953995,0.704662052819326,0.201117835210505,0.6911524131886821
2729.HK,log_opening,False,0.08737559324531352,0.015706142071158422,0.806417436169118,-0.13313755995050158,0.9955679708824481
2768.HK,log_opening,False,0.06820012723546373,0.0010908437454468537,-0.2411968772597789,0.018864818548864713,0.8571682341212199
2797.HK,log_opening,False,0.2761876628960563,0.07873076583537544,0.9063944206071515,0.4755753032402146,0.44281630069476385
3231.HK,log_opening,True,0.16704151850446597,0.2192360793288856,2.190631345987777,-0.7205505546668446,1.4973238568908336
3355.HK,log_opening,False,0.09901619766905992,0.0033746809890998148,-0.3464943858771127,-0.06975582592856895,0.9383534839521565
3625.HK,log_opening,False,0.09866162959399033,0.031913414659495806,1.0822765143554647,-0.2167795453709058,1.0703358958542544
3952.HK,log_opening,False,0.08816364353363451,0.04966825815855973,-1.4537704748245148,-0.19694782370853114,1.0503144372406727
3986.HK,log_opening,False,0.11438033663856378,0.0015511002158742244,-0.2164835997816654,-0.05239655918728426,0.9224995748942442
6082.HK,log_opening,False,0.090383892642361,0.0032565058923781655,0.35799759851081536,0.06267982037969928,0.8170564577502814
6727.HK,log_opening,True,0.12531665680863224,0.0002919081539194606,-0.08912078712704521,0.020962711648752054,0.8552324335886041
6745.HK,log_opening,False,0.0847387638350418,0.020479127668037472,-0.9392036402808401,-0.08679022403908361,0.953173116106841
6915.HK,log_opening,False,0.07219465685010197,0.10475997909551188,-2.4673489010882306,-0.07089910135478679,0.9348458034408542
7630.HK,log_opening,False,0.07262698557612575,4.496547448288517e-05,-0.0473064203257482,0.0017005770852720425,0.8729012816662745
7687.HK,log_opening,False,0.08215114826685016,0.0020805226214370685,-0.3013511109516162,-0.022743534877674665,0.895301034028315
9607.HK,log_opening,True,0.08947373052226562,0.010086184573017153,-0.6358424476799025,-0.07465114077891168,0.9425837979207906
9615.HK,log_opening,True,0.08024223205581142,0.0029465252164845167,-0.36344048553179265,-0.02183284579620146,0.8944557467750196
9630.HK,log_opening,False,0.07737176241235819,0.000820694694367268,-0.19539817295776246,-0.015682560465716533,0.8888410596617722
9971.HK,log_opening,False,0.09406028958698676,0.0019148115227880717,-0.26835527082033767,-0.03690885516476625,0.9082889478232314
0068.HK,log_intraday,False,0.09388697366347548,0.036240382172707766,-1.189069453108619,-0.1871998357420428,0.7858137802946085
0100.HK,log_intraday,False,0.07562525384335367,0.13170300420673298,2.7413419224000375,0.3266577958721433,0.6218757705668638
0625.HK,log_intraday,True,0.0769553742174957,0.00010912291873498305,0.07142800194756843,-0.00042251314401736825,0.7234764837152952
0664.HK,log_intraday,False,0.0714962485593632,0.0009719855722204916,-0.22194783733397935,0.021846899422151178,0.7159115186814455
1236.HK,log_intraday,False,0.07181564470004786,0.005958685301507321,0.5500400559181878,-0.011232431714648891,0.7271358745988679
1768.HK,log_intraday,False,0.06576474288092486,0.0016198547528281494,-0.2998280021155148,-0.017724278118134065,0.7293505680277116
1770.HK,log_intraday,False,0.1400207849508108,0.03166993440138047,0.8795015909132965,-0.2382316419573011,0.8035003663791789
1879.HK,log_intraday,False,0.08579273986652103,0.004032512172852249,-0.41014132482794313,-0.0514104542913214,0.7407696820188855
2249.HK,log_intraday,False,0.08131873963816033,0.012217864615087176,-0.7387037949032091,-0.05109755053624269,0.7405784888150105
2261.HK,log_intraday,True,0.08255945132676722,0.0021352596104644095,0.304473502324528,-0.02386494591104313,0.731435130890301
2290.HK,log_intraday,False,0.1026635084879293,0.17007583677444316,-2.614581760726923,0.4878034641356971,0.5706825398747288
2335.HK,log_intraday,False,0.08425414445894484,0.007358979437098334,0.5606332269856199,-0.06634829111421083,0.7457931825136114
2493.HK,log_intraday,False,0.07725922769802607,0.0003120986193190922,-0.12055441555002835,0.00958301099156657,0.7200760541938398
2526.HK,log_intraday,False,0.0670516097614258,0.0022526066264278253,0.3500705235235498,-0.024451710445117823,0.7316310899658054
2553.HK,log_intraday,False,0.08776899138540654,0.06471337459854512,-1.6779923657341413,0.22457901475126593,0.6496744769790413
2632.HK,log_intraday,False,0.06255126678134497,0.08492984925671479,-2.388649015762233,0.017664306948290676,0.7177340813923067
2649.HK,log_intraday,False,0.10559397299630238,0.001481989958494376,-0.22132968417347104,0.04858257987396809,0.7068293939565311
2667.HK,log_intraday,False,0.09176294520831398,0.08282068539293407,-1.867647210437887,0.2387317922013344,0.6456697336607504
2672.HK,log_intraday,True,0.12384468300881693,0.07412595988306937,1.4697106595766447,-0.35947913977058354,0.8421948819636352
2677.HK,log_intraday,False,0.06437372636270669,0.004318307354286546,-0.49618713763263594,0.022204826355599176,0.7158093769765526
2697.HK,log_intraday,False,0.071511320067432,0.019778570072828523,1.0138737060275145,0.009571411385774501,0.7201225065267001
2706.HK,log_intraday,False,0.06468271294016001,0.0200422261226461,1.0789473825744236,0.05212176295036939,0.7058810278551286
2715.HK,log_intraday,False,0.06763692789713247,0.0033100340856894697,-0.42269286187357397,0.031375027613583864,0.7126929080016908
2720.HK,log_intraday,False,0.07485054901817038,0.003417699459569993,0.4066377828727428,0.04698345097391526,0.7073969675433278
2723.HK,log_intraday,False,0.14137163240788458,0.03291682157106343,0.8919053487183954,0.25455900772466145,0.6376953083234611
2729.HK,log_intraday,False,0.08737559324531352,0.007950314312948254,0.5713338465465063,-0.09432583031399808,0.7552591289885151
2768.HK,log_intraday,False,0.06820012723546373,4.7673545109981956e-05,-0.05038618217796517,0.003940872680256686,0.7219933429111052
2797.HK,log_intraday,False,0.2761876628960563,0.06297593493578152,0.8089000683189738,0.4244210760080965,0.5802905954325752
3231.HK,log_intraday,True,0.16704151850446597,0.058470600557728784,1.0823068652442436,-0.35599637223297,0.8425195147250472
3355.HK,log_intraday,False,0.09901619766905992,0.027988890267227003,-1.0095671847862946,-0.20324483072613517,0.7915112528752777
3625.HK,log_intraday,False,0.09866162959399033,0.007747838354363751,0.5271469717139752,-0.10558732390110326,0.7590934334966644
3952.HK,log_intraday,False,0.08816364353363451,0.06467271538659651,-1.673001520567144,-0.22664788853724704,0.7976850624412923
3986.HK,log_intraday,False,0.11438033663856378,0.004456804320310803,-0.3673830554435924,-0.08891947486262339,0.7535047048404134
6082.HK,log_intraday,False,0.090383892642361,0.00035267180878862113,-0.11763524875225335,-0.02059610537273066,0.730332594447392
6727.HK,log_intraday,True,0.12531665680863224,2.3974017618348086e-05,-0.025537869026390336,0.006006937346284612,0.7212910222615891
6745.HK,log_intraday,False,0.0847387638350418,9.962761828183902e-05,0.06476417000510955,0.005984747698341513,0.7212986596737889
6915.HK,log_intraday,False,0.07219465685010197,0.04063540799791406,1.4664642637993708,0.04213874998643919,0.7093980147745618
7630.HK,log_intraday,False,0.07262698557612575,0.015611255538755807,0.8905785650538902,-0.03201462909127574,0.7341034152243027
7687.HK,log_intraday,False,0.08215114826685016,0.0016944845144941188,0.27189993941318685,0.0205207995940469,0.7163642511846142
9607.HK,log_intraday,True,0.08947373052226562,0.0008736189521139681,-0.18622889797143616,-0.021864220814914247,0.730761535468093
9615.HK,log_intraday,True,0.08024223205581142,0.0006846340948601454,-0.1749559952226061,-0.010510076386310343,0.7269040038462695
9630.HK,log_intraday,False,0.07737176241235819,0.007886069614984404,0.6083401228701987,0.04882507659217309,0.7068165611252331
9971.HK,log_intraday,False,0.09406028958698676,0.004006186457242156,-0.38856405676379047,-0.05344204512730061,0.7414628272344179
