code,anchor_kind,anchor_date,index_start_trading_date,index_end_trading_date,index_start,index_end,market_return,raw_close_return,adjusted_close_return,adjusted_log_close
0068.HK,subscription_close,2026-04-14,2026-04-14,2026-04-17,25872.32,26160.33,0.01113197424892709,1.440944881889764,1.4140715001154103,0.881314741174326
0068.HK,recorded_expected_pricing_proxy,2026-04-15,2026-04-15,2026-04-17,25947.32,26160.33,0.008209325664461753,1.440944881889764,1.4210695336318735,0.8842093985810159
0068.HK,final_price_publication_day,2026-04-16,2026-04-16,2026-04-17,26394.26,26160.33,-0.008862911860381684,1.440944881889764,1.4627722149631794,0.901287632102037
0100.HK,subscription_close,2026-01-06,2026-01-06,2026-01-09,26710.449,26231.789,-0.017920327733914165,1.0909090909090908,1.1290625902931604,0.7556817843956708
0100.HK,recorded_expected_pricing_proxy,2026-01-07,2026-01-07,2026-01-09,26458.949,26231.789,-0.008585375027556852,1.0909090909090908,1.1090157823395117,0.7462213847969978
0100.HK,final_price_publication_day,2026-01-08,2026-01-08,2026-01-09,26149.311,26231.789,0.003154117521490196,1.0909090909090908,1.0843348538259856,0.7344497894031048
0625.HK,subscription_close,2026-08-27,2026-08-27,2026-09-01,25565.74,25329.731,-0.009231455846769987,-0.0012355848434926,0.008070372288727645,0.008037980990808232
0625.HK,final_price_publication_day,2026-08-31,2026-08-31,2026-09-01,25566.99,25329.731,-0.009279895677981709,-0.0012355848434926,0.00811966043627832,0.00808687335388954
0664.HK,subscription_close,2026-03-26,2026-03-26,2026-03-31,24856.43,24788.141,-0.00274733740927402,-0.4916666666666667,-0.4902662560832348,-0.6738667603415913
0664.HK,recorded_expected_pricing_proxy,2026-03-27,2026-03-27,2026-03-31,24951.881,24788.141,-0.006562230719199147,-0.4916666666666667,-0.4883088311597603,-0.6700340217913126
0664.HK,final_price_publication_day,2026-03-30,2026-03-30,2026-03-31,24750.789,24788.141,0.0015091236081403725,-0.4916666666666667,-0.4924326485394771,-0.6781258646342009
1236.HK,subscription_close,2026-05-06,2026-05-06,2026-05-11,26213.779,26406.84,0.007364867156315125,1.276176024279211,1.2595348502718942,0.8151589736369041
1236.HK,recorded_expected_pricing_proxy,2026-05-07,2026-05-07,2026-05-11,26626.279,26406.84,-0.008241444476714044,1.276176024279211,1.2950908884050132,0.8307724455191942
1236.HK,final_price_publication_day,2026-05-08,2026-05-08,2026-05-11,26393.711,26406.84,0.0004974291034709477,1.276176024279211,1.2750443510073328,0.8219995471611679
1768.HK,subscription_close,2026-01-23,2026-01-23,2026-01-28,26749.51,27826.91,0.04027737330515602,0.6906170752324599,0.6251599031333852,0.4856062128687858
1768.HK,recorded_expected_pricing_proxy,2026-01-26,2026-01-26,2026-01-28,26765.52,27826.91,0.03965512345734368,0.6906170752324599,0.626132586746998,0.4862045494660985
1768.HK,final_price_publication_day,2026-01-27,2026-01-27,2026-01-28,27126.949,27826.91,0.02580315980245329,0.6906170752324599,0.6480911167772527,0.499617719265468
1770.HK,subscription_close,2026-07-03,2026-07-03,2026-07-09,23350.029,24030.18,0.029128486307233414,0.017293997965412,-0.011499524597056276,-0.011566155437900134
1770.HK,recorded_expected_pricing_proxy,2026-07-06,2026-07-06,2026-07-09,23616.32,24030.18,0.017524322163656292,0.017293997965412,-0.00022635743758381288,-0.00022638306029537647
1770.HK,final_price_publication_day,2026-07-08,2026-07-08,2026-07-09,24199.461,24030.18,-0.006995238447666252,0.017293997965412,0.024460342340260066,0.02416597866527062
1879.HK,subscription_close,2026-04-23,2026-04-23,2026-04-28,25915.199,25679.779,-0.009084244346339032,3.836244541484717,3.880580931215966,1.5852642560619268
1879.HK,recorded_expected_pricing_proxy,2026-04-24,2026-04-24,2026-04-28,25978.07,25679.779,-0.011482415745280528,3.836244541484717,3.8924213575127684,1.587687346068515
1879.HK,final_price_publication_day,2026-04-27,2026-04-27,2026-04-28,25925.65,25679.779,-0.009483696647914486,3.836244541484717,3.8825491565540062,1.5856674516246223
2249.HK,subscription_close,2026-07-07,2026-07-07,2026-07-10,23496.891,24175.119,0.028864584680585947,0.0,-0.028054794683740614,-0.028455849242143103
2249.HK,recorded_expected_pricing_proxy,2026-07-08,2026-07-08,2026-07-10,24199.461,24175.119,-0.0010058901725125136,0.0,0.0010069030063513118,0.0010063964195465088
2249.HK,final_price_publication_day,2026-07-09,2026-07-09,2026-07-10,24030.18,24175.119,0.006031540338024888,0.0,-0.005995378967938003,-0.006013423410753567
2261.HK,subscription_close,2026-08-04,2026-08-04,2026-08-07,25852.92,25668.029,-0.0071516486338873975,0.6410748560460655,0.6528957859355093,0.5025287714403767
2261.HK,final_price_publication_day,2026-08-06,2026-08-06,2026-08-07,25530.279,25668.029,0.005395554039969497,0.6410748560460655,0.632267866564312,0.4899703769976273
2290.HK,subscription_close,2026-06-02,2026-06-02,2026-06-05,26038.32,24961.949,-0.04133795882376434,-0.4575289575289575,-0.4341373506293681,-0.5694038991843104
2290.HK,recorded_expected_pricing_proxy,2026-06-03,2026-06-03,2026-06-05,25633.211,24961.949,-0.026187199098856473,-0.4575289575289575,-0.4429411464204901,-0.5850843829140208
2290.HK,final_price_publication_day,2026-06-04,2026-06-04,2026-06-05,25253.4,24961.949,-0.011541059817687938,-0.4575289575289575,-0.451195168136181,-0.6000123981926404
2335.HK,subscription_close,2026-06-18,2026-06-18,2026-06-24,23924.811,23412.18,-0.021426752336726973,1.0274725274725274,1.0718658846580085,0.7284495948206665
2335.HK,recorded_expected_pricing_proxy,2026-06-22,2026-06-22,2026-06-24,23768.52,23412.18,-0.014992098792857123,1.0274725274725274,1.0583312326610046,0.721895573275858
2335.HK,final_price_publication_day,2026-06-23,2026-06-23,2026-06-24,23336.279,23412.18,0.0032524893964458457,1.0274725274725274,1.0208995730399328,0.7035427454698048
2493.HK,subscription_close,2026-04-23,2026-04-23,2026-04-28,25915.199,25679.779,-0.009084244346339032,0.0057887120115773,0.015009304547898061,0.014897779493997676
2493.HK,recorded_expected_pricing_proxy,2026-04-24,2026-04-24,2026-04-28,25978.07,25679.779,-0.011482415745280528,0.0057887120115773,0.017471745603675037,0.017320869500585843
2493.HK,final_price_publication_day,2026-04-27,2026-04-27,2026-04-28,25925.65,25679.779,-0.009483696647914486,0.0057887120115773,0.015418634310013113,0.015300975056693235
2526.HK,subscription_close,2026-03-25,2026-03-25,2026-03-30,25335.949,24750.789,-0.02309603638687463,1.117171717171717,1.1672260488546464,0.7734480313061437
2526.HK,recorded_expected_pricing_proxy,2026-03-26,2026-03-26,2026-03-30,24856.43,24750.789,-0.0042500471708929455,1.117171717171717,1.1262082023267452,0.7543402066049065
2526.HK,final_price_publication_day,2026-03-27,2026-03-27,2026-03-30,24951.881,24750.789,-0.00805919201041394,1.117171717171717,1.1343730393174272,0.7581729451551854
2553.HK,subscription_close,2026-05-29,2026-05-29,2026-06-03,25182.391,25633.211,0.017902192051580723,0.4424657534246574,0.4170966176203721,0.34861014301383864
2553.HK,recorded_expected_pricing_proxy,2026-06-01,2026-06-01,2026-06-03,25398.18,25633.211,0.009253852047666378,0.4424657534246574,0.42923977996026585,0.35714268050511366
2553.HK,final_price_publication_day,2026-06-02,2026-06-02,2026-06-03,26038.32,25633.211,-0.015558185013472503,0.4424657534246574,0.46526257973346885,0.3820344617212489
2632.HK,subscription_close,2026-03-19,2026-03-19,2026-03-24,25500.58,25063.711,-0.017131727984226353,-0.3692307692307692,-0.3582362471874483,-0.44353502928902316
2632.HK,recorded_expected_pricing_proxy,2026-03-20,2026-03-20,2026-03-24,25277.32,25063.711,-0.008450618973846913,-0.3692307692307692,-0.36385494979942545,-0.45232867529208737
2632.HK,final_price_publication_day,2026-03-23,2026-03-23,2026-03-24,24382.471,25063.711,0.027939744089103824,-0.3692307692307692,-0.386375286687471,-0.48837175380707865
2649.HK,subscription_close,2026-03-04,2026-03-04,2026-03-09,25249.481,25408.461,0.006296367042158302,-0.4363636363636364,-0.4398902926648941,-0.5796226084844617
2649.HK,recorded_expected_pricing_proxy,2026-03-05,2026-03-05,2026-03-09,25321.34,25408.461,0.003440615702012595,-0.4363636363636364,-0.43829624312940485,-0.5767806910726773
2649.HK,final_price_publication_day,2026-03-06,2026-03-06,2026-03-09,25757.289,25408.461,-0.013542884889787943,-0.4363636363636364,-0.4286255783421551,-0.5597105545244053
2667.HK,subscription_close,2026-07-02,2026-07-02,2026-07-07,23055.029,23496.891,0.01916553650832542,-0.3909090909090909,-0.40236312230723326,-0.5147719374075745
2667.HK,recorded_expected_pricing_proxy,2026-07-03,2026-07-03,2026-07-07,23350.029,23496.891,0.006289585336275216,-0.3909090909090909,-0.3947160758030034,-0.5020576348429311
2667.HK,final_price_publication_day,2026-07-06,2026-07-06,2026-07-07,23616.32,23496.891,-0.00505705376620913,-0.3909090909090909,-0.38781322949568864,-0.49071786246532645
2672.HK,subscription_close,2026-06-24,2026-06-24,2026-06-29,23412.18,23026.68,-0.016465788320438324,3.67948717948718,3.757828577712731,1.5597913830082641
2672.HK,final_price_publication_day,2026-06-26,2026-06-26,2026-06-29,22671.859,23026.68,0.015650282581591624,3.67948717948718,3.607380374662828,1.5276594470479778
2677.HK,subscription_close,2026-02-03,2026-02-03,2026-02-06,26834.77,26559.949,-0.010241228078347597,0.1335559265442405,0.1452850519762514,0.1356535597134244
2677.HK,recorded_expected_pricing_proxy,2026-02-04,2026-02-04,2026-02-06,26847.32,26559.949,-0.010703898936653578,0.1335559265442405,0.14582067525166242,0.13612112721046626
2677.HK,final_price_publication_day,2026-02-05,2026-02-05,2026-02-06,26885.24,26559.949,-0.012099241070565148,0.1335559265442405,0.1474390684471676,0.13753256215029389
2697.HK,subscription_close,2026-06-25,2026-06-25,2026-06-30,23076.91,22881.02,-0.00848857147685711,2.1695721077654517,2.1967075886220817,1.162121401591206
2697.HK,recorded_expected_pricing_proxy,2026-06-26,2026-06-26,2026-06-30,22671.859,22881.02,0.009225577840793697,2.1695721077654517,2.1405982739227154,1.1444133148674431
2697.HK,final_price_publication_day,2026-06-29,2026-06-29,2026-06-30,23026.68,22881.02,-0.006325705659695591,2.1695721077654517,2.1897495243848644,1.159942394712365
2706.HK,subscription_close,2026-02-10,2026-02-10,2026-02-13,27183.15,26567.119,-0.022662237452245382,2.4220251293422024,2.5013741006195853,1.253155491625108
2706.HK,recorded_expected_pricing_proxy,2026-02-11,2026-02-11,2026-02-13,27266.381,26567.119,-0.025645574306322638,2.4220251293422024,2.5120948179672316,1.2562126736906645
2706.HK,final_price_publication_day,2026-02-12,2026-02-12,2026-02-13,27032.539,26567.119,-0.017217028707514404,2.4220251293422024,2.4819743822400593,1.2475994841219367
2715.HK,subscription_close,2026-03-04,2026-03-04,2026-03-09,25249.481,25408.461,0.006296367042158302,-0.16015625,-0.1654111278682424,-0.18081604408903665
2715.HK,recorded_expected_pricing_proxy,2026-03-05,2026-03-05,2026-03-09,25321.34,25408.461,0.003440615702012595,-0.16015625,-0.16303592174964865,-0.17797412667725232
2715.HK,final_price_publication_day,2026-03-06,2026-03-06,2026-03-09,25757.289,25408.461,-0.013542884889787943,-0.16015625,-0.14862619252721565,-0.16090399012898032
2720.HK,subscription_close,2026-02-05,2026-02-05,2026-02-10,26885.24,27183.15,0.011080801212858704,1.0228571428571431,1.00068791775157,0.6934910802954369
2720.HK,recorded_expected_pricing_proxy,2026-02-06,2026-02-06,2026-02-10,26559.949,27183.15,0.023463938127290973,1.0228571428571431,0.9764811123277262,0.6813180475883897
2720.HK,final_price_publication_day,2026-02-09,2026-02-09,2026-02-10,27027.16,27183.15,0.0057716016037201445,1.0228571428571431,1.0112490148177407,0.6987559294885326
2723.HK,subscription_close,2026-05-21,2026-05-21,2026-05-27,25386.52,25328.231,-0.0022960610591763464,2.6576576576576576,2.6660751901417545,1.2991216593385948
2723.HK,recorded_expected_pricing_proxy,2026-05-22,2026-05-22,2026-05-27,25606.029,25328.231,-0.010848929367376692,2.6576576576576576,2.6977745525952463,1.307731166421613
2723.HK,final_price_publication_day,2026-05-26,2026-05-26,2026-05-27,25599.449,25328.231,-0.010594681158957786,2.6576576576576576,2.6968243327639687,1.307474162667592
2729.HK,subscription_close,2026-03-19,2026-03-19,2026-03-24,25500.58,25063.711,-0.017131727984226353,0.8427370948379351,0.8748566286086827,0.6285321917567609
2729.HK,recorded_expected_pricing_proxy,2026-03-20,2026-03-20,2026-03-24,25277.32,25063.711,-0.008450618973846913,0.8427370948379351,0.8584420807472937,0.6197385457536967
2729.HK,final_price_publication_day,2026-03-23,2026-03-23,2026-03-24,24382.471,25063.711,0.027939744089103824,0.8427370948379351,0.792650887791924,0.5836954672387055
2768.HK,subscription_close,2026-01-30,2026-01-30,2026-02-04,27387.109,26847.32,-0.019709601331049598,0.1155555555555554,0.13798478192816077,0.12925896296811723
2768.HK,recorded_expected_pricing_proxy,2026-02-02,2026-02-02,2026-02-04,26775.57,26847.32,0.002679681515650234,0.1155555555555554,0.1125742110075294,0.10667643935709893
2768.HK,final_price_publication_day,2026-02-03,2026-02-03,2026-02-04,26834.77,26847.32,0.0004676768237625861,0.1155555555555554,0.11503407995865333,0.10888496943032172
2797.HK,subscription_close,2026-07-06,2026-07-06,2026-07-09,23616.32,24030.18,0.017524322163656292,1.625,1.5797909129269945,0.9477083541483212
2797.HK,recorded_expected_pricing_proxy,2026-07-07,2026-07-07,2026-07-09,23496.891,24030.18,0.022696151588735836,1.625,1.5667447715747445,0.9426384702121974
2797.HK,final_price_publication_day,2026-07-08,2026-07-08,2026-07-09,24199.461,24030.18,-0.006995238447666252,1.625,1.6434918558662481,0.9721007158738871
3231.HK,subscription_close,2026-09-04,2026-09-04,2026-09-09,25650.869,25274.961,-0.014654786159486455,1.5384083044982702,1.5761613989116436,0.9463004611363782
3231.HK,final_price_publication_day,2026-09-08,2026-09-08,2026-09-09,25317.18,25274.961,-0.0016676027898842039,1.5384083044982702,1.542648432117364,0.9332062276169872
3355.HK,subscription_close,2026-03-18,2026-03-18,2026-03-23,26025.42,24382.471,-0.06312862578202372,0.1346153846153845,0.21106847304676046,0.19150300553793492
3355.HK,recorded_expected_pricing_proxy,2026-03-19,2026-03-19,2026-03-23,25500.58,24382.471,-0.04384641447371007,0.1346153846153845,0.1866455366486599,0.1711304498423476
3355.HK,final_price_publication_day,2026-03-20,2026-03-20,2026-03-23,25277.32,24382.471,-0.0354012608931642,0.1346153846153845,0.1762563422651522,0.16233680383928334
3625.HK,subscription_close,2026-03-26,2026-03-26,2026-03-31,24856.43,24788.141,-0.00274733740927402,1.0,1.005509812131535,0.6958982988270888
3625.HK,recorded_expected_pricing_proxy,2026-03-27,2026-03-27,2026-03-31,24951.881,24788.141,-0.006562230719199147,1.0,1.0132111560927464,0.6997310373773675
3625.HK,final_price_publication_day,2026-03-30,2026-03-30,2026-03-31,24750.789,24788.141,0.0015091236081403725,1.0,0.9969863008282871,0.6916391945344792
3952.HK,subscription_close,2026-06-25,2026-06-25,2026-06-30,23076.91,22881.02,-0.00848857147685711,-0.1461988304093567,-0.13888923008947973,-0.14953213020398654
3952.HK,recorded_expected_pricing_proxy,2026-06-26,2026-06-26,2026-06-30,22671.859,22881.02,0.009225577840793697,-0.1461988304093567,-0.1540036357210407,-0.16724021692774954
3952.HK,final_price_publication_day,2026-06-29,2026-06-29,2026-06-30,23026.68,22881.02,-0.006325705659695591,-0.1461988304093567,-0.14076355355707593,-0.1517111370828275
3986.HK,subscription_close,2026-01-08,2026-01-08,2026-01-13,26149.311,26848.471,0.02673722454866967,0.3753086419753086,0.3394942825608209,0.29229214165509726
3986.HK,recorded_expected_pricing_proxy,2026-01-09,2026-01-09,2026-01-13,26231.789,26848.471,0.023508957013949727,0.3753086419753086,0.34371920494738206,0.29544129538277175
3986.HK,final_price_publication_day,2026-01-12,2026-01-12,2026-01-13,26608.481,26848.471,0.009019304784816606,0.3753086419753086,0.3630151925275671,0.30969929904080545
6082.HK,subscription_close,2025-12-29,2025-12-29,2026-01-02,25635.231,26338.471,0.027432559511556542,0.7581632653061223,0.7112201175928827,0.537206635141031
6082.HK,recorded_expected_pricing_proxy,2025-12-30,2025-12-30,2026-01-02,25854.6,26338.471,0.01871508358280538,0.7581632653061223,0.7258635840775902,0.5457275536614854
6082.HK,final_price_publication_day,2025-12-31,2025-12-31,2026-01-02,25630.539,26338.471,0.02762064426347033,0.7581632653061223,0.7109069140648259,0.5370235890261241
6727.HK,subscription_close,2026-09-16,2026-09-16,2026-09-21,24713.779,25042.711,0.01330966016973778,-0.0918367346938775,-0.10376531379953724,-0.10955297374096362
6727.HK,final_price_publication_day,2026-09-18,2026-09-18,2026-09-21,24750.779,25042.711,0.011794861082958352,-0.0918367346938775,-0.10242352453333814,-0.10805695281621418
6745.HK,subscription_close,2026-07-07,2026-07-07,2026-07-10,23496.891,24175.119,0.028864584680585947,-0.1867816091954023,-0.20959628418246723,-0.2352114313733798
6745.HK,recorded_expected_pricing_proxy,2026-07-08,2026-07-08,2026-07-10,24199.461,24175.119,-0.0010058901725125136,-0.1867816091954023,-0.185962777152881,-0.2057491857116902
6745.HK,final_price_publication_day,2026-07-09,2026-07-09,2026-07-10,24030.18,24175.119,0.006031540338024888,-0.1867816091954023,-0.19165716163197266,-0.21276900554199027
6915.HK,subscription_close,2026-06-25,2026-06-25,2026-06-30,23076.91,22881.02,-0.00848857147685711,-0.1267857142857142,-0.1193099135378205,-0.12704948966398596
6915.HK,recorded_expected_pricing_proxy,2026-06-26,2026-06-26,2026-06-30,22671.859,22881.02,0.009225577840793697,-0.1267857142857142,-0.1347679796398935,-0.14475757638774894
6915.HK,final_price_publication_day,2026-06-29,2026-06-29,2026-06-30,23026.68,22881.02,-0.006325705659695591,-0.1267857142857142,-0.12122685402261657,-0.12922849654282692
7630.HK,subscription_close,2026-05-08,2026-05-08,2026-05-13,26393.711,26388.44,-0.00019970666497037826,1.0825870646766167,1.083003054269708,0.7338106285618252
7630.HK,recorded_expected_pricing_proxy,2026-05-11,2026-05-11,2026-05-13,26406.84,26388.44,-0.0006967891652315261,1.0825870646766167,1.0840392006115205,0.7343079339884516
7630.HK,final_price_publication_day,2026-05-12,2026-05-12,2026-05-13,26347.91,26388.44,0.0015382624276460977,1.0825870646766167,1.0793884195982661,0.7320738214389185
7687.HK,subscription_close,2026-07-03,2026-07-03,2026-07-08,23350.029,24199.461,0.03637819893071659,0.0998635122838944,0.061256897741267524,0.059453958260711995
7687.HK,recorded_expected_pricing_proxy,2026-07-06,2026-07-06,2026-07-08,23616.32,24199.461,0.024692289061123862,0.0998635122838944,0.07335980179146895,0.07079373063831662
7687.HK,final_price_publication_day,2026-07-07,2026-07-07,2026-07-08,23496.891,24199.461,0.029900551524029373,0.0998635122838944,0.06793176356332187,0.06572384670219288
9607.HK,subscription_close,2026-09-24,2026-09-24,2026-09-29,24761.131,24523.57,-0.009594109412853657,-0.0913636363636364,-0.08256163228422142,-0.08616987546143598
9607.HK,final_price_publication_day,2026-09-28,2026-09-28,2026-09-29,24642.51,24523.57,-0.004826618717005626,-0.0913636363636364,-0.08695672460116022,-0.09097200038797448
9615.HK,subscription_close,2026-08-27,2026-08-27,2026-09-01,25565.74,25329.731,-0.009231455846769987,-0.0186823992133726,-0.00953900224464621,-0.009584789938482354
9615.HK,final_price_publication_day,2026-08-31,2026-08-31,2026-09-01,25566.99,25329.731,-0.009279895677981709,-0.0186823992133726,-0.009490575082076624,-0.009535897575401046
9630.HK,subscription_close,2026-06-23,2026-06-23,2026-06-26,23336.279,22671.859,-0.028471548527509438,1.037747794088553,1.0974658961351613,0.7407298999351032
9630.HK,recorded_expected_pricing_proxy,2026-06-24,2026-06-24,2026-06-26,23412.18,22671.859,-0.03162119033767896,1.037747794088553,1.1042878817217479,0.7439771114290301
9630.HK,final_price_publication_day,2026-06-25,2026-06-25,2026-06-26,23076.91,22671.859,-0.017552219946257996,1.037747794088553,1.0741537977490099,0.729553262192507
9971.HK,subscription_close,2026-07-03,2026-07-03,2026-07-08,23350.029,24199.461,0.03637819893071659,0.0506008855154964,0.013723452113769019,0.013630138300652059
9971.HK,recorded_expected_pricing_proxy,2026-07-06,2026-07-06,2026-07-08,23616.32,24199.461,0.024692289061123862,0.0506008855154964,0.025284269952017935,0.024969910678256685
9971.HK,final_price_publication_day,2026-07-07,2026-07-07,2026-07-08,23496.891,24199.461,0.029900551524029373,0.0506008855154964,0.020099352273222015,0.019900026742132943
