code,outcome,shapley_deletion_effect
0625.HK,log_close,0.0006952167903592409
2261.HK,log_close,0.1253050782189946
2672.HK,log_close,0.6599923375122805
3231.HK,log_close,0.8914336711495934
6727.HK,log_close,0.07290442521592484
9607.HK,log_close,0.05764928596978604
9615.HK,log_close,0.013254447282276587
0625.HK,log_opening,-0.00195447594051102
2261.HK,log_opening,0.10856863633427492
2672.HK,log_opening,0.5219454158402804
3231.HK,log_opening,0.7447891683093731
6727.HK,log_opening,0.05732309822810466
9607.HK,log_opening,0.05233910359463797
9615.HK,log_opening,0.011323615729253968
0625.HK,log_intraday,0.002649692730870356
2261.HK,log_intraday,0.016736441884719656
2672.HK,log_intraday,0.1380469216719999
3231.HK,log_intraday,0.14664450284022035
6727.HK,log_intraday,0.015581326987820162
9607.HK,log_intraday,0.005310182375148015
9615.HK,log_intraday,0.0019308315530227457
