code,company,status,tiers,board_lot_units,board_lot_unit,board_lot_page,board_lot_quote,applicants_extracted,applicants_master,applied_shares_extracted,applied_shares_master,allocated_shares_extracted,allocated_shares_master,overseas_employee_reserved_shares,employee_evidence_page,source_text,source_sha256
6082.HK,"Shanghai Biren Technology Co., Ltd.- H shares",totals_reconciled_pending_semantic_review,41,200,share,47,board lots of 200 Shares,471116,471116,29073659800,29073659800,49538600,49538600,0,,pipeline/prospectus_pipeline/data/allot/text/HKIPO-MB6082.jsonl,c09b6f0f759ccf63b6d471dfc301dff68d3d13198cee3ad6cc2b7b8a3595cf91
2513.HK,Knowledge Atlas Technology Joint Stock Company Limited - H shares,totals_reconciled_pending_semantic_review,40,100,share,33,board lots of 100 H Shares,204871,204871,2169357600,2169357600,7483900,7483900,0,,pipeline/prospectus_pipeline/data/allot/text/HKIPO-MB2513.jsonl,c758b8aca9167c72b81ac613ad6b5cc2158169fe24ac4aa8dae40412400b4bf7
9903.HK,"Shanghai Iluvatar CoreX Semiconductor Co., Ltd. - H shares",totals_reconciled_pending_semantic_review,43,100,share,29,board lots of 100 H Shares,180802,180802,1053503300,1053503300,2543200,2543200,0,,pipeline/prospectus_pipeline/data/allot/text/HKIPO-MB9903.jsonl,5285b2eea47cfc2a6a120d72973f90d4cf5a90b33865e360c2667afe5630e19e
2675.HK,"Shenzhen Edge Medical Co., Ltd.- B - H shares",totals_reconciled_pending_semantic_review,42,100,share,28,board lots of 100 H Shares,196179,196179,3027186100,3027186100,2772300,2772300,0,,pipeline/prospectus_pipeline/data/allot/text/HKIPO-MB2675.jsonl,932f4234b38e339214df06f52eb42e492746e40d1dd8ea009973dc65c6d34abf
0100.HK,MiniMax Group Inc. - W - P,totals_reconciled_pending_semantic_review,41,20,share,50,board lots of 20 Class A Ordinary Shares,417646,417646,2332255220,2332255220,5077860,5077860,0,,pipeline/prospectus_pipeline/data/allot/text/HKIPO-MB0100.jsonl,cb0c660bda0d4754cf3baabda050c8b2fb2c57b3c0d53c41c3b7a2c2f2b98b09
6938.HK,"Suzhou Ribo Life Science Co., Ltd. - B - H shares",totals_reconciled_pending_semantic_review,40,200,share,30,"board lots 
of 200 H Shares",42771,42771,277804200,277804200,2748800,2748800,0,,pipeline/prospectus_pipeline/data/allot/text/HKIPO-MB6938.jsonl,6ae327ebb2512077d2fbdb1c42bceca3183070ae475daa6c295368a79d889933
3636.HK,"Yunnan Jinxun Resources Co., Ltd. - H shares",totals_reconciled_pending_semantic_review,40,200,share,17,"board lots of 
200 Shares",64456,64456,527434000,527434000,3676600,3676600,0,,pipeline/prospectus_pipeline/data/allot/text/HKIPO-MB3636.jsonl,70d3561df095b55afdd3c79f44a3aaf8019baf52ea950d84817cb89765a031da
0501.HK,"OmniVision Integrated Circuits Group, Inc. - H shares",totals_reconciled_pending_semantic_review,41,100,share,29,board lots of 100 H Shares,14551,14551,42511100,42511100,4580000,4580000,0,,pipeline/prospectus_pipeline/data/allot/text/HKIPO-MB0501.jsonl,7cd49b9cc1f36153bc337b366ab6f8365171853d1ec919ed834246d610d1730a
3986.HK,GigaDevice Semiconductor Inc. - H shares,totals_reconciled_pending_semantic_review,43,100,share,31,board lots of 100 H Shares,148419,148419,1567888600,1567888600,2891600,2891600,0,,pipeline/prospectus_pipeline/data/allot/text/HKIPO-MB3986.jsonl,6ecddb061eefb00c35d676193aaeaa36feaf68cad7ed3b7ac65283e2c612778b
1641.HK,"Hongxing Coldchain (Hunan) Co., Ltd.- H shares",totals_reconciled_pending_semantic_review,38,500,share,17,board lots of 500 H Shares,103102,103102,5372469000,5372469000,2326500,2326500,0,,pipeline/prospectus_pipeline/data/allot/text/HKIPO-MB1641.jsonl,66519ba862cf9ddf4f6ae77a14649fca0e2338baeda82bc482719524870e7728
9611.HK,"Shanghai Longcheer Technology Co., Ltd.- H shares",totals_reconciled_pending_semantic_review,40,100,share,28,board lots of 100 H Shares,145096,145096,6008667200,6008667200,5226000,5226000,0,,pipeline/prospectus_pipeline/data/allot/text/HKIPO-MB9611.jsonl,a5343051bff3f8253d5f1e81d51cd9713f8c004372f1c0fdbbf469fdad0bcb74
1768.HK,"BUSY MING GROUP CO., LTD.- H shares",totals_reconciled_pending_semantic_review,40,100,share,36,board lots of 100 H Shares,229245,229245,2678666900,2678666900,1410200,1410200,0,,pipeline/prospectus_pipeline/data/allot/text/HKIPO-MB1768.jsonl,0ac738db0cf8ea251fa405a6f84398bed51c0e1ede45fbeb5e5edadcd969c609
9980.HK,"Eastroc Beverage (Group) Co., Ltd. - H shares",totals_reconciled_pending_semantic_review,40,100,share,33,board lots of 100 H Shares,66692,66692,234972700,234972700,4089000,4089000,0,,pipeline/prospectus_pipeline/data/allot/text/HKIPO-MB9980.jsonl,6b23357493327b67272c1eea4afcafef00da1b6675d419da32413720a8d3e73c
2768.HK,"Qingdao Gon Technology Co., Ltd. - H shares",totals_reconciled_pending_semantic_review,45,200,share,22,board lots of 200 H Shares,171047,171047,6755553800,6755553800,3000000,3000000,0,,pipeline/prospectus_pipeline/data/allot/text/HKIPO-MB2768.jsonl,2834a2404801c5a2c4c8dd5e571837b54270e25f2a9f0f209472ebdefc840a01
2677.HK,Distinct Healthcare Holdings Limited,totals_reconciled_pending_semantic_review,39,50,share,18,"board lots of 
50 Shares",147844,147844,1297094450,1297094450,475000,475000,0,,pipeline/prospectus_pipeline/data/allot/text/HKIPO-MB2677.jsonl,85453570c98640db5cfd415a3bb75f680fa78235d6d0f3ee5812ede936ea9214
2714.HK,"Muyuan Foods Co., Ltd. - H shares",totals_reconciled_pending_semantic_review,43,100,share,33,board lots of 100 H Shares,21268,21268,161061400,161061400,27395200,27395200,0,,pipeline/prospectus_pipeline/data/allot/text/HKIPO-MB2714.jsonl,dfbfad27681d57639ed59d4e521ea528fe089a5d6db8071012c7d0c043d63151
3200.HK,"Shenzhen Han's CNC Technology Co., Ltd. - H shares",totals_reconciled_pending_semantic_review,44,100,share,28,board lots of 100 H Shares,159985,159985,2252124400,2252124400,5045200,5045200,0,,pipeline/prospectus_pipeline/data/allot/text/HKIPO-MB3200.jsonl,d621316fc35bca922331c2d6fbdc50579b81344c0031cdbff9c62d95b31345f3
6809.HK,"Montage Technology Co., Ltd. - H shares",totals_reconciled_pending_semantic_review,45,100,share,37,board lots of 100 H Shares,260646,260646,4660409500,4660409500,6589000,6589000,0,,pipeline/prospectus_pipeline/data/allot/text/HKIPO-MB6809.jsonl,9982add41f363b0e485369ef887a7c5bda9a1c2fd11cc50c268ba9fcb703b1e1
0600.HK,"Axera Semiconductor Co., Ltd. - H shares",totals_reconciled_pending_semantic_review,40,100,share,31,"board 
lots of 100 H Shares",85091,85091,1099698000,1099698000,10491600,10491600,0,,pipeline/prospectus_pipeline/data/allot/text/HKIPO-MB0600.jsonl,3a1a07653b921bb8ba0ce7f1b40ba6742c40b0e3d3ef4cf1451717caaa26ad25
2720.HK,Ridge Outdoor International Limited,totals_reconciled_pending_semantic_review,39,500,share,12,"board 
lots of 500 Shares",111036,111036,10306751000,10306751000,2820500,2820500,0,,pipeline/prospectus_pipeline/data/allot/text/HKIPO-MB2720.jsonl,2cff4b2d3ae57cc2e4a003c37daf0c1d4a1e25957c752bd3fad18a4481f8f85a
0470.HK,"WUXI LEAD INTELLIGENT EQUIPMENT CO., LTD. - H shares",totals_reconciled_pending_semantic_review,43,100,share,29,board lots of 100 H Shares,57322,57322,744604700,744604700,9361600,9361600,0,,pipeline/prospectus_pipeline/data/allot/text/HKIPO-MB0470.jsonl,729e56ff04d6df2c6445c78b123a2688fd78f2c3c3e97ad67f074d004eafcbf8
2706.HK,"Beijing Haizhi Technology Group Co., Ltd. - H Shares",totals_reconciled_pending_semantic_review,40,200,share,25,board lots of 200 H Shares,232258,232258,14198363600,14198363600,2803200,2803200,0,,pipeline/prospectus_pipeline/data/allot/text/HKIPO-MB2706.jsonl,327752a8e41703118f91c2a85275bf0fa377580151c21cabd0a68c103918c3da
9981.HK,"Shenzhen Woer Heat-Shrinkable Material Co., Ltd. - H Shares",totals_reconciled_pending_semantic_review,42,200,share,21,board lots of 200 H Shares,141463,141463,7973503000,7973503000,13999000,13999000,0,,pipeline/prospectus_pipeline/data/allot/text/HKIPO-MB9981.jsonl,565cd638513b1e194230bdb7f3c18b44e6009d7997a701a6d63eea4ab4882689
2649.HK,"ALSCO Pooling Service Co., Ltd. - H Shares",totals_reconciled_pending_semantic_review,41,200,share,17,board lots of 200 H Shares,162571,162571,10774571500,10774571500,2034000,2034000,0,,pipeline/prospectus_pipeline/data/allot/text/HKIPO-MB2649.jsonl,76c8cee12dcd2eebd1282e89385f202916de4f6c3e0cdc9d26fea503538fbc03
2715.HK,"ESTUN AUTOMATION CO., LTD - H Shares",totals_reconciled_pending_semantic_review,40,200,share,22,board lots of 200 H Shares,27190,27190,190369800,190369800,9678000,9678000,0,,pipeline/prospectus_pipeline/data/allot/text/HKIPO-MB2715.jsonl,a800d8418826406eb68933a385b9e5048c659d7c4c391d8fbadbf57d75c26189
2692.HK,"Shenzhen Zhaowei Machinery & Electronics Co., Ltd. - H Shares",totals_reconciled_pending_semantic_review,44,100,share,23,board lots of 100 H Shares,180292,180292,4110686100,4110686100,2674900,2674900,0,,pipeline/prospectus_pipeline/data/allot/text/HKIPO-MB2692.jsonl,25ba549eb8fa528a0fd139a765276a946b6eb5108e3188594853c5db8d498bf6
3268.HK,"MeiG Smart Technology Co., Ltd. - H Shares",totals_reconciled_pending_semantic_review,44,100,share,25,board lots of 100 H Shares,57965,57965,609436500,609436500,3500000,3500000,0,,pipeline/prospectus_pipeline/data/allot/text/HKIPO-MB3268.jsonl,ec235f9c6e35ad55d4162f471b9ac504c5c1a5c2dfec550a247b3d37e58dfedd
1989.HK,Delton Technology (Guangzhou) Inc. - H Shares,totals_reconciled_pending_semantic_review,44,100,share,36,board lots of 100 H Shares,202417,202417,4925330400,4925330400,4600000,4600000,0,,pipeline/prospectus_pipeline/data/allot/text/HKIPO-MB1989.jsonl,901c79c698c8f03f1cd132c9a6b906088617cd66440072c8a74b55d562ec42e3
2701.HK,Nsing Technologies Inc. - H Shares,totals_reconciled_pending_semantic_review,40,200,share,26,board lots of 200 H Shares,56547,56547,1252387600,1252387600,9500000,9500000,0,,pipeline/prospectus_pipeline/data/allot/text/HKIPO-MB2701.jsonl,d2aee64ae602931f1028a76a7e17732fc5e90d02422d5b117d06d41e74c4839f
3355.HK,FS.COM Ltd. - H Shares,quarantined_reconciliation,42,100,share,23,board lots of 100 Shares,196756,196756,6318827400,6318827400,2557500,4000000,0,,pipeline/prospectus_pipeline/data/allot/text/HKIPO-MB3355.jsonl,952a9cb40bcb43acea4f19713b9a727c6404762d0f874fb44f8b7f3997a069fc
2632.HK,"Jiangsu New Vision Automotive Electronics Co., Ltd. - H Shares",totals_reconciled_pending_semantic_review,44,50,share,15,board lots of 50 H Shares,31183,31183,111790150,111790150,1622650,1622650,0,,pipeline/prospectus_pipeline/data/allot/text/HKIPO-MB2632.jsonl,4eab4eaa78b0a8e27658100e7a5feecb87afe76342447d9f9f1c68bc9ed967e5
2729.HK,"Zhejiang Galaxis Technology Group Co., Ltd. - H Shares",totals_reconciled_pending_semantic_review,40,200,share,13,board lots of 200 H Shares,107253,107253,7923551200,7923551200,3679800,3679800,0,,pipeline/prospectus_pipeline/data/allot/text/HKIPO-MB2729.jsonl,e495df49f8dfafa83a642126d8f114c64bc5ef505a4ea2b5067937f4cbb44fc2
1021.HK,"Guangdong Huayan Robotics Co., Ltd. - H Shares",totals_reconciled_pending_semantic_review,38,200,share,30,board lots of 200 H Shares,227070,227070,20436879200,20436879200,16157000,16157000,0,,pipeline/prospectus_pipeline/data/allot/text/HKIPO-MB1021.jsonl,e75e13f0c1b037167f695695dfced2a0812a38847166bd012be75ac018b9b24a
2526.HK,"Hangzhou Diagens Biotechnology Co., Ltd. - B - H Shares",totals_reconciled_pending_semantic_review,42,50,share,19,"board 
lots of 50 
Shares",115017,115017,858643350,858643350,799950,799950,0,,pipeline/prospectus_pipeline/data/allot/text/HKIPO-MB2526.jsonl,a22ed38a3b906350b50f6bbd66c9dcb929078f30f2a20564ae32f30e4cb599e3
2726.HK,"Epiworld International Co., Ltd. - H Shares",totals_reconciled_pending_semantic_review,42,50,share,14,board lots of 50 H Shares,45084,45084,108882750,108882750,2149250,2149250,0,,pipeline/prospectus_pipeline/data/allot/text/HKIPO-MB2726.jsonl,3704e45141079614c4afa92e78731b052091f54b215434a0affb7ad0f540346d
6636.HK,"Shandong Extreme Vision Technology Co., Ltd. - H Shares",totals_reconciled_pending_semantic_review,41,50,share,18,board lots of 50 H Shares,159089,159089,2865013350,2865013350,2496000,2496000,0,,pipeline/prospectus_pipeline/data/allot/text/HKIPO-MB6636.jsonl,e1e01f1e71df56f563d8f2ce37e7d5fe47d10cdf88fd91bcb155163ee6229e0c
0664.HK,"Hangzhou Tongshifu Cultural and Creative (Group) Co., Ltd. - H Shares",totals_reconciled_pending_semantic_review,40,100,share,20,board lots of 100 H Shares,26280,26280,44111400,44111400,1111000,1111000,0,,pipeline/prospectus_pipeline/data/allot/text/HKIPO-MB0664.jsonl,1412622a9a0dd0da4f28ff78eb1fa238e4de5ac58aef97b3d2cafd9453240bfe
3625.HK,"Shanghai FourSemi Semiconductor Co., Ltd. - H Shares",totals_reconciled_pending_semantic_review,40,100,share,19,board lots of 100 Shares,118537,118537,1871057300,1871057300,2400000,2400000,0,,pipeline/prospectus_pipeline/data/allot/text/HKIPO-MB3625.jsonl,85dfde65b3ac31be6759e08ba40f7d311f80675ee3a62faf139a849d0820e0a9
6656.HK,"Sigenergy Technology Co., Ltd. - H Shares",totals_reconciled_pending_semantic_review,38,100,share,34,board lots of 100 H Shares,202730,202730,1495920500,1495920500,1357400,1357400,0,,pipeline/prospectus_pipeline/data/allot/text/HKIPO-MB6656.jsonl,841336284c7b444ded498b867977006f8c7f64879e28352f22c6e9cb69b84309
0068.HK,Manycore Tech Inc.,totals_reconciled_pending_semantic_review,40,500,share,23,"board lots of 
500 Shares",240700,240700,25547639500,25547639500,16062000,16062000,0,,pipeline/prospectus_pipeline/data/allot/text/HKIPO-MB0068.jsonl,51f2444f100f0934561d2a596f80d5eb840a7e9c227da4fffbda8e2127d2b9d5
3277.HK,Gpixel Changchun Microelectronics Inc. - H Shares,totals_reconciled_pending_semantic_review,43,100,share,45,board lots of 100 Shares,266501,266501,7431943800,7431943800,6529500,6529500,0,,pipeline/prospectus_pipeline/data/allot/text/HKIPO-MB3277.jsonl,618e3d442f5c943bc933f8a71df29bc4442c485ce6d7a3f47baf03d1dd8ea294
2476.HK,"Victory Giant Technology (HuiZhou) Co., Ltd. - H Shares",totals_reconciled_pending_semantic_review,40,100,share,52,board lots of 100 H Shares,250606,250606,3234220300,3234220300,7852800,8334800,482000,2.0,pipeline/prospectus_pipeline/data/allot/text/HKIPO-MB2476.jsonl,0a087df2b544b3e0a98abf927726e5315fff5a7fa2709e1144fb9b4a0f3ed075
3296.HK,"Huaqin Co., Ltd. - H Shares",totals_reconciled_pending_semantic_review,45,100,share,28,board lots of 100 H Shares,140150,140150,3110912600,3110912600,5854900,5854900,0,,pipeline/prospectus_pipeline/data/allot/text/HKIPO-MB3296.jsonl,7e9d962ffbea3a6a4afd82fda4a33d7a5ee0fe4ff80fc0678924d9882d3d8b7d
1879.HK,"Shanghai Xizhi Technology Co., Ltd. - P - H Shares",totals_reconciled_pending_semantic_review,39,15,share,44,board lots of 15 H Shares,378085,378085,3990144405,3990144405,2759055,2759055,0,,pipeline/prospectus_pipeline/data/allot/text/HKIPO-MB1879.jsonl,eadda38b1d7297ac814793957abab99eab4a9a24d116238a02b6de3b1b08cc47
2493.HK,"Mabwell (Shanghai) Bioscience Co., Ltd. - B - H Shares",totals_reconciled_pending_semantic_review,38,200,share,23,board lots of 200 H Shares,126378,126378,2270397600,2270397600,4713200,4713200,0,,pipeline/prospectus_pipeline/data/allot/text/HKIPO-MB2493.jsonl,0ee1c5a391087e673412d1b5564a5741f0f652e9f3e9eda6962f43bd449d951f
6810.HK,"Shanghai Sunmi Technology Co., Ltd. - W - H Shares",totals_reconciled_pending_semantic_review,43,100,share,26,board lots of 100 H Shares,204939,204939,8538879300,8538879300,4262700,4262700,0,,pipeline/prospectus_pipeline/data/allot/text/HKIPO-MB6810.jsonl,7f313380d5518369e0e15d301f91c40b44bccdd660a880a8058876ef0c4421b6
1609.HK,"Star Sports Medicine Co., Ltd. - H Shares",totals_reconciled_pending_semantic_review,43,50,share,21,"board lots of 
50 H Shares",300735,300735,6588640500,6588640500,842200,842200,0,,pipeline/prospectus_pipeline/data/allot/text/HKIPO-MB1609.jsonl,91b3e7c6dcf275aa78129d2077dc8da4fffaa0aa63fa83e6160af58d7aabc0cc
1187.HK,"Cofoe Medical Technology Co., Ltd. - H Shares",totals_reconciled_pending_semantic_review,42,100,share,28,board lots of 100 H Shares,105939,105939,1077506800,1077506800,2700000,2700000,0,,pipeline/prospectus_pipeline/data/allot/text/HKIPO-MB1187.jsonl,fadda50eae49cc8e2e7f140104fb554ae904bff256b53cee6018a2abb169952b
1236.HK,"SHENZHEN LDROBOT CO., LTD - H Shares",totals_reconciled_pending_semantic_review,39,200,share,24,board lots of 200 H Shares,296740,296740,22359328600,22359328600,3333400,3333400,0,,pipeline/prospectus_pipeline/data/allot/text/HKIPO-MB1236.jsonl,c027a87a9e941cbee1072aa0e25efdb20762c5b011c8afca7bf3505fbf42e1f0
7630.HK,"IMPACT Therapeutics, Inc - B - H Shares",totals_reconciled_pending_semantic_review,40,200,share,24,board lots of 200 H Shares,221788,221788,9581069400,9581069400,4197800,4197800,0,,pipeline/prospectus_pipeline/data/allot/text/HKIPO-MB7630.jsonl,e73ecef20e5a6a7f842712ea8832d63d4d36f5d8a1110b8d04431f2b0d433f9d
7666.HK,"Metis TechBio Co., Ltd. - P - H Shares",totals_reconciled_pending_semantic_review,40,500,share,30,board lots of 500 H Shares,383309,383309,69534656500,69534656500,40246000,40246000,0,,pipeline/prospectus_pipeline/data/allot/text/HKIPO-MB7666.jsonl,cae7a755fbab7db3d2ceb47bda3fa3da94a74e2c0c079c2bde1fd1bc8c22288c
6871.HK,"Robotphoenix Intelligent Technology Co., Ltd. - H Shares",totals_reconciled_pending_semantic_review,37,100,share,22,board lots of 100 H Shares,330334,330334,18272139700,18272139700,4920000,4920000,0,,pipeline/prospectus_pipeline/data/allot/text/HKIPO-MB6871.jsonl,8016cf1cb913e61dde74ba46044924a8df57c2733ea1350f8b5634b606a44c28
1511.HK,"UISEE Technologies (Beijing) Co., Ltd. - H Shares",totals_reconciled_pending_semantic_review,40,50,share,27,board lots of 50 H Shares,285972,285972,4900657700,4900657700,2892250,2892250,0,,pipeline/prospectus_pipeline/data/allot/text/HKIPO-MB1511.jsonl,2633d2783e2ac24a0b6dddfa5fe598576609b73c1e3cfe62a504eedf2f7f2813
7688.HK,"Shanghai Top Numerical Control Technology Co., Ltd. - H Shares",totals_reconciled_pending_semantic_review,43,100,share,27,board lots of 100 H Shares,344049,344049,24594360400,24594360400,6533000,6533000,0,,pipeline/prospectus_pipeline/data/allot/text/HKIPO-MB7688.jsonl,85ea2f0ab55c963d33e803a209bc4f8a45aedcd7e56a7dcea6dca0e0b60f1a68
6872.HK,TenNor Therapeutics (Suzhou) Limited - B - H Shares,totals_reconciled_pending_semantic_review,40,50,share,25,board lots of 50 H Shares,275978,275978,7465408500,7465408500,828100,828100,0,,pipeline/prospectus_pipeline/data/allot/text/HKIPO-MB6872.jsonl,f447a6604fc317c87bd3181f7c70faebdd9c877d5d7e99c3622ed680193e52a2
0901.HK,"Shenzhen SDMC Technology Co., Ltd. - H Shares",totals_reconciled_pending_semantic_review,40,100,share,24,board lots of 100 H Shares,177196,177196,3787797300,3787797300,1920800,1920800,0,,pipeline/prospectus_pipeline/data/allot/text/HKIPO-MB0901.jsonl,561b774a07bb617736b91d729f0268af4185751068c791fe2d492f58bf8a38ea
2723.HK,"Beijing DeepZero Technology Co., Ltd. - H Shares",totals_reconciled_pending_semantic_review,43,100,share,13,board lots of 100 H Shares,232456,232456,4969471300,4969471300,906800,906800,0,,pipeline/prospectus_pipeline/data/allot/text/HKIPO-MB2723.jsonl,493aee3858b7af04bed34802a788dafc7b9f48c4baae44a1a304f2ab1c087cf9
3310.HK,"Viewtrix Technology Co., Ltd - H Shares",totals_reconciled_pending_semantic_review,40,200,share,22,board lots of 200 H Shares,242444,242444,18816492800,18816492800,5286000,5286000,0,,pipeline/prospectus_pipeline/data/allot/text/HKIPO-MB3310.jsonl,f926563108d08eede3b7d36ae61e61b234324017fe509687d0a8383dd21f5487
3388.HK,"Shenzhen Creality 3D Technology Co., Ltd. - H Shares",totals_reconciled_pending_semantic_review,39,150,share,23,board lots of 150 H Shares,251375,251375,28118695650,28118695650,7342800,7342800,0,,pipeline/prospectus_pipeline/data/allot/text/HKIPO-MB3388.jsonl,0d9916310f0bda677995322aa6e1f3b9a2f57a61aef6903b0a134c647a0c7d33
2553.HK,"Beijing Shougang LanzaTech Technology Co., Ltd. - H Shares",totals_reconciled_pending_semantic_review,37,200,share,14,board lots of 200 H Shares,109125,109125,5686144400,5686144400,6000000,6000000,0,,pipeline/prospectus_pipeline/data/allot/text/HKIPO-MB2553.jsonl,b51010b5a3fb2a99e5505405be06de4a9c2c56d8a3c67140d9c4a91413f4ad14
1081.HK,"Dajin Heavy Industry Co., Ltd. - H Shares",totals_reconciled_pending_semantic_review,44,100,share,23,"board lots of 
100 Shares",122627,122627,1168777400,1168777400,8696600,8696600,0,,pipeline/prospectus_pipeline/data/allot/text/HKIPO-MB1081.jsonl,a108340e644e0901d07c920817d7fd6e28570238bc4e031cffeb115058bb158d
1779.HK,"LongBio Pharma (Suzhou) Co., Ltd. - B - H Shares",totals_reconciled_pending_semantic_review,43,50,share,27,board lots of 50 H Shares,266377,266377,6759772650,6759772650,1419350,1419350,0,,pipeline/prospectus_pipeline/data/allot/text/HKIPO-MB1779.jsonl,5c32a09ffbad7ec5b4676681aea28b600156cde8cabc506847ef13009e0dd360
2290.HK,Lung Fung Group Holdings Limited,applicants_allocation_reconciled_applied_total_conflict,42,500,share,12,"board lots of 
500 Shares",133189,133189,8311550000,6362250000,12500000,12500000,0,,pipeline/prospectus_pipeline/data/allot/text/HKIPO-MB2290.jsonl,cc4cd664dd66b59fb3c37693fb39fa5b92f528972aeb9b97790fd637d758777e
6658.HK,"Liuliumei Co., Ltd. - H Shares",totals_reconciled_pending_semantic_review,40,100,share,16,board lots of 100 H Shares,180507,180507,7551685900,7551685900,1146500,1146500,0,,pipeline/prospectus_pipeline/data/allot/text/HKIPO-MB6658.jsonl,aea3c03a9d977cf06b6c010068d49ec8b6ff16e54779ee1439e548323b393a7e
6675.HK,"SENASIC Electronics Technology Co., Ltd. - H Shares",totals_reconciled_pending_semantic_review,39,200,share,28,"board lots of 
200 H Shares",237930,237930,27478241600,27478241600,5340800,5340800,0,,pipeline/prospectus_pipeline/data/allot/text/HKIPO-MB6675.jsonl,328f7f0a8ce6932d6c9de71d91c64720c509eb366299424184f4aff5447fca1c
1392.HK,"Shenzhen HQVT Technology Co., Ltd. - H Shares",applicants_allocation_reconciled_applied_total_conflict,40,500,share,18,board lots of 500 H Shares,252640,252640,61158791500,84572151000,8516500,8516500,0,,pipeline/prospectus_pipeline/data/allot/text/HKIPO-MB1392.jsonl,5a255290d9fe592c7421e9f74f046cd7c46a7a1d7018244dd88d5c4dbe3f1e58
6067.HK,"Shenzhen Senior Technology Material Co., Ltd. - H Shares",totals_reconciled_pending_semantic_review,40,500,share,22,board lots of 500 H Shares,209580,209580,23373135000,23373135000,14952500,14952500,0,,pipeline/prospectus_pipeline/data/allot/text/HKIPO-MB6067.jsonl,178fd38921c07dea965730f00f95747d8d7250a238522483362de7745521964d
6132.HK,"HJ Science Co., Ltd. - B - H Shares",totals_reconciled_pending_semantic_review,42,100,share,21,board lots of 100 H Shares,173284,173284,2730338000,2730338000,1360000,1360000,0,,pipeline/prospectus_pipeline/data/allot/text/HKIPO-MB6132.jsonl,e05c69c3f0de7548236c9e19997e8cf15ec0676634e1de876ae7e73de5bd1418
2335.HK,"Shaanxi Micot Pharmaceutical Technology Co., Ltd. - B - H Shares",applicants_allocation_reconciled_applied_total_conflict,38,200,share,16,board lots of 200 H Shares,153832,153832,6859076200,6859084176,5805600,5805600,0,,pipeline/prospectus_pipeline/data/allot/text/HKIPO-MB2335.jsonl,c2523edd15b81da160e4fd6fbd767ecdf69caf832178c9a530ee11aac103290a
6106.HK,"Shanghai Seer Intelligent Technology Co., Ltd. - H Shares",applicants_allocation_reconciled_applied_total_conflict,40,50,share,28,board lots of 50 H Shares,222966,222966,3115049350,3115050544,2099500,2099500,0,,pipeline/prospectus_pipeline/data/allot/text/HKIPO-MB6106.jsonl,5af81aad7ce4d1c8b416cc24cc1b7c4476a649de70c886ce71012666f2fd525d
1688.HK,LINGYI iTECH (GUANGDONG) COMPANY - H Shares,totals_reconciled_pending_semantic_review,39,660,share,31,board lots of 660 H Shares,162822,162822,7806295200,7806295200,81181320,81181320,0,,pipeline/prospectus_pipeline/data/allot/text/HKIPO-MB1688.jsonl,91a85cf46b705ae41afbbd51245931a2619d7c49ca1a40f3d09d2151fb52c208
1956.HK,"Beijing Zhongke WengeAI Science and Technology Co., Ltd. - H Shares",totals_reconciled_pending_semantic_review,39,200,share,24,"board lots of 
200 H Shares",195072,195072,4426156200,4426156200,2967000,2967000,0,,pipeline/prospectus_pipeline/data/allot/text/HKIPO-MB1956.jsonl,8f0b769750daa6dc8dcd823ea955a1100a29fea3c8a8291c691f1b58bc65b9ea
2272.HK,KEYTOP PARKING INC. - H Shares,totals_reconciled_pending_semantic_review,38,60,share,14,board lots of 60 H Shares,165737,165737,2138980680,2138980680,1011240,1011240,0,,pipeline/prospectus_pipeline/data/allot/text/HKIPO-MB2272.jsonl,cde5602912cda305f19a71677307bb70026f33ea0e1d8147263b74744f061801
3661.HK,SG Micro Corp - H Shares,totals_reconciled_pending_semantic_review,44,100,share,28,board lots of 100 H Shares,153878,153878,1359388100,1359388100,5400200,5400200,0,,pipeline/prospectus_pipeline/data/allot/text/HKIPO-MB3661.jsonl,8c728b08999b2c932f4c4f8c04e109b466ee5bb19dcc8f03eeaade7345c9e3a1
6228.HK,PT MERDEKA GOLD RESOURCES Tbk- DRS,totals_reconciled_pending_semantic_review,35,100,HDR,24,board lots of 100 HDRs,22329,22329,39645800,39645800,8966900,8966900,0,,pipeline/prospectus_pipeline/data/allot/text/HKIPO-MB6228.jsonl,46e8dddbd91ef2ad4ec676481be872f45a26d1adcccdd8bb535707b8fea65efe
9630.HK,"Circuit Fabology Microelectronics Equipment Co., Ltd. - H Shares",totals_reconciled_pending_semantic_review,42,50,share,34,board lots of 50 H Shares,207986,207986,1293166900,1293166900,1283900,1283900,0,,pipeline/prospectus_pipeline/data/allot/text/HKIPO-MB9630.jsonl,df2a31406d30be591b8606cd2037f58fefce0baaaa97fc066bcb345fc8bf86cc
1191.HK,"Crealights Technology Co., Ltd. - H Shares",totals_reconciled_pending_semantic_review,40,50,share,27,board lots of 50 H Shares,185373,185373,1741912550,1741912550,1343150,1343150,0,,pipeline/prospectus_pipeline/data/allot/text/HKIPO-MB1191.jsonl,9210619277d30a8116bafaa0c10e779b9353edbaa174e5f5ae21eab214ce16be
2672.HK,"Baige Online Digital Technology Co., Ltd. - H Shares",totals_reconciled_pending_semantic_review,40,200,share,12,board lots of 200 H Shares,44599,44599,807145000,807145000,3334600,3334600,0,,pipeline/prospectus_pipeline/data/allot/text/HKIPO-MB2672.jsonl,59fd9f68d309ebffcb0fc5df37d68e75308951c5f2f2ae80d96c20eaf2ff4cdc
9637.HK,Alebund Pharmaceuticals (Jiangsu) Limited - B - H Shares,totals_reconciled_pending_semantic_review,40,100,share,25,board lots of 100 H Shares,145729,145729,5468766300,5468766300,5675600,5675600,0,,pipeline/prospectus_pipeline/data/allot/text/HKIPO-MB9637.jsonl,6836547fd69deac1fa1196b2828c80b095341c05512282d1b914b541a76687f0
2697.HK,"Guangdong True Health Medical Technology Development Co., Ltd. - B - H Shares",totals_reconciled_pending_semantic_review,40,20,share,15,board lots of 20 H Shares,128208,128208,638236940,638236940,356480,356480,0,,pipeline/prospectus_pipeline/data/allot/text/HKIPO-MB2697.jsonl,c08a76b912199604a02ba64f48a3bede66d8fb0f5b251a0cd371e562d7a5dbbf
3952.HK,"Zhejiang Laifual Drive Co., Ltd. - H Shares",applicants_allocation_reconciled_applied_total_conflict,37,100,share,22,"board 
lots of 100 H Shares",182737,182737,3072837300,3072834479,2688400,2688400,0,,pipeline/prospectus_pipeline/data/allot/text/HKIPO-MB3952.jsonl,940e73ddce761c668183e7a83b691272c1a5dea2f1c5315575c5445fcccde55d
6715.HK,"Hangzhou Qiandaohu Xunlong Sci-tech Co., Ltd. - H Shares",totals_reconciled_pending_semantic_review,39,100,share,25,board lots of 100 H Shares,179723,179723,3486789300,3486789300,1633300,1633300,0,,pipeline/prospectus_pipeline/data/allot/text/HKIPO-MB6715.jsonl,342cb2633a611942f9787de07606b7dab2021e6a0f78592036030df230b9b344
6915.HK,Jiangxi Institute of Biological Products Inc. - H Shares,totals_reconciled_pending_semantic_review,41,500,share,19,board lots of 500 H Shares,78433,78433,1726805000,1726805000,3623500,3623500,0,,pipeline/prospectus_pipeline/data/allot/text/HKIPO-MB6915.jsonl,6cbb4dab4db24420e184c8807b2e2f5e55119be923a27c600e52e59c48feb6f6
0668.HK,"Anker Innovations Technology Co., Ltd. - H Shares",totals_reconciled_pending_semantic_review,38,100,share,20,board lots of 100 Shares,36424,36424,128547100,128547100,4663300,4663300,0,,pipeline/prospectus_pipeline/data/allot/text/HKIPO-MB0668.jsonl,67b06bdf6fc0f8260ef3db7b7911e4cbfe5567877cf0d0d9da40f4b05bb76f2e
2667.HK,"Beijing Tong Ren Tang Healthcare Investment Co., Ltd. - H Shares",applicants_allocation_reconciled_applied_total_conflict,40,500,share,17,board lots of 500 H Shares,66390,66390,2722712500,2722693970,10815500,10815500,0,,pipeline/prospectus_pipeline/data/allot/text/HKIPO-MB2667.jsonl,4049f0d2c56516715b4efc0ec540e31cf019ea221ad0b36e87a9f87dcaadadf0
6880.HK,MOMENTA GLOBAL LIMITED - W,applicants_allocation_reconciled_applied_total_conflict,45,20,share,34,board lots of 20 Class A Ordinary Shares,209045,209045,824707040,824712149,1993840,1993840,0,,pipeline/prospectus_pipeline/data/allot/text/HKIPO-MB6880.jsonl,027dc3545c4bb4e97550aa7a86e60f07b7265d819b7d330716a02c60863c436f
7656.HK,"Reconova Technologies Co., Ltd. - H Shares",applicants_allocation_reconciled_applied_total_conflict,40,200,share,19,board lots of 200 Shares,169551,169551,5120530600,5120526664,5617400,5617400,0,,pipeline/prospectus_pipeline/data/allot/text/HKIPO-MB7656.jsonl,c928037b9eef0a77381b3118d64a296a9b12e9d7a78f13caec5ecc574a487d66
7687.HK,"EACON Group Co., Ltd - H Shares",applicants_allocation_reconciled_applied_total_conflict,40,50,share,33,"board lots of 
50 H Shares",110386,110386,412411450,412415224,2613200,2613200,0,,pipeline/prospectus_pipeline/data/allot/text/HKIPO-MB7687.jsonl,9c0273e636be54d1e00a43468ec407ccea9a8d4f3fce1de6b7c9126abd88e363
9971.HK,"BASiC Semiconductor Co., Ltd. - H Shares",applicants_allocation_reconciled_applied_total_conflict,42,200,share,24,board lots of 200 Shares,207706,207706,6590539800,6590538768,5477400,5477400,0,,pipeline/prospectus_pipeline/data/allot/text/HKIPO-MB9971.jsonl,9c4b65a007fe43a5b84886b9ac1205c59d3a0a75cb8eb118645bd370051d6e40
0537.HK,"RIGOL Technologies Co., Ltd. - H Shares",totals_reconciled_pending_semantic_review,43,100,share,21,board lots of 100 H Shares,92738,92738,885112600,885112600,2480300,2480300,0,,pipeline/prospectus_pipeline/data/allot/text/HKIPO-MB0537.jsonl,883786ceff27e9f1e3aececc9f0d6d15138ed85a3d6d6d79c308f1b73c1bc8fd
1377.HK,"Guangdong Dtech Technology Co., Ltd. - H Shares",applicants_allocation_reconciled_applied_total_conflict,37,100,share,35,board lots of 100 H Shares,118991,118991,403185300,403190216,1202900,1263200,60300,20.0,pipeline/prospectus_pipeline/data/allot/text/HKIPO-MB1377.jsonl,363e7c3f107ef0c08716dbb5e289a6bd68d5673452e659f7d141d4f256ad55cc
1770.HK,DKE Holding Company Limited - H Shares,applicants_allocation_reconciled_applied_total_conflict,40,50,share,15,"board 
lots of 50 H Shares",126957,126957,546474050,546473726,511900,511900,0,,pipeline/prospectus_pipeline/data/allot/text/HKIPO-MB1770.jsonl,544e7c41a905891f84b514bda0781335369308013188993b8c6bc85214b4038c
2475.HK,"Luxshare Precision Industry Co., Ltd. - H Shares",applicants_allocation_reconciled_applied_total_conflict,45,100,share,32,board lots of 100 H Shares,47308,47308,144959900,144952794,38347300,38347300,0,,pipeline/prospectus_pipeline/data/allot/text/HKIPO-MB2475.jsonl,bc2c48c3e833a53d43812209de6c57c5f81aa535a1ce7473686b566702a53aaf
2797.HK,"Jiangxi Qiyunshan Food Co., Ltd. - H Shares",applicants_allocation_reconciled_applied_total_conflict,35,500,share,12,board lots of 500 H Shares,95307,95307,4220214000,4220250000,2500000,2500000,0,,pipeline/prospectus_pipeline/data/allot/text/HKIPO-MB2797.jsonl,3f2f032aaf3b696f7e002f096c1c0e2533980f8dbfbfb7fa342852a010d32f5c
3752.HK,Rokae (Shandong) Robotics Group Inc. - H Shares,applicants_allocation_reconciled_applied_total_conflict,42,100,share,17,board lots of 100 H Shares,63360,63360,360637200,360635056,2303200,2303200,0,,pipeline/prospectus_pipeline/data/allot/text/HKIPO-MB3752.jsonl,c87f608c2779f0f633bd75f01e4146d25273a7a64a58a84754577216de6f210a
6951.HK,"Chaozhou Three-Circle (Group) Co., Ltd. - H Shares",applicants_allocation_reconciled_applied_total_conflict,40,100,share,24,board lots of 100 Shares,174984,174984,2337106300,2337131310,7136500,7136500,0,,pipeline/prospectus_pipeline/data/allot/text/HKIPO-MB6951.jsonl,6c30f08f25f805d6d0cb04cff49ad27b340ceded06dc43be19a400d7e14b71df
2249.HK,NEXCHIP SEMICONDUCTOR (CHINA) LIMITED - H Shares,applicants_allocation_reconciled_applied_total_conflict,40,100,share,28,board lots of 100 H Shares,195505,195505,7441779600,7441765142,21616700,21616700,0,,pipeline/prospectus_pipeline/data/allot/text/HKIPO-MB2249.jsonl,68077c74705063ca12e9c0cb425ffdf430a7da1141a70ff63856498f7b52fecd
6745.HK,"Befar Group Co., Ltd - H Shares",applicants_allocation_reconciled_applied_total_conflict,40,1000,share,16,"board lots of 
1,000 H Shares",88855,88855,8013633000,8013774540,35213000,35213000,0,,pipeline/prospectus_pipeline/data/allot/text/HKIPO-MB6745.jsonl,5b107c955f7dbd053e0a16514a08aa2b54a23c42256bca3cd686e08488c01458
3308.HK,"ZHONGJI INNOLIGHT CO., LTD. - H Shares",totals_reconciled_pending_semantic_review,40,50,share,34,board lots of 50 H Shares,62731,62731,91799450,91799450,5450000,5450000,0,,pipeline/prospectus_pipeline/data/allot/text/HKIPO-MB3308.jsonl,44dcd8031985a279ec8c9df01a5b6f62aa232e882b8bd391481faf812137423f
2261.HK,"NASN Intelligent Tech (Zhejiang) Co., Ltd. - H Shares",totals_reconciled_pending_semantic_review,43,100,share,19,"board lots 
of 100 H Shares",161125,161125,14476731200,14476731200,5759500,5759500,0,,pipeline/prospectus_pipeline/data/allot/text/HKIPO-MB2261.jsonl,88ed053b3247f2b71fa0f278a11719546a2a4957762fb7eb08cc34cc2bb4ae0f
3223.HK,"Ingenic Semiconductor Co., Ltd. - H Shares",totals_reconciled_pending_semantic_review,43,100,share,26,board lots of 100 H Shares,141851,141851,2901565000,2901565000,3128800,3128800,0,,pipeline/prospectus_pipeline/data/allot/text/HKIPO-MB3223.jsonl,fe79f90085dc3cff409385bffca25d552c99ac437197ba3b1bc698b270093223
0625.HK,SHEIN Global Holdings Limited - W,totals_reconciled_pending_semantic_review,35,100,share,32,board lots of 100 Class B Shares,35751,35751,157684200,157684200,27999300,27999300,0,,pipeline/prospectus_pipeline/data/allot/text/HKIPO-MB0625.jsonl,77440df9b374869e5a6d1bdcc5d5c819b9dac9ed4f7135e3c056fbd5060be928
9615.HK,"Mech-Mind Robotics Technologies Co., Ltd. - H Shares",totals_reconciled_pending_semantic_review,39,30,share,25,board lots of 30 H Shares,252461,252461,4437660000,4437660000,4628130,4628130,0,,pipeline/prospectus_pipeline/data/allot/text/HKIPO-MB9615.jsonl,adc30229c6753fdfab2690c8024c03c967d6c9400b688b9fd5e82a0c05013f21
2041.HK,"Medcaptain Medical Technology Co., Ltd. - H Shares",totals_reconciled_pending_semantic_review,43,100,share,15,"board 
lots of 100 H Shares",57305,57305,1697974600,1697974600,3891100,3891100,0,,pipeline/prospectus_pipeline/data/allot/text/HKIPO-MB2041.jsonl,2c0680608f24a3ab253877d917bd9a7e9b0ec2b33fb24d33ffdad13f60f9bf31
9976.HK,"Shenzhen Longsys Electronics Co., Ltd. - H Shares",applicants_allocation_reconciled_applied_total_conflict,40,50,share,32,board lots of 50 H Shares,36285,36285,105156600,105146500,2607800,2607800,0,,pipeline/prospectus_pipeline/data/allot/text/HKIPO-MB9976.jsonl,5a039365b7a260bab6d31df0bd43afe2764705bd8a682b7be2e7239ffe186633
3231.HK,Excelland Robotics (Wuxi) Co. Ltd. - H Shares,totals_reconciled_pending_semantic_review,40,200,share,23,board lots of 200 H Shares,27933,27933,315045600,315045600,2781800,2781800,0,,pipeline/prospectus_pipeline/data/allot/text/HKIPO-MB3231.jsonl,b85d18feb24ea24dc1a0499515a9ff9060edc26976c0e05ef9063973800869f1
6727.HK,"Transwarp Technology (Shanghai) Co., Ltd - H Shares",totals_reconciled_pending_semantic_review,37,100,share,16,board lots of 100 H Shares,20485,20485,51749500,51749500,2802200,2802200,0,,pipeline/prospectus_pipeline/data/allot/text/HKIPO-MB6727.jsonl,29254ccf95691cc6448a842c8de75dcaefd0088b50295c9f2957b32cf99a91e3
9856.HK,"Ligent Technologies, Inc.",totals_reconciled_pending_semantic_review,39,100,share,36,board lots of 100 Shares,37594,37594,604769300,604769300,17201500,17201500,0,,pipeline/prospectus_pipeline/data/allot/text/HKIPO-MB9856.jsonl,63082879e4e27f12d4c6b18af24c065ba81dd8d5f32a0d1db12d1045ecad18a3
3228.HK,"Shenzhen Kinwong Electronic Co., Ltd. - H Shares",totals_reconciled_pending_semantic_review,43,100,share,30,board lots of 100 H Shares,61273,61273,687538100,687538100,7294500,7294500,0,,pipeline/prospectus_pipeline/data/allot/text/HKIPO-MB3228.jsonl,608fbea38a6e0bded345455c86fdbe37c468a956ec1b0e3bdfb97de24772ba06
3757.HK,"RoboTechnik Intelligent Technology Co., Ltd.  - H Shares",totals_reconciled_pending_semantic_review,35,50,share,31,board lots of 50 H Shares,13075,13075,10276700,10276700,1187600,1187600,0,,pipeline/prospectus_pipeline/data/allot/text/HKIPO-MB3757.jsonl,86e4e939eba8c5d6c7a058d928ae6b8c445379b41d291920fa428aaeaf505efe
6731.HK,Direct Drive Tech Limited - H Shares,totals_reconciled_pending_semantic_review,43,100,share,20,"board 
lots of 100 H Shares",43933,43933,521387700,521387700,10000000,10000000,0,,pipeline/prospectus_pipeline/data/allot/text/HKIPO-MB6731.jsonl,e4fc6ebfeac0a5c37dc0e837212e78c4acf0f6444c4e3e1fdcbd8fab5c6eab30
9607.HK,"Red Avenue New Materials Group Co., Ltd.",totals_reconciled_pending_semantic_review,36,100,share,18,board lots of 100 H Shares,12645,12645,23066500,23066500,6811900,6811900,0,,pipeline/prospectus_pipeline/data/allot/text/HKIPO-MB9607.jsonl,3e7a8748d0827ab5f497ea2d98d321b3eb332692f5b6d934d6a75255e77c4878
6802.HK,"Shenzhen Camsense Technologies Co., Ltd. - H Shares",totals_reconciled_pending_semantic_review,37,100,share,26,board lots of 100 H Shares,157315,157315,4110508700,4110508700,1158900,1158900,0,,pipeline/prospectus_pipeline/data/allot/text/HKIPO-MB6802.jsonl,2089830852afea7d1d7d3987f2ddf44c4806537b39fceaef9e5e00c03f0e5ffc
