code,company,board_lot_units,board_lot_unit,board_lot_page,board_lot_quote,source_text,source_sha256,official_pdf_url,semantic_review,review_ref
6082.HK,"Shanghai Biren Technology Co., Ltd.- H shares",200,share,47,board lots of 200 Shares,pipeline/prospectus_pipeline/data/allot/text/HKIPO-MB6082.jsonl,c09b6f0f759ccf63b6d471dfc301dff68d3d13198cee3ad6cc2b7b8a3595cf91,https://www1.hkexnews.hk/listedco/listconews/sehk/2025/1231/2025123102783.pdf,pass,allocation_review.json
2513.HK,Knowledge Atlas Technology Joint Stock Company Limited - H shares,100,share,33,board lots of 100 H Shares,pipeline/prospectus_pipeline/data/allot/text/HKIPO-MB2513.jsonl,c758b8aca9167c72b81ac613ad6b5cc2158169fe24ac4aa8dae40412400b4bf7,https://www1.hkexnews.hk/listedco/listconews/sehk/2026/0107/2026010701798.pdf,pass,allocation_review.json
9903.HK,"Shanghai Iluvatar CoreX Semiconductor Co., Ltd. - H shares",100,share,29,board lots of 100 H Shares,pipeline/prospectus_pipeline/data/allot/text/HKIPO-MB9903.jsonl,5285b2eea47cfc2a6a120d72973f90d4cf5a90b33865e360c2667afe5630e19e,https://www1.hkexnews.hk/listedco/listconews/sehk/2026/0107/2026010701802.pdf,pass,allocation_review.json
2675.HK,"Shenzhen Edge Medical Co., Ltd.- B - H shares",100,share,28,board lots of 100 H Shares,pipeline/prospectus_pipeline/data/allot/text/HKIPO-MB2675.jsonl,932f4234b38e339214df06f52eb42e492746e40d1dd8ea009973dc65c6d34abf,https://www1.hkexnews.hk/listedco/listconews/sehk/2026/0107/2026010701900.pdf,pass,allocation_review.json
0100.HK,MiniMax Group Inc. - W - P,20,share,50,board lots of 20 Class A Ordinary Shares,pipeline/prospectus_pipeline/data/allot/text/HKIPO-MB0100.jsonl,cb0c660bda0d4754cf3baabda050c8b2fb2c57b3c0d53c41c3b7a2c2f2b98b09,https://www1.hkexnews.hk/listedco/listconews/sehk/2026/0108/2026010801342.pdf,pass,allocation_review.json
6938.HK,"Suzhou Ribo Life Science Co., Ltd. - B - H shares",200,share,30,"board lots 
of 200 H Shares",pipeline/prospectus_pipeline/data/allot/text/HKIPO-MB6938.jsonl,6ae327ebb2512077d2fbdb1c42bceca3183070ae475daa6c295368a79d889933,https://www1.hkexnews.hk/listedco/listconews/sehk/2026/0108/2026010801352.pdf,pass,allocation_review.json
3636.HK,"Yunnan Jinxun Resources Co., Ltd. - H shares",200,share,17,"board lots of 
200 Shares",pipeline/prospectus_pipeline/data/allot/text/HKIPO-MB3636.jsonl,70d3561df095b55afdd3c79f44a3aaf8019baf52ea950d84817cb89765a031da,https://www1.hkexnews.hk/listedco/listconews/sehk/2026/0108/2026010801368.pdf,pass,allocation_review.json
0501.HK,"OmniVision Integrated Circuits Group, Inc. - H shares",100,share,29,board lots of 100 H Shares,pipeline/prospectus_pipeline/data/allot/text/HKIPO-MB0501.jsonl,7cd49b9cc1f36153bc337b366ab6f8365171853d1ec919ed834246d610d1730a,https://www1.hkexnews.hk/listedco/listconews/sehk/2026/0109/2026010901581.pdf,pass,allocation_review.json
3986.HK,GigaDevice Semiconductor Inc. - H shares,100,share,31,board lots of 100 H Shares,pipeline/prospectus_pipeline/data/allot/text/HKIPO-MB3986.jsonl,6ecddb061eefb00c35d676193aaeaa36feaf68cad7ed3b7ac65283e2c612778b,https://www1.hkexnews.hk/listedco/listconews/sehk/2026/0112/2026011201539.pdf,pass,allocation_review.json
1641.HK,"Hongxing Coldchain (Hunan) Co., Ltd.- H shares",500,share,17,board lots of 500 H Shares,pipeline/prospectus_pipeline/data/allot/text/HKIPO-MB1641.jsonl,66519ba862cf9ddf4f6ae77a14649fca0e2338baeda82bc482719524870e7728,https://www1.hkexnews.hk/listedco/listconews/sehk/2026/0112/2026011201301.pdf,pass,allocation_review.json
9611.HK,"Shanghai Longcheer Technology Co., Ltd.- H shares",100,share,28,board lots of 100 H Shares,pipeline/prospectus_pipeline/data/allot/text/HKIPO-MB9611.jsonl,a5343051bff3f8253d5f1e81d51cd9713f8c004372f1c0fdbbf469fdad0bcb74,https://www1.hkexnews.hk/listedco/listconews/sehk/2026/0121/2026012101145.pdf,pass,allocation_review.json
1768.HK,"BUSY MING GROUP CO., LTD.- H shares",100,share,36,board lots of 100 H Shares,pipeline/prospectus_pipeline/data/allot/text/HKIPO-MB1768.jsonl,0ac738db0cf8ea251fa405a6f84398bed51c0e1ede45fbeb5e5edadcd969c609,https://www1.hkexnews.hk/listedco/listconews/sehk/2026/0127/2026012701713.pdf,pass,allocation_review.json
9980.HK,"Eastroc Beverage (Group) Co., Ltd. - H shares",100,share,33,board lots of 100 H Shares,pipeline/prospectus_pipeline/data/allot/text/HKIPO-MB9980.jsonl,6b23357493327b67272c1eea4afcafef00da1b6675d419da32413720a8d3e73c,https://www1.hkexnews.hk/listedco/listconews/sehk/2026/0202/2026020203212.pdf,pass,allocation_review.json
2768.HK,"Qingdao Gon Technology Co., Ltd. - H shares",200,share,22,board lots of 200 H Shares,pipeline/prospectus_pipeline/data/allot/text/HKIPO-MB2768.jsonl,2834a2404801c5a2c4c8dd5e571837b54270e25f2a9f0f209472ebdefc840a01,https://www1.hkexnews.hk/listedco/listconews/sehk/2026/0203/2026020302602.pdf,pass,allocation_review.json
2677.HK,Distinct Healthcare Holdings Limited,50,share,18,"board lots of 
50 Shares",pipeline/prospectus_pipeline/data/allot/text/HKIPO-MB2677.jsonl,85453570c98640db5cfd415a3bb75f680fa78235d6d0f3ee5812ede936ea9214,https://www1.hkexnews.hk/listedco/listconews/sehk/2026/0205/2026020501800.pdf,pass,allocation_review.json
2714.HK,"Muyuan Foods Co., Ltd. - H shares",100,share,33,board lots of 100 H Shares,pipeline/prospectus_pipeline/data/allot/text/HKIPO-MB2714.jsonl,dfbfad27681d57639ed59d4e521ea528fe089a5d6db8071012c7d0c043d63151,https://www1.hkexnews.hk/listedco/listconews/sehk/2026/0205/2026020502402.pdf,pass,allocation_review.json
3200.HK,"Shenzhen Han's CNC Technology Co., Ltd. - H shares",100,share,28,board lots of 100 H Shares,pipeline/prospectus_pipeline/data/allot/text/HKIPO-MB3200.jsonl,d621316fc35bca922331c2d6fbdc50579b81344c0031cdbff9c62d95b31345f3,https://www1.hkexnews.hk/listedco/listconews/sehk/2026/0205/2026020502290.pdf,pass,allocation_review.json
6809.HK,"Montage Technology Co., Ltd. - H shares",100,share,37,board lots of 100 H Shares,pipeline/prospectus_pipeline/data/allot/text/HKIPO-MB6809.jsonl,9982add41f363b0e485369ef887a7c5bda9a1c2fd11cc50c268ba9fcb703b1e1,https://www1.hkexnews.hk/listedco/listconews/sehk/2026/0206/2026020601350.pdf,pass,allocation_review.json
0600.HK,"Axera Semiconductor Co., Ltd. - H shares",100,share,31,"board 
lots of 100 H Shares",pipeline/prospectus_pipeline/data/allot/text/HKIPO-MB0600.jsonl,3a1a07653b921bb8ba0ce7f1b40ba6742c40b0e3d3ef4cf1451717caaa26ad25,https://www1.hkexnews.hk/listedco/listconews/sehk/2026/0209/2026020901278.pdf,pass,allocation_review.json
2720.HK,Ridge Outdoor International Limited,500,share,12,"board 
lots of 500 Shares",pipeline/prospectus_pipeline/data/allot/text/HKIPO-MB2720.jsonl,2cff4b2d3ae57cc2e4a003c37daf0c1d4a1e25957c752bd3fad18a4481f8f85a,https://www1.hkexnews.hk/listedco/listconews/sehk/2026/0209/2026020901096.pdf,pass,allocation_review.json
0470.HK,"WUXI LEAD INTELLIGENT EQUIPMENT CO., LTD. - H shares",100,share,29,board lots of 100 H Shares,pipeline/prospectus_pipeline/data/allot/text/HKIPO-MB0470.jsonl,729e56ff04d6df2c6445c78b123a2688fd78f2c3c3e97ad67f074d004eafcbf8,https://www1.hkexnews.hk/listedco/listconews/sehk/2026/0210/2026021001338.pdf,pass,allocation_review.json
2706.HK,"Beijing Haizhi Technology Group Co., Ltd. - H Shares",200,share,25,board lots of 200 H Shares,pipeline/prospectus_pipeline/data/allot/text/HKIPO-MB2706.jsonl,327752a8e41703118f91c2a85275bf0fa377580151c21cabd0a68c103918c3da,https://www1.hkexnews.hk/listedco/listconews/sehk/2026/0212/2026021201324.pdf,pass,allocation_review.json
9981.HK,"Shenzhen Woer Heat-Shrinkable Material Co., Ltd. - H Shares",200,share,21,board lots of 200 H Shares,pipeline/prospectus_pipeline/data/allot/text/HKIPO-MB9981.jsonl,565cd638513b1e194230bdb7f3c18b44e6009d7997a701a6d63eea4ab4882689,https://www1.hkexnews.hk/listedco/listconews/sehk/2026/0212/2026021201492.pdf,pass,allocation_review.json
2649.HK,"ALSCO Pooling Service Co., Ltd. - H Shares",200,share,17,board lots of 200 H Shares,pipeline/prospectus_pipeline/data/allot/text/HKIPO-MB2649.jsonl,76c8cee12dcd2eebd1282e89385f202916de4f6c3e0cdc9d26fea503538fbc03,https://www1.hkexnews.hk/listedco/listconews/sehk/2026/0306/2026030601405.pdf,pass,allocation_review.json
2715.HK,"ESTUN AUTOMATION CO., LTD - H Shares",200,share,22,board lots of 200 H Shares,pipeline/prospectus_pipeline/data/allot/text/HKIPO-MB2715.jsonl,a800d8418826406eb68933a385b9e5048c659d7c4c391d8fbadbf57d75c26189,https://www1.hkexnews.hk/listedco/listconews/sehk/2026/0306/2026030601391.pdf,pass,allocation_review.json
2692.HK,"Shenzhen Zhaowei Machinery & Electronics Co., Ltd. - H Shares",100,share,23,board lots of 100 H Shares,pipeline/prospectus_pipeline/data/allot/text/HKIPO-MB2692.jsonl,25ba549eb8fa528a0fd139a765276a946b6eb5108e3188594853c5db8d498bf6,https://www1.hkexnews.hk/listedco/listconews/sehk/2026/0306/2026030601575.pdf,pass,allocation_review.json
3268.HK,"MeiG Smart Technology Co., Ltd. - H Shares",100,share,25,board lots of 100 H Shares,pipeline/prospectus_pipeline/data/allot/text/HKIPO-MB3268.jsonl,ec235f9c6e35ad55d4162f471b9ac504c5c1a5c2dfec550a247b3d37e58dfedd,https://www1.hkexnews.hk/listedco/listconews/sehk/2026/0309/2026030901426.pdf,pass,allocation_review.json
1989.HK,Delton Technology (Guangzhou) Inc. - H Shares,100,share,36,board lots of 100 H Shares,pipeline/prospectus_pipeline/data/allot/text/HKIPO-MB1989.jsonl,901c79c698c8f03f1cd132c9a6b906088617cd66440072c8a74b55d562ec42e3,https://www1.hkexnews.hk/listedco/listconews/sehk/2026/0319/2026031901556.pdf,pass,allocation_review.json
2701.HK,Nsing Technologies Inc. - H Shares,200,share,26,board lots of 200 H Shares,pipeline/prospectus_pipeline/data/allot/text/HKIPO-MB2701.jsonl,d2aee64ae602931f1028a76a7e17732fc5e90d02422d5b117d06d41e74c4839f,https://www1.hkexnews.hk/listedco/listconews/sehk/2026/0320/2026032001594.pdf,pass,allocation_review.json
3355.HK,FS.COM Ltd. - H Shares,100,share,23,board lots of 100 Shares,pipeline/prospectus_pipeline/data/allot/text/HKIPO-MB3355.jsonl,952a9cb40bcb43acea4f19713b9a727c6404762d0f874fb44f8b7f3997a069fc,https://www1.hkexnews.hk/listedco/listconews/sehk/2026/0320/2026032001750.pdf,pass,allocation_review.json
2632.HK,"Jiangsu New Vision Automotive Electronics Co., Ltd. - H Shares",50,share,15,board lots of 50 H Shares,pipeline/prospectus_pipeline/data/allot/text/HKIPO-MB2632.jsonl,4eab4eaa78b0a8e27658100e7a5feecb87afe76342447d9f9f1c68bc9ed967e5,https://www1.hkexnews.hk/listedco/listconews/sehk/2026/0323/2026032301630.pdf,pass,allocation_review.json
2729.HK,"Zhejiang Galaxis Technology Group Co., Ltd. - H Shares",200,share,13,board lots of 200 H Shares,pipeline/prospectus_pipeline/data/allot/text/HKIPO-MB2729.jsonl,e495df49f8dfafa83a642126d8f114c64bc5ef505a4ea2b5067937f4cbb44fc2,https://www1.hkexnews.hk/listedco/listconews/sehk/2026/0323/2026032301408.pdf,pass,allocation_review.json
1021.HK,"Guangdong Huayan Robotics Co., Ltd. - H Shares",200,share,30,board lots of 200 H Shares,pipeline/prospectus_pipeline/data/allot/text/HKIPO-MB1021.jsonl,e75e13f0c1b037167f695695dfced2a0812a38847166bd012be75ac018b9b24a,https://www1.hkexnews.hk/listedco/listconews/sehk/2026/0327/2026032703804.pdf,pass,allocation_review.json
2526.HK,"Hangzhou Diagens Biotechnology Co., Ltd. - B - H Shares",50,share,19,"board 
lots of 50 
Shares",pipeline/prospectus_pipeline/data/allot/text/HKIPO-MB2526.jsonl,a22ed38a3b906350b50f6bbd66c9dcb929078f30f2a20564ae32f30e4cb599e3,https://www1.hkexnews.hk/listedco/listconews/sehk/2026/0327/2026032702330.pdf,pass,allocation_review.json
2726.HK,"Epiworld International Co., Ltd. - H Shares",50,share,14,board lots of 50 H Shares,pipeline/prospectus_pipeline/data/allot/text/HKIPO-MB2726.jsonl,3704e45141079614c4afa92e78731b052091f54b215434a0affb7ad0f540346d,https://www1.hkexnews.hk/listedco/listconews/sehk/2026/0327/2026032702128.pdf,pass,allocation_review.json
6636.HK,"Shandong Extreme Vision Technology Co., Ltd. - H Shares",50,share,18,board lots of 50 H Shares,pipeline/prospectus_pipeline/data/allot/text/HKIPO-MB6636.jsonl,e1e01f1e71df56f563d8f2ce37e7d5fe47d10cdf88fd91bcb155163ee6229e0c,https://www1.hkexnews.hk/listedco/listconews/sehk/2026/0327/2026032703232.pdf,pass,allocation_review.json
0664.HK,"Hangzhou Tongshifu Cultural and Creative (Group) Co., Ltd. - H Shares",100,share,20,board lots of 100 H Shares,pipeline/prospectus_pipeline/data/allot/text/HKIPO-MB0664.jsonl,1412622a9a0dd0da4f28ff78eb1fa238e4de5ac58aef97b3d2cafd9453240bfe,https://www1.hkexnews.hk/listedco/listconews/sehk/2026/0330/2026033003120.pdf,pass,allocation_review.json
3625.HK,"Shanghai FourSemi Semiconductor Co., Ltd. - H Shares",100,share,19,board lots of 100 Shares,pipeline/prospectus_pipeline/data/allot/text/HKIPO-MB3625.jsonl,85dfde65b3ac31be6759e08ba40f7d311f80675ee3a62faf139a849d0820e0a9,https://www1.hkexnews.hk/listedco/listconews/sehk/2026/0330/2026033003564.pdf,pass,allocation_review.json
6656.HK,"Sigenergy Technology Co., Ltd. - H Shares",100,share,34,board lots of 100 H Shares,pipeline/prospectus_pipeline/data/allot/text/HKIPO-MB6656.jsonl,841336284c7b444ded498b867977006f8c7f64879e28352f22c6e9cb69b84309,https://www1.hkexnews.hk/listedco/listconews/sehk/2026/0415/2026041501574.pdf,pass,allocation_review.json
0068.HK,Manycore Tech Inc.,500,share,23,"board lots of 
500 Shares",pipeline/prospectus_pipeline/data/allot/text/HKIPO-MB0068.jsonl,51f2444f100f0934561d2a596f80d5eb840a7e9c227da4fffbda8e2127d2b9d5,https://www1.hkexnews.hk/listedco/listconews/sehk/2026/0416/2026041601684.pdf,pass,allocation_review.json
3277.HK,Gpixel Changchun Microelectronics Inc. - H Shares,100,share,45,board lots of 100 Shares,pipeline/prospectus_pipeline/data/allot/text/HKIPO-MB3277.jsonl,618e3d442f5c943bc933f8a71df29bc4442c485ce6d7a3f47baf03d1dd8ea294,https://www1.hkexnews.hk/listedco/listconews/sehk/2026/0416/2026041602158.pdf,pass,allocation_review.json
2476.HK,"Victory Giant Technology (HuiZhou) Co., Ltd. - H Shares",100,share,52,board lots of 100 H Shares,pipeline/prospectus_pipeline/data/allot/text/HKIPO-MB2476.jsonl,0a087df2b544b3e0a98abf927726e5315fff5a7fa2709e1144fb9b4a0f3ed075,https://www1.hkexnews.hk/listedco/listconews/sehk/2026/0420/2026042001650.pdf,pass,allocation_review.json
3296.HK,"Huaqin Co., Ltd. - H Shares",100,share,28,board lots of 100 H Shares,pipeline/prospectus_pipeline/data/allot/text/HKIPO-MB3296.jsonl,7e9d962ffbea3a6a4afd82fda4a33d7a5ee0fe4ff80fc0678924d9882d3d8b7d,https://www1.hkexnews.hk/listedco/listconews/sehk/2026/0422/2026042202072.pdf,pass,allocation_review.json
1879.HK,"Shanghai Xizhi Technology Co., Ltd. - P - H Shares",15,share,44,board lots of 15 H Shares,pipeline/prospectus_pipeline/data/allot/text/HKIPO-MB1879.jsonl,eadda38b1d7297ac814793957abab99eab4a9a24d116238a02b6de3b1b08cc47,https://www1.hkexnews.hk/listedco/listconews/sehk/2026/0427/2026042703526.pdf,pass,allocation_review.json
2493.HK,"Mabwell (Shanghai) Bioscience Co., Ltd. - B - H Shares",200,share,23,board lots of 200 H Shares,pipeline/prospectus_pipeline/data/allot/text/HKIPO-MB2493.jsonl,0ee1c5a391087e673412d1b5564a5741f0f652e9f3e9eda6962f43bd449d951f,https://www1.hkexnews.hk/listedco/listconews/sehk/2026/0427/2026042703128.pdf,pass,allocation_review.json
6810.HK,"Shanghai Sunmi Technology Co., Ltd. - W - H Shares",100,share,26,board lots of 100 H Shares,pipeline/prospectus_pipeline/data/allot/text/HKIPO-MB6810.jsonl,7f313380d5518369e0e15d301f91c40b44bccdd660a880a8058876ef0c4421b6,https://www1.hkexnews.hk/listedco/listconews/sehk/2026/0428/2026042804737.pdf,pass,allocation_review.json
1609.HK,"Star Sports Medicine Co., Ltd. - H Shares",50,share,21,"board lots of 
50 H Shares",pipeline/prospectus_pipeline/data/allot/text/HKIPO-MB1609.jsonl,91b3e7c6dcf275aa78129d2077dc8da4fffaa0aa63fa83e6160af58d7aabc0cc,https://www1.hkexnews.hk/listedco/listconews/sehk/2026/0504/2026050403728.pdf,pass,allocation_review.json
1187.HK,"Cofoe Medical Technology Co., Ltd. - H Shares",100,share,28,board lots of 100 H Shares,pipeline/prospectus_pipeline/data/allot/text/HKIPO-MB1187.jsonl,fadda50eae49cc8e2e7f140104fb554ae904bff256b53cee6018a2abb169952b,https://www1.hkexnews.hk/listedco/listconews/sehk/2026/0505/2026050501942.pdf,pass,allocation_review.json
1236.HK,"SHENZHEN LDROBOT CO., LTD - H Shares",200,share,24,board lots of 200 H Shares,pipeline/prospectus_pipeline/data/allot/text/HKIPO-MB1236.jsonl,c027a87a9e941cbee1072aa0e25efdb20762c5b011c8afca7bf3505fbf42e1f0,https://www1.hkexnews.hk/listedco/listconews/sehk/2026/0508/2026050801854.pdf,pass,allocation_review.json
7630.HK,"IMPACT Therapeutics, Inc - B - H Shares",200,share,24,board lots of 200 H Shares,pipeline/prospectus_pipeline/data/allot/text/HKIPO-MB7630.jsonl,e73ecef20e5a6a7f842712ea8832d63d4d36f5d8a1110b8d04431f2b0d433f9d,https://www1.hkexnews.hk/listedco/listconews/sehk/2026/0512/2026051201406.pdf,pass,allocation_review.json
7666.HK,"Metis TechBio Co., Ltd. - P - H Shares",500,share,30,board lots of 500 H Shares,pipeline/prospectus_pipeline/data/allot/text/HKIPO-MB7666.jsonl,cae7a755fbab7db3d2ceb47bda3fa3da94a74e2c0c079c2bde1fd1bc8c22288c,https://www1.hkexnews.hk/listedco/listconews/sehk/2026/0512/2026051201482.pdf,pass,allocation_review.json
6871.HK,"Robotphoenix Intelligent Technology Co., Ltd. - H Shares",100,share,22,board lots of 100 H Shares,pipeline/prospectus_pipeline/data/allot/text/HKIPO-MB6871.jsonl,8016cf1cb913e61dde74ba46044924a8df57c2733ea1350f8b5634b606a44c28,https://www1.hkexnews.hk/listedco/listconews/sehk/2026/0515/2026051502141.pdf,pass,allocation_review.json
1511.HK,"UISEE Technologies (Beijing) Co., Ltd. - H Shares",50,share,27,board lots of 50 H Shares,pipeline/prospectus_pipeline/data/allot/text/HKIPO-MB1511.jsonl,2633d2783e2ac24a0b6dddfa5fe598576609b73c1e3cfe62a504eedf2f7f2813,https://www1.hkexnews.hk/listedco/listconews/sehk/2026/0519/2026051901257.pdf,pass,allocation_review.json
7688.HK,"Shanghai Top Numerical Control Technology Co., Ltd. - H Shares",100,share,27,board lots of 100 H Shares,pipeline/prospectus_pipeline/data/allot/text/HKIPO-MB7688.jsonl,85ea2f0ab55c963d33e803a209bc4f8a45aedcd7e56a7dcea6dca0e0b60f1a68,https://www1.hkexnews.hk/listedco/listconews/sehk/2026/0519/2026051901261.pdf,pass,allocation_review.json
6872.HK,TenNor Therapeutics (Suzhou) Limited - B - H Shares,50,share,25,board lots of 50 H Shares,pipeline/prospectus_pipeline/data/allot/text/HKIPO-MB6872.jsonl,f447a6604fc317c87bd3181f7c70faebdd9c877d5d7e99c3622ed680193e52a2,https://www1.hkexnews.hk/listedco/listconews/sehk/2026/0521/2026052101298.pdf,pass,allocation_review.json
0901.HK,"Shenzhen SDMC Technology Co., Ltd. - H Shares",100,share,24,board lots of 100 H Shares,pipeline/prospectus_pipeline/data/allot/text/HKIPO-MB0901.jsonl,561b774a07bb617736b91d729f0268af4185751068c791fe2d492f58bf8a38ea,https://www1.hkexnews.hk/listedco/listconews/sehk/2026/0527/2026052700001.pdf,pass,allocation_review.json
2723.HK,"Beijing DeepZero Technology Co., Ltd. - H Shares",100,share,13,board lots of 100 H Shares,pipeline/prospectus_pipeline/data/allot/text/HKIPO-MB2723.jsonl,493aee3858b7af04bed34802a788dafc7b9f48c4baae44a1a304f2ab1c087cf9,https://www1.hkexnews.hk/listedco/listconews/sehk/2026/0526/2026052602298.pdf,pass,allocation_review.json
3310.HK,"Viewtrix Technology Co., Ltd - H Shares",200,share,22,board lots of 200 H Shares,pipeline/prospectus_pipeline/data/allot/text/HKIPO-MB3310.jsonl,f926563108d08eede3b7d36ae61e61b234324017fe509687d0a8383dd21f5487,https://www1.hkexnews.hk/listedco/listconews/sehk/2026/0526/2026052601908.pdf,pass,allocation_review.json
3388.HK,"Shenzhen Creality 3D Technology Co., Ltd. - H Shares",150,share,23,board lots of 150 H Shares,pipeline/prospectus_pipeline/data/allot/text/HKIPO-MB3388.jsonl,0d9916310f0bda677995322aa6e1f3b9a2f57a61aef6903b0a134c647a0c7d33,https://www1.hkexnews.hk/listedco/listconews/sehk/2026/0528/2026052802543.pdf,pass,allocation_review.json
2553.HK,"Beijing Shougang LanzaTech Technology Co., Ltd. - H Shares",200,share,14,board lots of 200 H Shares,pipeline/prospectus_pipeline/data/allot/text/HKIPO-MB2553.jsonl,b51010b5a3fb2a99e5505405be06de4a9c2c56d8a3c67140d9c4a91413f4ad14,https://www1.hkexnews.hk/listedco/listconews/sehk/2026/0602/2026060202644.pdf,pass,allocation_review.json
1081.HK,"Dajin Heavy Industry Co., Ltd. - H Shares",100,share,23,"board lots of 
100 Shares",pipeline/prospectus_pipeline/data/allot/text/HKIPO-MB1081.jsonl,a108340e644e0901d07c920817d7fd6e28570238bc4e031cffeb115058bb158d,https://www1.hkexnews.hk/listedco/listconews/sehk/2026/0604/2026060402919.pdf,pass,allocation_review.json
1779.HK,"LongBio Pharma (Suzhou) Co., Ltd. - B - H Shares",50,share,27,board lots of 50 H Shares,pipeline/prospectus_pipeline/data/allot/text/HKIPO-MB1779.jsonl,5c32a09ffbad7ec5b4676681aea28b600156cde8cabc506847ef13009e0dd360,https://www1.hkexnews.hk/listedco/listconews/sehk/2026/0604/2026060402923.pdf,pass,allocation_review.json
2290.HK,Lung Fung Group Holdings Limited,500,share,12,"board lots of 
500 Shares",pipeline/prospectus_pipeline/data/allot/text/HKIPO-MB2290.jsonl,cc4cd664dd66b59fb3c37693fb39fa5b92f528972aeb9b97790fd637d758777e,https://www1.hkexnews.hk/listedco/listconews/sehk/2026/0604/2026060402521.pdf,pass,allocation_review.json
6658.HK,"Liuliumei Co., Ltd. - H Shares",100,share,16,board lots of 100 H Shares,pipeline/prospectus_pipeline/data/allot/text/HKIPO-MB6658.jsonl,aea3c03a9d977cf06b6c010068d49ec8b6ff16e54779ee1439e548323b393a7e,https://www1.hkexnews.hk/listedco/listconews/sehk/2026/0612/2026061202100.pdf,pass,allocation_review.json
6675.HK,"SENASIC Electronics Technology Co., Ltd. - H Shares",200,share,28,"board lots of 
200 H Shares",pipeline/prospectus_pipeline/data/allot/text/HKIPO-MB6675.jsonl,328f7f0a8ce6932d6c9de71d91c64720c509eb366299424184f4aff5447fca1c,https://www1.hkexnews.hk/listedco/listconews/sehk/2026/0616/2026061601760.pdf,pass,allocation_review.json
1392.HK,"Shenzhen HQVT Technology Co., Ltd. - H Shares",500,share,18,board lots of 500 H Shares,pipeline/prospectus_pipeline/data/allot/text/HKIPO-MB1392.jsonl,5a255290d9fe592c7421e9f74f046cd7c46a7a1d7018244dd88d5c4dbe3f1e58,https://www1.hkexnews.hk/listedco/listconews/sehk/2026/0618/2026061802066.pdf,pass,allocation_review.json
6067.HK,"Shenzhen Senior Technology Material Co., Ltd. - H Shares",500,share,22,board lots of 500 H Shares,pipeline/prospectus_pipeline/data/allot/text/HKIPO-MB6067.jsonl,178fd38921c07dea965730f00f95747d8d7250a238522483362de7745521964d,https://www1.hkexnews.hk/listedco/listconews/sehk/2026/0622/2026062202141.pdf,pass,allocation_review.json
6132.HK,"HJ Science Co., Ltd. - B - H Shares",100,share,21,board lots of 100 H Shares,pipeline/prospectus_pipeline/data/allot/text/HKIPO-MB6132.jsonl,e05c69c3f0de7548236c9e19997e8cf15ec0676634e1de876ae7e73de5bd1418,https://www1.hkexnews.hk/listedco/listconews/sehk/2026/0622/2026062201627.pdf,pass,allocation_review.json
2335.HK,"Shaanxi Micot Pharmaceutical Technology Co., Ltd. - B - H Shares",200,share,16,board lots of 200 H Shares,pipeline/prospectus_pipeline/data/allot/text/HKIPO-MB2335.jsonl,c2523edd15b81da160e4fd6fbd767ecdf69caf832178c9a530ee11aac103290a,https://www1.hkexnews.hk/listedco/listconews/sehk/2026/0623/2026062301227.pdf,pass,allocation_review.json
6106.HK,"Shanghai Seer Intelligent Technology Co., Ltd. - H Shares",50,share,28,board lots of 50 H Shares,pipeline/prospectus_pipeline/data/allot/text/HKIPO-MB6106.jsonl,5af81aad7ce4d1c8b416cc24cc1b7c4476a649de70c886ce71012666f2fd525d,https://www1.hkexnews.hk/listedco/listconews/sehk/2026/0623/2026062302143.pdf,pass,allocation_review.json
1688.HK,LINGYI iTECH (GUANGDONG) COMPANY - H Shares,660,share,31,board lots of 660 H Shares,pipeline/prospectus_pipeline/data/allot/text/HKIPO-MB1688.jsonl,91a85cf46b705ae41afbbd51245931a2619d7c49ca1a40f3d09d2151fb52c208,https://www1.hkexnews.hk/listedco/listconews/sehk/2026/0625/2026062502292.pdf,pass,allocation_review.json
1956.HK,"Beijing Zhongke WengeAI Science and Technology Co., Ltd. - H Shares",200,share,24,"board lots of 
200 H Shares",pipeline/prospectus_pipeline/data/allot/text/HKIPO-MB1956.jsonl,8f0b769750daa6dc8dcd823ea955a1100a29fea3c8a8291c691f1b58bc65b9ea,https://www1.hkexnews.hk/listedco/listconews/sehk/2026/0625/2026062501938.pdf,pass,allocation_review.json
2272.HK,KEYTOP PARKING INC. - H Shares,60,share,14,board lots of 60 H Shares,pipeline/prospectus_pipeline/data/allot/text/HKIPO-MB2272.jsonl,cde5602912cda305f19a71677307bb70026f33ea0e1d8147263b74744f061801,https://www1.hkexnews.hk/listedco/listconews/sehk/2026/0625/2026062501916.pdf,pass,allocation_review.json
3661.HK,SG Micro Corp - H Shares,100,share,28,board lots of 100 H Shares,pipeline/prospectus_pipeline/data/allot/text/HKIPO-MB3661.jsonl,8c728b08999b2c932f4c4f8c04e109b466ee5bb19dcc8f03eeaade7345c9e3a1,https://www1.hkexnews.hk/listedco/listconews/sehk/2026/0625/2026062502076.pdf,pass,allocation_review.json
6228.HK,PT MERDEKA GOLD RESOURCES Tbk- DRS,100,HDR,24,board lots of 100 HDRs,pipeline/prospectus_pipeline/data/allot/text/HKIPO-MB6228.jsonl,46e8dddbd91ef2ad4ec676481be872f45a26d1adcccdd8bb535707b8fea65efe,https://www1.hkexnews.hk/listedco/listconews/sehk/2026/0625/2026062502338.pdf,pass,allocation_review.json
9630.HK,"Circuit Fabology Microelectronics Equipment Co., Ltd. - H Shares",50,share,34,board lots of 50 H Shares,pipeline/prospectus_pipeline/data/allot/text/HKIPO-MB9630.jsonl,df2a31406d30be591b8606cd2037f58fefce0baaaa97fc066bcb345fc8bf86cc,https://www1.hkexnews.hk/listedco/listconews/sehk/2026/0625/2026062502296.pdf,pass,allocation_review.json
1191.HK,"Crealights Technology Co., Ltd. - H Shares",50,share,27,board lots of 50 H Shares,pipeline/prospectus_pipeline/data/allot/text/HKIPO-MB1191.jsonl,9210619277d30a8116bafaa0c10e779b9353edbaa174e5f5ae21eab214ce16be,https://www1.hkexnews.hk/listedco/listconews/sehk/2026/0626/2026062602599.pdf,pass,allocation_review.json
2672.HK,"Baige Online Digital Technology Co., Ltd. - H Shares",200,share,12,board lots of 200 H Shares,pipeline/prospectus_pipeline/data/allot/text/HKIPO-MB2672.jsonl,59fd9f68d309ebffcb0fc5df37d68e75308951c5f2f2ae80d96c20eaf2ff4cdc,https://www1.hkexnews.hk/listedco/listconews/sehk/2026/0626/2026062602363.pdf,pass,allocation_review.json
9637.HK,Alebund Pharmaceuticals (Jiangsu) Limited - B - H Shares,100,share,25,board lots of 100 H Shares,pipeline/prospectus_pipeline/data/allot/text/HKIPO-MB9637.jsonl,6836547fd69deac1fa1196b2828c80b095341c05512282d1b914b541a76687f0,https://www1.hkexnews.hk/listedco/listconews/sehk/2026/0626/2026062603033.pdf,pass,allocation_review.json
2697.HK,"Guangdong True Health Medical Technology Development Co., Ltd. - B - H Shares",20,share,15,board lots of 20 H Shares,pipeline/prospectus_pipeline/data/allot/text/HKIPO-MB2697.jsonl,c08a76b912199604a02ba64f48a3bede66d8fb0f5b251a0cd371e562d7a5dbbf,https://www1.hkexnews.hk/listedco/listconews/sehk/2026/0629/2026062901959.pdf,pass,allocation_review.json
3952.HK,"Zhejiang Laifual Drive Co., Ltd. - H Shares",100,share,22,"board 
lots of 100 H Shares",pipeline/prospectus_pipeline/data/allot/text/HKIPO-MB3952.jsonl,940e73ddce761c668183e7a83b691272c1a5dea2f1c5315575c5445fcccde55d,https://www1.hkexnews.hk/listedco/listconews/sehk/2026/0629/2026062902089.pdf,pass,allocation_review.json
6715.HK,"Hangzhou Qiandaohu Xunlong Sci-tech Co., Ltd. - H Shares",100,share,25,board lots of 100 H Shares,pipeline/prospectus_pipeline/data/allot/text/HKIPO-MB6715.jsonl,342cb2633a611942f9787de07606b7dab2021e6a0f78592036030df230b9b344,https://www1.hkexnews.hk/listedco/listconews/sehk/2026/0629/2026062902679.pdf,pass,allocation_review.json
6915.HK,Jiangxi Institute of Biological Products Inc. - H Shares,500,share,19,board lots of 500 H Shares,pipeline/prospectus_pipeline/data/allot/text/HKIPO-MB6915.jsonl,6cbb4dab4db24420e184c8807b2e2f5e55119be923a27c600e52e59c48feb6f6,https://www1.hkexnews.hk/listedco/listconews/sehk/2026/0629/2026062902075.pdf,pass,allocation_review.json
0668.HK,"Anker Innovations Technology Co., Ltd. - H Shares",100,share,20,board lots of 100 Shares,pipeline/prospectus_pipeline/data/allot/text/HKIPO-MB0668.jsonl,67b06bdf6fc0f8260ef3db7b7911e4cbfe5567877cf0d0d9da40f4b05bb76f2e,https://www1.hkexnews.hk/listedco/listconews/sehk/2026/0630/2026063003481.pdf,pass,allocation_review.json
2667.HK,"Beijing Tong Ren Tang Healthcare Investment Co., Ltd. - H Shares",500,share,17,board lots of 500 H Shares,pipeline/prospectus_pipeline/data/allot/text/HKIPO-MB2667.jsonl,4049f0d2c56516715b4efc0ec540e31cf019ea221ad0b36e87a9f87dcaadadf0,https://www1.hkexnews.hk/listedco/listconews/sehk/2026/0706/2026070602117.pdf,pass,allocation_review.json
6880.HK,MOMENTA GLOBAL LIMITED - W,20,share,34,board lots of 20 Class A Ordinary Shares,pipeline/prospectus_pipeline/data/allot/text/HKIPO-MB6880.jsonl,027dc3545c4bb4e97550aa7a86e60f07b7265d819b7d330716a02c60863c436f,https://www1.hkexnews.hk/listedco/listconews/sehk/2026/0707/2026070701963.pdf,pass,allocation_review.json
7656.HK,"Reconova Technologies Co., Ltd. - H Shares",200,share,19,board lots of 200 Shares,pipeline/prospectus_pipeline/data/allot/text/HKIPO-MB7656.jsonl,c928037b9eef0a77381b3118d64a296a9b12e9d7a78f13caec5ecc574a487d66,https://www1.hkexnews.hk/listedco/listconews/sehk/2026/0707/2026070701895.pdf,pass,allocation_review.json
7687.HK,"EACON Group Co., Ltd - H Shares",50,share,33,"board lots of 
50 H Shares",pipeline/prospectus_pipeline/data/allot/text/HKIPO-MB7687.jsonl,9c0273e636be54d1e00a43468ec407ccea9a8d4f3fce1de6b7c9126abd88e363,https://www1.hkexnews.hk/listedco/listconews/sehk/2026/0707/2026070702043.pdf,pass,allocation_review.json
9971.HK,"BASiC Semiconductor Co., Ltd. - H Shares",200,share,24,board lots of 200 Shares,pipeline/prospectus_pipeline/data/allot/text/HKIPO-MB9971.jsonl,9c4b65a007fe43a5b84886b9ac1205c59d3a0a75cb8eb118645bd370051d6e40,https://www1.hkexnews.hk/listedco/listconews/sehk/2026/0707/2026070701913.pdf,pass,allocation_review.json
0537.HK,"RIGOL Technologies Co., Ltd. - H Shares",100,share,21,board lots of 100 H Shares,pipeline/prospectus_pipeline/data/allot/text/HKIPO-MB0537.jsonl,883786ceff27e9f1e3aececc9f0d6d15138ed85a3d6d6d79c308f1b73c1bc8fd,https://www1.hkexnews.hk/listedco/listconews/sehk/2026/0708/2026070801336.pdf,pass,allocation_review.json
1377.HK,"Guangdong Dtech Technology Co., Ltd. - H Shares",100,share,35,board lots of 100 H Shares,pipeline/prospectus_pipeline/data/allot/text/HKIPO-MB1377.jsonl,363e7c3f107ef0c08716dbb5e289a6bd68d5673452e659f7d141d4f256ad55cc,https://www1.hkexnews.hk/listedco/listconews/sehk/2026/0708/2026070801372.pdf,pass,allocation_review.json
1770.HK,DKE Holding Company Limited - H Shares,50,share,15,"board 
lots of 50 H Shares",pipeline/prospectus_pipeline/data/allot/text/HKIPO-MB1770.jsonl,544e7c41a905891f84b514bda0781335369308013188993b8c6bc85214b4038c,https://www1.hkexnews.hk/listedco/listconews/sehk/2026/0708/2026070801214.pdf,pass,allocation_review.json
2475.HK,"Luxshare Precision Industry Co., Ltd. - H Shares",100,share,32,board lots of 100 H Shares,pipeline/prospectus_pipeline/data/allot/text/HKIPO-MB2475.jsonl,bc2c48c3e833a53d43812209de6c57c5f81aa535a1ce7473686b566702a53aaf,https://www1.hkexnews.hk/listedco/listconews/sehk/2026/0708/2026070801342.pdf,pass,allocation_review.json
2797.HK,"Jiangxi Qiyunshan Food Co., Ltd. - H Shares",500,share,12,board lots of 500 H Shares,pipeline/prospectus_pipeline/data/allot/text/HKIPO-MB2797.jsonl,3f2f032aaf3b696f7e002f096c1c0e2533980f8dbfbfb7fa342852a010d32f5c,https://www1.hkexnews.hk/listedco/listconews/sehk/2026/0708/2026070801132.pdf,pass,allocation_review.json
3752.HK,Rokae (Shandong) Robotics Group Inc. - H Shares,100,share,17,board lots of 100 H Shares,pipeline/prospectus_pipeline/data/allot/text/HKIPO-MB3752.jsonl,c87f608c2779f0f633bd75f01e4146d25273a7a64a58a84754577216de6f210a,https://www1.hkexnews.hk/listedco/listconews/sehk/2026/0708/2026070801234.pdf,pass,allocation_review.json
6951.HK,"Chaozhou Three-Circle (Group) Co., Ltd. - H Shares",100,share,24,board lots of 100 Shares,pipeline/prospectus_pipeline/data/allot/text/HKIPO-MB6951.jsonl,6c30f08f25f805d6d0cb04cff49ad27b340ceded06dc43be19a400d7e14b71df,https://www1.hkexnews.hk/listedco/listconews/sehk/2026/0708/2026070801348.pdf,pass,allocation_review.json
2249.HK,NEXCHIP SEMICONDUCTOR (CHINA) LIMITED - H Shares,100,share,28,board lots of 100 H Shares,pipeline/prospectus_pipeline/data/allot/text/HKIPO-MB2249.jsonl,68077c74705063ca12e9c0cb425ffdf430a7da1141a70ff63856498f7b52fecd,https://www1.hkexnews.hk/listedco/listconews/sehk/2026/0709/2026070901289.pdf,pass,allocation_review.json
6745.HK,"Befar Group Co., Ltd - H Shares",1000,share,16,"board lots of 
1,000 H Shares",pipeline/prospectus_pipeline/data/allot/text/HKIPO-MB6745.jsonl,5b107c955f7dbd053e0a16514a08aa2b54a23c42256bca3cd686e08488c01458,https://www1.hkexnews.hk/listedco/listconews/sehk/2026/0709/2026070901273.pdf,pass,allocation_review.json
3308.HK,"ZHONGJI INNOLIGHT CO., LTD. - H Shares",50,share,34,board lots of 50 H Shares,pipeline/prospectus_pipeline/data/allot/text/HKIPO-MB3308.jsonl,44dcd8031985a279ec8c9df01a5b6f62aa232e882b8bd391481faf812137423f,https://www1.hkexnews.hk/listedco/listconews/sehk/2026/0729/2026072901629.pdf,pass,allocation_review.json
2261.HK,"NASN Intelligent Tech (Zhejiang) Co., Ltd. - H Shares",100,share,19,"board lots 
of 100 H Shares",pipeline/prospectus_pipeline/data/allot/text/HKIPO-MB2261.jsonl,88ed053b3247f2b71fa0f278a11719546a2a4957762fb7eb08cc34cc2bb4ae0f,https://www1.hkexnews.hk/listedco/listconews/sehk/2026/0806/2026080602047.pdf,pass,allocation_review.json
3223.HK,"Ingenic Semiconductor Co., Ltd. - H Shares",100,share,26,board lots of 100 H Shares,pipeline/prospectus_pipeline/data/allot/text/HKIPO-MB3223.jsonl,fe79f90085dc3cff409385bffca25d552c99ac437197ba3b1bc698b270093223,https://www1.hkexnews.hk/listedco/listconews/sehk/2026/0824/2026082401907.pdf,pass,allocation_review.json
0625.HK,SHEIN Global Holdings Limited - W,100,share,32,board lots of 100 Class B Shares,pipeline/prospectus_pipeline/data/allot/text/HKIPO-MB0625.jsonl,77440df9b374869e5a6d1bdcc5d5c819b9dac9ed4f7135e3c056fbd5060be928,https://www1.hkexnews.hk/listedco/listconews/sehk/2026/0831/2026083102409.pdf,pass,allocation_review.json
9615.HK,"Mech-Mind Robotics Technologies Co., Ltd. - H Shares",30,share,25,board lots of 30 H Shares,pipeline/prospectus_pipeline/data/allot/text/HKIPO-MB9615.jsonl,adc30229c6753fdfab2690c8024c03c967d6c9400b688b9fd5e82a0c05013f21,https://www1.hkexnews.hk/listedco/listconews/sehk/2026/0831/2026083102433.pdf,pass,allocation_review.json
2041.HK,"Medcaptain Medical Technology Co., Ltd. - H Shares",100,share,15,"board 
lots of 100 H Shares",pipeline/prospectus_pipeline/data/allot/text/HKIPO-MB2041.jsonl,2c0680608f24a3ab253877d917bd9a7e9b0ec2b33fb24d33ffdad13f60f9bf31,https://www1.hkexnews.hk/listedco/listconews/sehk/2026/0904/2026090401842.pdf,pass,allocation_review.json
9976.HK,"Shenzhen Longsys Electronics Co., Ltd. - H Shares",50,share,32,board lots of 50 H Shares,pipeline/prospectus_pipeline/data/allot/text/HKIPO-MB9976.jsonl,5a039365b7a260bab6d31df0bd43afe2764705bd8a682b7be2e7239ffe186633,https://www1.hkexnews.hk/listedco/listconews/sehk/2026/0907/2026090701319.pdf,pass,allocation_review.json
3231.HK,Excelland Robotics (Wuxi) Co. Ltd. - H Shares,200,share,23,board lots of 200 H Shares,pipeline/prospectus_pipeline/data/allot/text/HKIPO-MB3231.jsonl,b85d18feb24ea24dc1a0499515a9ff9060edc26976c0e05ef9063973800869f1,https://www1.hkexnews.hk/listedco/listconews/sehk/2026/0908/2026090800985.pdf,pass,allocation_review.json
6727.HK,"Transwarp Technology (Shanghai) Co., Ltd - H Shares",100,share,16,board lots of 100 H Shares,pipeline/prospectus_pipeline/data/allot/text/HKIPO-MB6727.jsonl,29254ccf95691cc6448a842c8de75dcaefd0088b50295c9f2957b32cf99a91e3,https://www1.hkexnews.hk/listedco/listconews/sehk/2026/0918/2026091801414.pdf,pass,allocation_review.json
9856.HK,"Ligent Technologies, Inc.",100,share,36,board lots of 100 Shares,pipeline/prospectus_pipeline/data/allot/text/HKIPO-MB9856.jsonl,63082879e4e27f12d4c6b18af24c065ba81dd8d5f32a0d1db12d1045ecad18a3,https://www1.hkexnews.hk/listedco/listconews/sehk/2026/0921/2026092101567.pdf,pass,allocation_review.json
3228.HK,"Shenzhen Kinwong Electronic Co., Ltd. - H Shares",100,share,30,board lots of 100 H Shares,pipeline/prospectus_pipeline/data/allot/text/HKIPO-MB3228.jsonl,608fbea38a6e0bded345455c86fdbe37c468a956ec1b0e3bdfb97de24772ba06,https://www1.hkexnews.hk/listedco/listconews/sehk/2026/0928/2026092801965.pdf,pass,allocation_review.json
3757.HK,"RoboTechnik Intelligent Technology Co., Ltd.  - H Shares",50,share,31,board lots of 50 H Shares,pipeline/prospectus_pipeline/data/allot/text/HKIPO-MB3757.jsonl,86e4e939eba8c5d6c7a058d928ae6b8c445379b41d291920fa428aaeaf505efe,https://www1.hkexnews.hk/listedco/listconews/sehk/2026/0928/2026092801977.pdf,pass,allocation_review.json
6731.HK,Direct Drive Tech Limited - H Shares,100,share,20,"board 
lots of 100 H Shares",pipeline/prospectus_pipeline/data/allot/text/HKIPO-MB6731.jsonl,e4fc6ebfeac0a5c37dc0e837212e78c4acf0f6444c4e3e1fdcbd8fab5c6eab30,https://www1.hkexnews.hk/listedco/listconews/sehk/2026/0928/2026092802011.pdf,pass,allocation_review.json
9607.HK,"Red Avenue New Materials Group Co., Ltd.",100,share,18,board lots of 100 H Shares,pipeline/prospectus_pipeline/data/allot/text/HKIPO-MB9607.jsonl,3e7a8748d0827ab5f497ea2d98d321b3eb332692f5b6d934d6a75255e77c4878,https://www1.hkexnews.hk/listedco/listconews/sehk/2026/0928/2026092801809.pdf,pass,allocation_review.json
6802.HK,"Shenzhen Camsense Technologies Co., Ltd. - H Shares",100,share,26,board lots of 100 H Shares,pipeline/prospectus_pipeline/data/allot/text/HKIPO-MB6802.jsonl,2089830852afea7d1d7d3987f2ddf44c4806537b39fceaef9e5e00c03f0e5ffc,https://www1.hkexnews.hk/listedco/listconews/sehk/2026/0929/2026092901927.pdf,pass,allocation_review.json
