HKEx file# of the year,Stock Code,Company Name at time of listing,Date of Prospectus (dd/mm/yy),Date of Listing (dd/mm/yy),Sponsor(s),Reporting Accountants,Valuer(s),Funds Raised HK (a),Funds Raised Int.(b),IPO Subscription Price (HK$),Total (without option),Global Offering (without option),Number of offer shares under the capitalization Issue,Number of offer shares under Capitalization Rest,Sale Shares,New shares,Placing Shares,Public Offer shares,Maximum Offer Price,Minimum Offer Price,Filing price revision (%),Filing range width (%),Pricing position in filing range,currency in financial information,total assets in year-3 (3 years before IPO),total assets in year-2,total assets in year-1,total equity in year-3,total equity in year-2,total equity in year-1,total liability in year-3,total liability in year-2,total liability in year-1,Net sales in year-3,Net sales in year-2,Net sales in year-1,Profit before tax in year-3,Profit before tax in year-2,Profit before tax in year-1,Profit for the year in year-3,Profit for the year in year-2,Profit for the year in year-1,Underwriting Commission (% of fund raised HK (a),Underwriting Commission (% of fund raised Int.(b),Over-allotment Option (%),Principal business / industry,Listing route / applicable chapter,Year-1 financial period end (dd/mm/yy),Operating cash flow in year-1 (before annualization),Cash and cash equivalents at year-1 end,R&D expensed in year-1 (before annualization),"Development costs capitalized in year-1 (additions, before annualization)",Top 5 customers (% of year-1 revenue),Comments / Annualization factor,Pre-IPO VC/PE backing (1=yes; 0=no),Pre-IPO VC backing (1=yes; 0=no),Pre-IPO PE backing (1=yes; 0=no),Pre-IPO CVC backing (1=yes; 0=no),Pre-IPO State/Gov backing (1=yes; 0=no),Top-tier VC/PE backing (1=yes; 0=no),Key Pre-IPO investors,Pre-IPO institutional shareholding (%),Pre-IPO investor board seat (1=yes; 0=no),Earliest Pre-IPO investment round,Pre-IPO holding duration (years),Ultimate controller type,Controller economic interest at listing (%),Controller voting rights at listing (%),Interest-bearing debt at year-1 end,Technology commercialization stage,Debt repayment (% of planned net IPO proceeds),Listing board,Share class,A+H issuer flag,WVR flag,Chapter 18A flag,Chapter 18C flag,Industry classification code,Industry classification system and version,Incorporation date,Firm age at IPO (years),Place of incorporation,Principal place of business,Financial statement unit multiplier,Accounting standard,Year-3 financial period start,Year-3 financial period end,Year-2 financial period start,Year-2 financial period end,Year-1 financial period start,"Year-1 net sales (original, pre-annualization)",Year-1 profit before tax (original),Year-1 profit for period (original),Subscription opening date,Subscription closing date,H shares after IPO (base; no options),Gross profit in year-1,Capital expenditure in year-1,Audit opinion (year-1),Listing expenses (HK$),Cornerstone investor names,Final cornerstone allocation (% of base offer),Earliest cornerstone unlock date (dd/mm/yy),Subscription Ratio (times),Public applicants,Public valid applied shares,Public subscription original wording,Pricing date,Allotment announcement date,Final global offering shares (before over-allotment),Final public offer shares,Final placing shares,Over-allotment shares actually issued,Greenshoe exercise rate (%),Actual clawback / reallocation description,Net IPO proceeds to issuer (HK$),Public shareholding at listing (%),Share base used for both public shareholding ratios,Unrestricted public shareholding at listing (%),Free float denominator description,Free float denominator shares,HSI return over 20 trading days before prospectus (%),HK ordinary IPO count in 90 calendar days before prospectus,1-month HIBOR before prospectus (%),Banking system aggregate balance before prospectus (HK$),First trading day closing price (HK$),First-day return / Underpricing (%),Money left on the table (HK$),First trading day opening price (HK$),First trading day high (HK$),First trading day low (HK$),First trading day volume (shares),First-day flipping ratio (%),First trading day turnover (HK$),Offer mechanism,Applicable IPO rules / transition basis,Company Chinese Name,Current listing status,1-month post-IPO close price (HK$),1-month BHR from Day-1 close (%),1-month total return from offer price (%),1-month HSI return (%),1-month HSTECH return (%),1-month wealth relative vs HSI,1-month wealth relative vs HSTECH,1-month average daily turnover (HK$),6-month post-IPO close price (HK$),6-month BHR from Day-1 close (%),6-month total return from offer price (%),6-month HSI return (%),6-month HSTECH return (%),6-month wealth relative vs HSI,6-month wealth relative vs HSTECH,6-month average daily turnover (HK$),Liquidity decay ratio (6M vs Day-1 turnover),1-year post-IPO return (%) [Reserved],1-year wealth relative vs HSI [Reserved],3-year post-IPO return (%) [Reserved],3-year wealth relative vs HSI [Reserved],18A/18C regulatory milestone status,Stabilizing manager,Stabilization period end date,Stabilization purchases occurred,Over-allocation shares,Over-allocation (% of base offer),Over-allotment option exercise date,Shares issued under over-allotment option,Over-allotment exercise percentage (%),"Post-stabilization cliff return [-5, +5] (%)","Post-stabilization 20-day return [0, +20] (%)",Post-stabilization volume decay ratio (%),Day-5 BHR from Day-1 close (%),Day-5 wealth relative vs HSI,Day-20 BHR from Day-1 close (%),Day-20 wealth relative vs HSI,3-month BHR from Day-1 close (%),3-month wealth relative vs HSI,3-month wealth relative vs HSTECH,3-month average daily turnover (HK$),Amihud illiquidity (6M mean),Zero-volume days count (first 6M),"Return volatility (first 6M daily std dev, %)","Maximum drawdown (first 6M, %)",Controlling shareholder 6-month disposal lockup expiry date,Controlling shareholder 12-month cessation of control expiry date,"Cornerstone unlock CAR [-5, +5] (%)","Cornerstone unlock CAR [-20, +20] (%)",Cornerstone unlock volume shock ratio,Lead sponsor name,Joint sponsor count,Sponsor commercial bank affiliate flag,Underwriting base commission rate (%),Underwriting discretionary incentive fee rate (%),Total underwriting fee rate (%),Cornerstone investor count,Cornerstone state-owned presence flag,Crossover fund presence flag,Pre-IPO institutional investor count,Pre-IPO state-owned backing flag,FINI digital settlement regime,2025 pricing reform regime
87,0668.HK,"Anker Innovations Technology Co., Ltd. - H Shares",2026-06-23,2026-07-02,"China International Capital Corporation Hong Kong Securities Limited /
Goldman Sachs (Asia) L.L.C. /
J.P. Morgan Securities (Far East) Limited",KPMG,,463158956,4510399296,99.32,582909162,46632800,536276362,536276362,0,46632800,41969500,4663300,99.32,,0,0,Fixed price,RMB,16603708000,20066893000,20228400000,9144520000,10711670000,11344197000,7459188000,9355223000,8884200000,24710080000,30514403000,30430584000,2348349000,2922474000,2234896000,2211124000,2617194000,1883688000,0.007,0.007,0.15,"Independent research and development, design and sales of consumer electronic products under own brands (smart charging and power storage, smart audio and video, smart home)",Chapter 19A of the Main Board Listing Rules (PRC issuer with other listed shares),2026-03-31,-450632000,2670127000,805291000,0,0.086,1,0,0,0,0,0,0,,0,0,,,Individual natural person(s) acting in concert (Mr. Yang and Ms. He),0.4327,0.4327,3108231000,Commercialized (mass production and sales; revenue-generating),0,Main Board,H Shares,0,0,0,0,232020,HSICS (Hang Seng Industry Classification System) 2026,2011-12-06,14.57,PRC,"Room 701, 7th Floor, Building 7, Phase I, Changsha Zhongdian Software Park Co., Ltd., Changsha, Hunan, PRC",,IFRS Accounting Standards,2023-04-01,2024-03-31,2024-04-01,2025-03-31,2025-04-01,30430584000,2234896000,1883688000,2026-06-23,2026-06-26,46632800,3253208000,25360000,Unqualified (true and fair view),,"Schroder Investment Management (Singapore) Ltd; Schroder Investment Management (Hong Kong) Limited; Aspex Master Fund; Principal Asset Management Company (Asia) Limited; Greenwoods Asset Management Hong Kong Limited; Shanghai Greenwoods Asset Management Co., Ltd.; Guotai Haitong Securities Co., Ltd.; HACF, L.P.; UBS Asset Management (Singapore) Ltd.; Franklin Templeton Sealand Fund Management Co., Ltd.; Jane Street Asia Trading Limited; Taikang Life Insurance Co., Ltd.; WT Asset Management Limited; Value Partners Hong Kong Limited; Value Partners Limited",0.499,2027-01-02,27.57,36424,128547100,Subscription level 27.57 times,,2026-06-30,46632800,4663300,41969500,3443300,0.492257,Claw-back triggered: N/A (no claw-back / no reallocation from the International Offering to the Hong Kong Public Offering),4522700000,0.08,582909162,0.0401,Free float = Offer Shares excluding Shares held by Cornerstone Investors (6-month lock-up) and other locked-up Shares; denominator = total issued Shares upon Listing (before exercise of the Over-allotment Option) = col_CZ,582909162,-0.0637346,34,0.0294381,53885000000,113.973,0.147533,6.8331e+08,98.373,113.973,89.073,10108780,0.216774,987240770,Mechanism B,FINI (from 22/11/2023); 2025-08-04 pricing reform (Mechanism A/B; six-month cornerstone lock-up retained); this IPO: Mechanism B,安克创新科技股份有限公司,Active,106.373,-0.066682,0.071013,0.119405,0.092147,0.8338,0.8546,106723479,,,,,,,,,,,,,,Standard,China International Capital Corporation / Sponsor-OC,2026-08-01,0,0,0.15,2026-08-01,0,0,0.056107,0.110932,0.313173,-0.08774,0.8691,-0.066682,0.8338,,,,,0.00140839,0,0.0486507,0.190835,2027-01-02,2027-07-02,,,,CICC,2,0,0.025,0.01,0.035,4,0,0,6,0,POST_FINI,POST_2025_REFORM
88,2667.HK,"Beijing Tong Ren Tang Healthcare Investment Co., Ltd. - H Shares",2026-06-26,2026-07-07,China International Capital Corporation Hong Kong Securities Limited,Ernst & Young,Jones Lang LaSalle Corporate Appraisal and Advisory Limited,59485250,535359000,5.5,465362049,108153500,357208549,357208549,0,108153500,97338000,10815500,6.21,5.48,-0.059025,0.124893,Within range,RMB,1171185000,1370388000,1378102000,563337000,706574000,729085000,607848000,663814000,649017000,1153126000,1175118000,1171315000,65481000,61375000,48249000,42634000,46197000,33750000,0.025,0.025,0.15,TCM healthcare services,Main Board - Rule 8.05(2) (market capitalisation/revenue/cash flow test),2025-12-31,119905000,287699000,,0,0.043,1,1,1,1,1,1,0,TRT Senior Care Fund; TRT Medical Fund; Tongqing Fund; Tongkang Fund; Mr. Zhu; Ms. Pan,0.1214,1,Pre-IPO Investment (March 2024),2.29,State-owned enterprise (SOE),0.7203,0.7203,355690000,,0.263,Main Board,H Shares,0,0,0,0,282020,HSICS (Hang Seng Industry Classification System) 2026,2015-03-17,11.31,PRC,"5th Floor, Tower A, Yonggui Center, No. 47 Guangqumennei Street, Dongcheng District, Beijing, PRC",1000,HKFRS Accounting Standards,2023-01-01,2023-12-31,2024-01-01,2024-12-31,2025-01-01,1171315000,48249000,33750000,2026-06-26,2026-07-02,218292524,221808000,22297000,Unqualified opinion,69700000,Airport Technology Capital; Aurora SF; CICCFT (in connection with OTC Swaps),0.4977,2027-01-07,251.74,66390,2722693970,Subscription level 251.74 times,2026-07-03,2026-07-06,108153500,10815500,97338000,0,0,"Reallocation N/A; Final no. of Offer Shares under Hong Kong Public Offering 10,815,500 (10.00%)",532400000,0.25,465362049,0.1167,Free float denominator = total issued shares upon listing (col_CZ); numerator = offer shares minus cornerstone allocation,465362049,-0.0888858,38,0.0296113,54001000000,3.35,-0.390909,-232530025,4.76,4.79,3.01,43259960,0.399987,163015600,Mechanism B,FINI (from 22/11/2023); 2025-08-04 pricing reform (Mechanism A/B; six-month cornerstone lock-up retained); this IPO: Mechanism B,北京同仁堂医养投资股份有限公司,Active,3,-0.104478,-0.454545,0.106929,0.081777,0.809,0.8278,12855415,,,,,,,,,,,,,,Standard,China International Capital Corporation / Sponsor-OC,2026-08-06,0,0,0.15,2026-08-06,0,0,0.035316,-0.132007,0.049701,-0.202985,0.7734,-0.104478,0.809,,,,,0.0470332,0,0.0607377,0.54071,2027-01-07,2027-07-07,,,,CICC,2,0,0.025,0.01,0.035,4,0,0,6,0,POST_FINI,POST_2025_REFORM
91,6880.HK,MOMENTA GLOBAL LIMITED - W,2026-06-29,2026-07-08,"China International Capital Corporation Hong Kong Securities Limited /
Deutsche Securities Asia Limited",Deloitte Touche Tohmatsu,,589379104,5304382376,295.6,235538011,19938300,215599711,215599711,0,19938300,17944460,1993840,295.6,295.6,0,0,Fixed price,RMB,4744508000,4543101000,12901113000,-11977557000,-15149172000,-17891206000,16722065000,19692273000,30792319000,742745000,1324688000,2412523000,-2558870000,-3199143000,-3429308000,-2570342000,-3205730000,-3457912000,0.02,0.02,0.15,Autonomous driving (driving automation) solutions — software solutions for mass-produced vehicles and scalable robotaxi services,"Main Board of the Stock Exchange — Rule 8.05(3) market capitalisation/revenue test, with WVR under Chapter 8A (Rule 8A.06(2))",2025-12-31,-281382000,1306776000,1868906000,0,0.626,1,1,1,1,1,1,1,"SAIC (ZJSmart Holdings Limited); General Motors Holdings LLC; Mercedes-Benz AG; Temasek (Anderson Investments Pte. Ltd.); Shunwei Capital (Talented Ventures Limited, Astrend Opportunity III Alpha Limited); EV Ventures L.L.C-FZ; NIO Capital (Nio Momentum LLC, Nio Momentum II LLC, Andante Symphony Limited); YF Momenta Limited (Yunfeng); Blue Lake Capital; Ant Group (Accelerator XVI Ltd., ANTFIN Singapore Holding Pte. Ltd.); Tencent (Image Frame Investment (HK) Limited); E-Town Capital; Toyota Motor Corporation; Granite Asia (GGV Capital VI L.P., GGV Capital VI Entrepreneurs Fund L.P., GGV Capital VI Plus L.P., Granite Asia IX VCC); Aldrich Bay Limited; Sinovation Fund III, L.P.; CT Prime MMT Limited; Grower International Limited; GCBM Holdings Limited; CDH Investments (Cognitive Dynamics Limited, OG Blaze Dynamics Limited); Zhen Partners Fund IV, L.P.",0.8374,1,"Series A financing (agreement dated January 16, 2017)",9.45,Natural persons acting in concert (Mr. Cao and the concert party group of Controlling Shareholders),0.1485,0.5985,29862900000,Commercialized mass-production of L2/L3 Urban NOA solutions for OEMs; early stage of L3/L4 deployment (Robotaxi commercial operations in limited PRC cities),0,Main Board,Class A Ordinary Shares,0,1,0,0,702015,HSICS (Hang Seng Industry Classification System) 2026,2016-09-19,9.8,Cayman Islands,"23/F, Tiancheng Times Business Square, No. 58 Qinglonggang Road, Xiangcheng District, Suzhou, Jiangsu, PRC",1000,IFRS Accounting Standards,2023-01-01,2023-12-31,2024-01-01,2024-12-31,2025-01-01,2412523000,-3429308000,-3457912000,2026-06-29,2026-07-03,235538011,1726767000,91000000,Unqualified — true and fair view,279200000,GIC; Fidelity International; BlackRock; Mercedes-Benz AG; Oaktree; Golden Link; Franklin Templeton; Boyu; Gaoyi Entities; CPIC; GF Fund; ChinaAMC (HK); Suzhou Mosu; GigaDevice,0.4995,2027-01-08,413.63,209045,824712149,Subscription level 413.63 times,,2026-07-07,19938300,1993840,17944460,0,0,"Claw-back triggered N/A; Final number of Offer Shares under Hong Kong Public Offering 1,993,840 (10.00%)",5655900000,0.9727,235538011,0.0424,Free float denominator = total issued shares upon listing (col_CZ); numerator = offer shares minus cornerstone allocation,235538011,-0.093349,40,0.0295929,53981000000,295.6,0,0,301,314.8,293.4,4749164,0.238193,1419911690,Mechanism B,FINI (from 22/11/2023); 2025-08-04 pricing reform (Mechanism A/B; six-month cornerstone lock-up retained); this IPO: Mechanism B,,Active,254.2,-0.140054,-0.140054,0.068326,0.032676,0.8049,0.8327,151145346,,,,,,,,,,,,,,Standard,China International Capital Corporation / Sponsor-OC,2026-08-07,0,0,0.15,2026-08-07,0,0,0.019011,-0.283892,0.223833,0,0.9942,-0.140054,0.8049,,,,,0.00147129,0,0.0520351,0.489835,2027-01-08,2027-07-08,,,,CICC,2,0,0.025,0.01,0.035,4,0,0,6,0,POST_FINI,POST_2025_REFORM
89,7656.HK,"Reconova Technologies Co., Ltd. - H Shares",2026-06-29,2026-07-08,"Huatai Financial Holdings (Hong Kong) Limited /
CCB International Capital Limited /
ABCI Capital Limited",Ernst & Young,,121672884,486691536,21.66,305292905,28087000,277205905,277205905,0,28087000,26682600,1404400,21.66,21.66,0,0,Fixed price,RMB,256817000,418801000,681849000,113598000,121886000,107559000,143219000,296915000,574290000,242375000,395182000,442955000,-32577000,8288000,-68149000,-32577000,8288000,-68149000,0.03,0.03,0,"Enterprise visual AI products (AI / computer vision) - intelligent civil aviation, intelligent commerce and intelligent driving safety",Main Board of the Stock Exchange under Chapter 18C of the Listing Rules (Specialist Technology Company),2025-12-31,-125217000,38136000,71898000,0,0.603,1,1,1,1,1,1,1,Greenland Financial Holdings Group; SWLVC; TSREIC (L.P.); Intel; Hon Universe Aviation Industry Fund; Nantong Jianghai Fund,0.5533,1,Early Investment Equity Transfers,11.47,"Natural persons acting in concert (group of Controlling Shareholders: Mr. Zhan, Mr. Su Xiaosheng, Ms. Chi Chang, Mr. Han Songguang, Ruiyuan Technology Partnership, Shenzhen Ruiyuan Technology Partnership and Ruiyitong Technology Partnership)",0.396,0.396,164262000,"Commercialised (revenue-generating; visual AI products deployed across intelligent civil aviation, intelligent commerce and intelligent driving safety)",0,Main Board,H Shares,0,0,0,1,702015,HSICS (Hang Seng Industry Classification System) 2026,2012-03-05,14.34,PRC,"Floor 4-5, Block F, Nanshan Zhi Gu Industry Park, No. 3185 Sha He West Road, Xi Li Road, Nanshan District, Shenzhen, Guangdong Province, the PRC",1000,IFRS Accounting Standards,2023-01-01,2023-12-31,2024-01-01,2024-12-31,2025-01-01,442955000,-68149000,-68149000,2026-06-29,2026-07-03,273727616,167091000,1400000,Unqualified opinion (true and fair view),79300000,,0,,3646.06,169551,5120526664,"Subscription level 3,646.06 times",,2026-07-07,28087000,5617400,22469600,0,0,"Claw-back triggered Yes; Number of Offer Shares initially available under HK Public Offering 1,404,400; Final number 5,617,400 (after reallocation)",529100000,0.5006,305292905,0.092,Free float denominator = total issued shares upon listing (col_CZ); numerator = offer shares minus cornerstone allocation,305292905,-0.093349,40,0.0295929,53981000000,21,-0.030471,-18537420,18,22.98,15.6,12063516,0.429505,234365800,Mechanism A,FINI (from 22/11/2023); 2025-08-04 pricing reform (Mechanism A/B; six-month cornerstone lock-up retained); this IPO: Mechanism A,厦门瑞为信息技术股份有限公司,Active,30.06,0.431429,0.387812,0.068326,0.032676,1.3399,1.3861,41392410,,,,,,,,,,,,,,18C (Specialist Tech),China International Capital Corporation / Sponsor-OC,2026-08-07,0,0,0.15,2026-08-07,0,0,0.212167,-0.46518,0.296616,0.375238,1.3673,0.431429,1.3399,,,,,0.00537816,0,0.066915,0.561756,2027-01-08,2027-07-08,,,,CICC,2,0,0.025,0.01,0.035,4,0,0,6,0,POST_FINI,POST_2025_REFORM
92,7687.HK,"EACON Group Co., Ltd - H Shares",2026-06-29,2026-07-08,Haitong International Capital Limited,Deloitte Touche Tohmatsu,,229752544,2311403612,87.92,147869769,26132000,121737769,121737769,0,26132000,23518800,2613200,87.92,81.16,0.039981,0.079962,At high,RMB,710300000,1875055000,2992375000,-812452000,259962000,1027886000,1522752000,1615093000,1964489000,270915000,986234000,1435299000,-333667000,-390055000,-515403000,-333667000,-390055000,-515557000,0.024,0.024,0.15,Commercially deploying autonomous driving solutions for mining transportation and production (Closed-Environment Autonomous Mining Trucks Products and Solutions ORCASTRA; Mining Digitalization Solutions Conductor Plus),"Main Board of the Stock Exchange, Rule 8.05(3) market capitalisation/revenue test",2025-12-31,-394406000,245447000,270542000,0,0.663,1,1,1,1,1,1,1,Minxi Xinghang; Shanghai Chentao; Zijin Mining; Eight Roads; NIO Capital; Xihe Investment; Wuxi Xingqi; Zhengzhou Hi-Tech Fund; CATL Capital; CATL; Yankuang Capital; Tonly; Desay SV; Gaocheng Capital; Hony Investment,28.52,1,Series Pre-A,6.05,"Natural persons (Mr. Lan Shuisheng, Mr. Zhang Lei and Ms. Liu Dongmei) and their controlled shareholding platforms",0.3519,0.3519,1369303000,"Commercial deployment at scale — solutions deployed in the field for over six years; 2,580 active autonomous mining trucks as of December 31, 2025",0,Main Board,H Shares,0,0,0,0,702015,HSICS (Hang Seng Industry Classification System) 2026,2018-05-11,8.16,PRC,"8th Floor, Zijin Mining Headquarters Building, No. 1 Sanhuan North Road, Shanghang County, Fujian Province, PRC",1000,HKFRS Accounting Standards,2023-01-01,2023-12-31,2024-01-01,2024-12-31,2025-01-01,1435299000,-515403000,-515557000,2026-06-29,2026-07-03,147869769,145353000,636034000,Unqualified opinion (true and fair view),137600000,ZIJINNING; Aurora SF (in connection with the Arrangement); Fidelity International; JPMAMAPL; Barings; Indus Funds; Jain Global; REGAL; GF Fund; CDH; Seven Grand,0.4979,2027-01-08,157.82,110386,412415224,Subscription level 157.82 times,2026-07-06,2026-07-07,26132000,2613200,23518800,2771050,0.706937,"Claw-back triggered N/A; Final no. of Offer Shares under Hong Kong Public Offering 2,613,200 (10.00%)",2174810000,0.4488,147869769,0.0887,Free float denominator = total issued shares upon listing (col_CZ); numerator = offer shares minus cornerstone allocation,147869769,-0.093349,40,0.0295929,53981000000,96.7,0.099864,229438960,91,101.2,88.05,7337172,0.280773,683083100,Mechanism B,FINI (from 22/11/2023); 2025-08-04 pricing reform (Mechanism A/B; six-month cornerstone lock-up retained); this IPO: Mechanism B,易控智驾科技股份有限公司,Active,83.1,-0.140641,-0.054823,0.068326,0.032676,0.8044,0.8322,58000705,,,,,,,,,,,,,,Standard,China International Capital Corporation / Sponsor-OC,2026-08-07,0,0,0.15,2026-08-07,0,0,-0.07378,-0.1375,0.147396,-0.076008,0.9186,-0.140641,0.8044,,,,,0.00429747,0,0.0418941,0.344862,2027-01-08,2027-07-08,,,,CICC,2,0,0.025,0.01,0.035,4,0,0,6,0,POST_FINI,POST_2025_REFORM
90,9971.HK,"BASiC Semiconductor Co., Ltd. - H Shares",2026-06-29,2026-07-08,"Sinolink Securities (Hong Kong) Company Limited /
BOCI Asia Limited",Ernst & Young,,173195388,692756256,31.62,304289725,27386200,276903525,276903525,0,27386200,26016800,1369400,31.62,27.49,0.06987,0.139739,At high,RMB,901618000,941848000,1014683000,338764000,143242000,13791000,562854000,798606000,1000892000,220586000,299015000,311165000,-342194000,-237102000,-334684000,-342195000,-237102000,-335217000,0.03,0.03,0.15,"SiC power devices (research, development, manufacturing and sales of silicon carbide power modules, discrete devices and gate drivers)",Chapter 18C of the Main Board Listing Rules (Specialist Technology Company - Commercial Company),2025-12-31,-111506000,98676000,109734000,0,0.404,1,1,1,1,1,1,0,Leaguer SIIs; Wingtech Technology; InteBridge Fund LP,0.2221,1,"Angel Investments (March 1, 2017; pre-money valuation RMB35,000,000)",9.33,"Natural person (Dr. Wang Zhihan, founder and chairman)",0.4184,0.3669,588316000,Commercialized (mass production and sales; revenue-generating),0,Main Board,H Shares,0,0,0,1,703010,HSICS (Hang Seng Industry Classification System) 2026,2016-06-07,10.08,PRC,"Shenzhen, PRC",1000,IFRS Accounting Standards,2023-01-01,2023-12-31,2024-01-01,2024-12-31,2025-01-01,311165000,-334684000,-335217000,2026-06-29,2026-07-03,287534442,-33860000,112471000,Unqualified opinion (true and fair view),97000000,,0,,4812.72,207706,6590538768,"Subscription level 4,812.72 times",2026-07-06,2026-07-07,27386200,5477400,21908800,0,0,"Claw-back triggered Yes; No. of Offer Shares reallocated to Public Offer (claw-back) 4,108,000; Final Public Offer 5,477,400 (after reallocation)",766130000,0.3665,304289725,0.09,Free float denominator = total issued shares upon listing (col_CZ); numerator = offer shares minus cornerstone allocation,304289725,-0.093349,40,0.0295929,53981000000,33.22,0.050601,43817920,34.12,37.38,33,11270830,0.411551,394319200,Mechanism A,FINI (from 22/11/2023); 2025-08-04 pricing reform (Mechanism A/B; six-month cornerstone lock-up retained); this IPO: Mechanism A,深圳基本半导体股份有限公司,Active,51.85,0.560807,0.639785,0.068326,0.032676,1.461,1.5114,61961705,,,,,,,,,,,,,,18C (Specialist Tech),China International Capital Corporation / Sponsor-OC,2026-08-07,0,0,0.15,2026-08-07,0,0,0.497332,-0.254386,0.611348,0.270319,1.2629,0.560807,1.461,,,,,0.00229874,0,0.0741911,0.457143,2027-01-08,2027-07-08,,,,CICC,2,0,0.025,0.01,0.035,4,0,0,6,0,POST_FINI,POST_2025_REFORM
94,0537.HK,"RIGOL Technologies Co., Ltd. - H Shares",2026-06-30,2026-07-09,CITIC Securities (Hong Kong) Limited,Deloitte Touche Tohmatsu,,114044194,1026360962,45.98,218676617,24802200,193874417,193874417,0,24802200,22321900,2480300,45.98,,0,0,Fixed price,RMB,3852922000,3584586000,3550966000,3167740000,3160818000,3179584000,685182000,423768000,371382000,775826000,900234000,926256000,76818000,91053000,108724000,92303000,86083000,92600000,0.04,0.04,0,"Electronic test and measurement instruments (design, development, manufacturing and sales)",Main Board - Rule 8.05(3) (market capitalisation/revenue test),2026-03-31,-5271000,300303000,56119000,0,0.306,1,1,1,1,0,1,1,Hillhouse Yaoheng; Yuanhe Chongyuan No.2; Tanying Investment; Jiangsu Zhaoyin; Huiqi Venture; Nanjing Zhaoyin; Qiangang Investment,9.04,0,June 2020 Capital Increase (RMB40.25 per share),6.02,Natural person (individual),0.5414,0.5414,58378000,Commercialized (mass production and sales; revenue-generating),0,Main Board,H Shares,0,0,0,0,101020,HSICS (Hang Seng Industry Classification System) 2026,2009-04-27,17.2,PRC,"No. 8 Keling Road, Suzhou High-Tech Zone, Suzhou, Jiangsu Province, PRC",,IFRS Accounting Standards,2023-04-01,2024-03-31,2024-04-01,2025-03-31,2025-04-01,926256000,108724000,92600000,2026-06-30,2026-07-06,24802200,128551000,1318000,Unmodified opinion (true and fair view),99585000,"HHLR Advisors, Ltd.; CPE Hemlock; Suzhou High-tech Zone; Hua Yuan; Sungrow Power HK; CITIC Prudential Fund; Panglin Group",0.4211,2027-01-09,356.86,92738,885112600,Subscription level 356.86 times,2026-07-07,2026-07-08,24802200,2480300,22321900,0,0,"Claw-back triggered N/A; Number of Offer Shares reallocated from International Offering 0; final HK Public Offering 2,480,300 (10.00%)",1040800000,0.1134,218676617,0.0657,Free float denominator = total issued shares upon listing (col_CZ); numerator = offer shares minus cornerstone allocation,218676617,-0.0856039,41,0.0294839,53981000000,28.8,-0.373641,-426101796,37.36,38,28.74,9404500,0.37918,305640100,Mechanism B,FINI (from 22/11/2023); 2025-08-04 pricing reform (Mechanism A/B; six-month cornerstone lock-up retained); this IPO: Mechanism B,普源精电科技股份有限公司,Active,25.72,-0.106944,-0.440626,0.07847,0.042588,0.8281,0.8566,45386985,,,,,,,,,,,,,,Standard,China International Capital Corporation / Sponsor-OC,2026-08-08,0,0,0.15,2026-08-08,0,0,0.171674,-0.095582,0.205962,-0.061806,0.9135,-0.106944,0.8281,,,,,0.00246893,0,0.0699505,0.462105,2027-01-09,2027-07-09,,,,CICC,2,0,0.025,0.01,0.035,4,0,0,6,0,POST_FINI,POST_2025_REFORM
95,1377.HK,"Guangdong Dtech Technology Co., Ltd. - H Shares",2026-06-30,2026-07-09,"CITIC Securities (Hong Kong) Limited /
HSBC Corporate Finance (Hong Kong) Limited",Rongcheng (Hong Kong) CPA Limited,,480016000,4320144000,380,424044934,12632000,411412934,411412934,0,12632000,11368800,1263200,380,,0,0,Fixed price,RMB,3520596000,4538074000,5328243000,2479467000,2648954000,2901986000,1041129000,1889120000,2426257000,1552635000,2084177000,3024268000,257779000,491750000,1207584000,227306000,431641000,1040772000,0.01,0.01,0.15,"Integrated precision manufacturing solutions for the PCB fabrication value chain (precision cutting tools, grinding and polishing materials, functional film materials and intelligent CNC equipment)",Main Board of the Stock Exchange — Chapter 19A of the Listing Rules (PRC issuer with other listed shares),2026-03-31,-47761000,451362000,40645000,0,,1,1,1,1,0,0,0,Dongguan Sci Tech Innovation Boxin Equity Investment Partnership Enterprise (Limited Partnership); Jinshi Kunxiang Equity Investment (Hangzhou) Partnership (Limited Partnership),1.74,0,,,Natural persons (family group acting in concert led by Ms. WANG Xin),0.7751,0.7751,1167459000,Commercialised / mass production stage,0,Main Board,H Shares,0,0,0,0,101020,HSICS (Hang Seng Industry Classification System) 2026,2013-08-08,12.92,PRC,"Room 201, Building 1, No. 39 Zhuyuan Road, Liaoxia, Houjie Town, Dongguan City, Guangdong Province, the PRC",,IFRS,2023-04-01,2024-03-31,2024-04-01,2025-03-31,2025-04-01,3024268000,1207584000,1040772000,2026-06-30,2026-07-06,12632000,375696000,271565000,Unqualified opinion (true and fair view),135400000,"VICTORY GIANT TECHNOLOGY HOLDINGS (HONG KONG) LIMITED; HHLR ADVISORS, LTD.; ASPEX MASTER FUND; KINGBOARD INVESTMENTS LIMITED; CPE INVESTMENT XV LIMITED; CloudAlpha Capital Management Limited; E FUND MANAGEMENT CO., LTD.; E FUND MANAGEMENT (HONG KONG) CO., LTD.; VERITION MULTI-STRATEGY MASTER FUND LTD.; TAIKANG LIFE INSURANCE CO., LTD; ATHOS CAPITAL LIMITED; HEL VED MASTER FUND; MILLENNIUM; IFUND SPC — Vision IX SP; BARING ASSET MANAGEMENT (ASIA) LIMITED; Martis Fund, L.P.; DYNAMIC HOLDING CO., LTD.",0.4145,2027-01-09,354.64,118991,403190216,Subscription level 354.64 times,2026-07-07,2026-07-08,12632000,1263200,11368800,0,0,"Claw-back triggered N/A; 66,000 under-subscribed Overseas Employee Reserved Shares reallocated to HK Public Offering",4664800000,0.0298,424044934,0.0174,Free float denominator = total issued shares upon listing (col_CZ); numerator = offer shares minus cornerstone allocation,424044934,-0.0856039,41,0.0294839,53981000000,372.043,-0.020939,-100512824,328.843,386.843,328.843,1992113,0.157704,727952170,Mechanism B,FINI (from 22/11/2023); 2025-08-04 pricing reform (Mechanism A/B; six-month cornerstone lock-up retained); this IPO: Mechanism B,广东鼎泰高科技术股份有限公司,Active,364.843,-0.019353,-0.039887,0.07847,0.042588,0.9093,0.9406,180900371,,,,,,,,,,,,,,Standard,China International Capital Corporation / Sponsor-OC,2026-08-08,0,0,0.15,2026-08-08,0,0,0.218966,-0.042077,0.184518,0.116653,1.0872,-0.019353,0.9093,,,,,0.000982526,0,0.0570262,0.409732,2027-01-09,2027-07-09,,,,CICC,2,0,0.025,0.01,0.035,4,0,0,6,0,POST_FINI,POST_2025_REFORM
93,1770.HK,DKE Holding Company Limited - H Shares,2026-06-29,2026-07-09,CITIC Securities (Hong Kong) Limited,Confucius International CPA Limited,,40255816,362270888,78.64,51185739,5118600,46067139,46067139,0,5118600,4606700,511900,101.11,78.64,-0.125007,0.250014,At low,RMB,1127902000,1307195000,1733740000,739533000,772247000,857810000,388369000,534948000,875930000,1024198000,1151556000,1712981000,57789000,54673000,97095000,50739000,53404000,80228000,0.03,0.03,0.15,"Electronic paper (e-paper) display modules — R&D, production and sales",Chapter 19A of the Listing Rules (PRC issuer — primary listing on the Main Board),2025-12-31,-135512000,143796000,59045000,0,0.908,1,1,1,1,1,1,0,Redbanyan Venture Capital; Fuzhou Zhuiyuan; Huang Tao; Shenzhen Xinrui; Pingyang Kunyi; Chuanqi Optoelectronics; Shanghai Chaoyue Moore; Dalian Peninsula; Jiaxing Honghai; Fuzhou Zijing; Dalian Junhao; Ningbo Gongshang Huifu; Tianjin Junxian; Lishui Shanrong Haina; Zhuhai Hengzhen Tianxing; Beijing Yitang Changhou; Hainan Chaoyue Moore,0.438,1,"April 18, 2008 (Mr. Lv)",18.2,Natural person (Mr. Zhou Aijun) — ultimate controlling shareholder,0.2691,0.2691,424619000,Commercialized — mass production (e-paper display modules; OTFT flexible products),0,Main Board,H Shares,0,0,0,0,101025,HSICS (Hang Seng Industry Classification System) 2026,2005-10-28,20.7,PRC,"No. 1999 Xihan Road, Xitang Town, Jiashan County, Jiaxing, Zhejiang, PRC",1000,IFRS Accounting Standards,2023-01-01,2023-12-31,2024-01-01,2024-12-31,2025-01-01,1712981000,97095000,80228000,2026-06-29,2026-07-03,51185739,280171000,132400000,Unqualified (true and fair view),49500000,,0,,1067.54,126957,546473726,"Subscription level 1,067.54 times",2026-07-06,2026-07-08,5118600,511900,4606700,0,0,"Reallocation N/A; No. of Offer Shares initially available under HK Public Offering 511,900; Final no. 511,900 (10%)",355360000,0.5326,51185739,0.1,Free float denominator = total issued shares upon listing (col_CZ); numerator = offer shares minus cornerstone allocation,51185739,-0.093349,40,0.0295929,53981000000,80,0.017294,6961296,77.15,86.8,77,914450,0.178652,76553800,Mechanism B,FINI (from 22/11/2023); 2025-08-04 pricing reform (Mechanism A/B; six-month cornerstone lock-up retained); this IPO: Mechanism B,浙江东方科脉电子股份有限公司,Active,100.1,0.25125,0.272889,0.07847,0.042588,1.1602,1.2001,12210555,,,,,,,,,,,,,,Standard,China International Capital Corporation / Sponsor-OC,2026-08-08,0,0,0.15,2026-08-08,0,0,0.103171,-0.353578,0.30286,-0.034375,0.9402,0.25125,1.1602,,,,,0.0388923,0,0.0742413,0.476987,2027-01-09,2027-07-09,,,,CICC,2,0,0.025,0.01,0.035,4,0,0,6,0,POST_FINI,POST_2025_REFORM
96,2475.HK,"Luxshare Precision Industry Co., Ltd. - H Shares",2026-06-30,2026-07-09,"CITIC Securities (Hong Kong) Limited /
Goldman Sachs (Asia) L.L.C. /
China International Capital Corporation Hong Kong Securities Limited",BDO Limited,,2426617144,22633193072,63.28,7701730624,383472800,7318257824,7318257824,0,383472800,345125500,38347300,63.28,,0,0,Fixed price,RMB,223827586000,306537675000,325616587000,84687125000,104020233000,108978157000,139140461000,202517442000,216638430000,268794738000,332344443000,335553968000,16108739000,19549858000,17163816000,14579044000,18170237000,15870540000,0.003,0.003,0.15,Precision intelligent manufacturing solutions (PIMS),Main Board of the Stock Exchange — H Shares of a PRC issuer (Chapter 19A),2026-03-31,-7068301000,67320137000,3021085000,0,0.65,1,0,0,0,0,0,0,,0,0,,,Natural person (co-founders under joint control),0.3573,0.3573,102113321000,Mass production and commercialization,0.1,Main Board,H Shares,0,0,0,0,701010,HSICS (Hang Seng Industry Classification System) 2026,2004-05-24,22.12,PRC,"No. 313 North Ring Road, Qingxi Town, Dongguan City, Guangdong Province, PRC",,IFRS Accounting Standards,2023-04-01,2024-03-31,2024-04-01,2025-03-31,2025-04-01,335553968000,17163816000,15870540000,2026-06-30,2026-07-06,383472800,9558528000,5538975000,Unqualified opinion (true and fair view),227100000,Temasek; Taibai; True Light; HHLRA; HHLRA (SMA managed for CPP Investments); GIC; CPE Neem; HK Greenwoods; Foresight Funds; ADIA; UBS AM Singapore; Oaktree; Eastspring; Eastspring SG; Eastspring HK; First Sentier Investors; First Sentier Investors HK; First Sentier Investors SG; GF Fund; GF Fund Management; GF Fund HK; China Universal (HK); Bosera International; Fidelity International; Value Partners; VPHKL; VPL; Taikang Life,0.4844,2027-01-09,3.78,47308,144952794,Subscription level 3.78 times,2026-07-07,2026-07-08,383472800,38347300,345125500,12541900,0.218041,"Claw-back triggered N/A; Final no. of Offer Shares under Hong Kong Public Offering 38,347,300 (10.00%)",24039100000,0.0498,7701730624,0.0257,Free float denominator = total issued shares upon listing (col_CZ); numerator = offer shares minus cornerstone allocation,7701730624,-0.0856039,41,0.0294839,53981000000,62.173,-0.017494,-4.24504e+08,63.123,63.123,57.073,71068706,0.185329,4342424750,Mechanism B,FINI (from 22/11/2023); 2025-08-04 pricing reform (Mechanism A/B; six-month cornerstone lock-up retained); this IPO: Mechanism B,立讯精密工业股份有限公司,Active,58.423,-0.060316,-0.076754,0.07847,0.042588,0.8713,0.9013,5.67165e+08,,,,,,,,,,,,,,Standard,China International Capital Corporation / Sponsor-OC,2026-08-08,0,0,0.15,2026-08-08,0,0,0.163684,-0.011295,0.429572,0.011259,0.9846,-0.060316,0.8713,,,,,0.000149649,0,0.0399226,0.184742,2027-01-09,2027-07-09,,,,CICC,2,0,0.025,0.01,0.035,4,0,0,6,0,POST_FINI,POST_2025_REFORM
99,2797.HK,"Jiangxi Qiyunshan Food Co., Ltd. - H Shares",2026-06-30,2026-07-09,Zhongtai International Capital Limited,Ernst & Young,King Kee Appraisal and Advisory Limited,20000000,180000000,8,100000000,25000000,75000000,75000000,0,25000000,22500000,2500000,8,5,0.230769,0.461538,At high,RMB,245934000,310209000,301373000,178243000,220084000,249667000,67691000,90125000,51706000,246718000,339132000,313696000,27173000,61446000,56439000,23705000,53199000,48925000,0.03,0.03,0.15,Fruit snacks (hog plum food products),Main Board of the Stock Exchange,2025-12-31,1841000,115009000,11433000,0,0.337,1,0,0,0,0,0,0,Yunzhishang LP,0,0,Pre-IPO Investment (22 April 2022),4.19,Natural person (Core Management Shareholders acting in concert),0.75,0.75,0,,0,Main Board,Ordinary Shares (H Shares and Unlisted Shares),0,0,0,0,251010,HSICS (Hang Seng Industry Classification System) 2026,1995-09-28,30.78,PRC,"Suite 2703, 27/F, Shui On Centre, 6-8 Harbour Road, Wanchai, Hong Kong",1000,IFRS Accounting Standards,2023-01-01,2023-12-31,2024-01-01,2024-12-31,2025-01-01,313696000,56439000,48925000,2026-06-30,2026-07-06,25000000,160992000,8335000,Unqualified — true and fair view,33000000,,0,,1688.1,95307,4220250000,"Subscription level 1,688.1 times",2026-07-07,2026-07-08,25000000,2500000,22500000,0,0,"Reallocation No; Final no. of Offer Shares under Hong Kong Public Offering 2,500,000 (10.00%)",167000000,0.25,100000000,0.25,Free float denominator = total issued shares upon listing (col_CZ); numerator = offer shares minus cornerstone allocation,100000000,-0.0856039,41,0.0294839,53981000000,21,1.625,325000000,16,26,16,10084200,0.403368,172377000,Mechanism B,FINI (from 22/11/2023); 2025-08-04 pricing reform (Mechanism A/B; six-month cornerstone lock-up retained); this IPO: Mechanism B,江西齐云山食品股份有限公司,Active,69.15,2.29286,7.64375,0.07847,0.042588,3.0533,3.1583,28358345,,,,,,,,,,,,,,Standard,China International Capital Corporation / Sponsor-OC,2026-08-08,0,0,0.15,2026-08-08,0,0,0.674884,-0.04359,0.297649,0.022857,0.9959,2.29286,3.0533,,,,,0.0122359,0,0.31793,0.515385,2027-01-09,2027-07-09,,,,CICC,2,0,0.025,0.01,0.035,4,0,0,6,0,POST_FINI,POST_2025_REFORM
97,3752.HK,Rokae (Shandong) Robotics Group Inc. - H Shares,2026-06-30,2026-07-09,"China International Capital Corporation Hong Kong Securities Limited /
Guotai Junan Capital Limited",Deloitte Touche Tohmatsu,,87521600,918969200,38,261726190,23031900,238694290,238694290,0,23031900,20728700,2303200,38,38,0,0,Fixed price,RMB,994448000,963996000,1253487000,-751492000,-923635000,-1157890000,1745940000,1887631000,2411377000,267025000,325257000,521747000,-157464000,-191756000,-179312000,-157464000,-191756000,-179312000,0.02,0.02,0.15,"Robotic products (industrial robots, flexible collaborative robots, embodied intelligent robots) and related robotic solutions",Main Board – Rule 8.05(3) market capitalisation/revenue test (H Share issuer under Chapter 19A),2025-12-31,-77520000,14801000,65508000,0,0.215,1,1,1,1,1,1,1,Tibet Meiling; Hubei Meihua; Fenglong Xinglian; Qingkong Yinxing; Zhongxin Botong; Jinsha River III; Golden Growth III (Shunwei); XH Fund; Suxiang Fund; SCGC; Beijing Yitang; Yuanyi Yongxuan; Tianjin Qihui; South Hope; Zoucheng New Energy; National Manufacturing Transform and Upgrade Fund; Shandong Zhengfang; TR Victory; Pinghu Jinluo; Zoulu Fund; Huida Luxin; Jiaxing Yuanshi; Tianqi Zefeng; Quanzhou Shanyue; Yankuang Capital; Yixing ESP; Ms. Tian Zheng; Ms. Jiao Shaoling; Mr. Zhang Yong,0.6406,0,"Angel Investment (May 2015, Tibet Meiling)",11.14,Individual (founder Mr. Tuo Hua),0.1227,0.3537,2070577000,Commercialized (mass production and sales; revenue-generating),0,Main Board,H Shares,0,0,0,0,701030,HSICS (Hang Seng Industry Classification System) 2026,2014-12-15,11.56,PRC,"No. 888 Huarun Road, Central Electromechanical Industrial Park, Zhongxindian Town, Zoucheng City, Jining City, Shandong Province, PRC",1000,HKFRS Accounting Standards,2023-01-01,2023-12-31,2024-01-01,2024-12-31,2025-01-01,521747000,-179312000,-179312000,2026-06-30,2026-07-06,249791480,114168000,20076000,Unqualified opinion (true and fair view),64700000,GF Fund; Huatai Capital; Financial Street Capital; Yishao Capital; All View Fund,0.314,2027-01-09,156.58,63360,360635056,Subscription level 156.58 times,,2026-07-08,23031900,2303200,20728700,3454700,1,"Reallocation N/A; Final no. of Offer Shares under Hong Kong Public Offering 2,303,200 (10.00%)",810500000,0.1508,261726190,0.0604,Free float denominator = total issued shares upon listing (col_CZ); numerator = offer shares minus cornerstone allocation,261726190,-0.0856039,41,0.0294839,53981000000,43.78,0.152105,133124382,38.02,44.56,38.02,4070540,0.176735,161520500,Mechanism B,FINI (from 22/11/2023); 2025-08-04 pricing reform (Mechanism A/B; six-month cornerstone lock-up retained); this IPO: Mechanism B,珞石(山东)机器人集团股份有限公司,Active,69.3,0.582915,0.823684,0.07847,0.042588,1.4677,1.5183,31756015,,,,,,,,,,,,,,Standard,China International Capital Corporation / Sponsor-OC,2026-08-08,0,0,0.15,2026-08-08,0,0,0.154553,-0.22,0.539908,0.114664,1.0853,0.582915,1.4677,,,,,0.005282,0,0.0697989,0.369211,2027-01-09,2027-07-09,,,,CICC,2,0,0.025,0.01,0.035,4,0,0,6,0,POST_FINI,POST_2025_REFORM
98,6951.HK,"Chaozhou Three-Circle (Group) Co., Ltd. - H Shares",2026-06-30,2026-07-09,"China Galaxy International Securities (Hong Kong) Co., Limited",SHINEWING (HK) CPA Limited,,715790950,7330395410,100.3,1987861671,71364300,1916497371,1916497371,0,71364300,64227800,7136500,100.3,,0,0,Fixed price,RMB,23915804000,26506089000,27033473000,19871768000,21663042000,22400977000,4044036000,4843047000,4632496000,7266133000,8868527000,10605356000,2518943000,3008176000,3630968000,2190233000,2616980000,3163220000,0.008,0.008,0.15,Electronic ceramic materials and components,Main Board,2026-03-31,156685000,3564395000,155810000,0,0.152,1,0,0,0,0,0,0,,0,0,,,Individual (natural person),0.3516,0.3516,812367000,Commercialized (large-scale mass production),0,Main Board,H Shares,0,0,0,0,101025,HSICS (Hang Seng Industry Classification System) 2026,1992-12-10,33.58,PRC,"Sanhuan Industrial District, Fengtang, Chaozhou, Guangdong Province, PRC",,IFRS Accounting Standards,2023-04-01,2024-03-31,2024-04-01,2025-03-31,2025-04-01,10605356000,3630968000,3163220000,2026-06-30,2026-07-06,71364300,1095552000,187760000,Unqualified opinion,111900000,Temasek; JPMAMAPL; CPE River; Ninety One Asia; Alibaba Investment; Huang River; GSAM; Manulife; Taikang Life; China Universal Investors; Bosera International; ICBC Wealth; IvyRock; GBAHIL; Metazone; Verition Fund; GMF and IRMF,0.4981,2027-01-09,327.49,174984,2337131310,Subscription level 327.49 times,2026-07-07,2026-07-08,71364300,7136500,64227800,8856900,0.827388,"Claw-back triggered N/A; Final no. of Offer Shares under Hong Kong Public Offering 7,136,500 (10.00%)",7045900000,0.036,1987861671,0.018,Free float denominator = total issued shares upon listing (col_CZ); numerator = offer shares minus cornerstone allocation,1987861671,-0.0856039,41,0.0294839,53981000000,105,0.046859,335412210,100.3,109,100.3,17821155,0.249721,1809992600,Mechanism B,FINI (from 22/11/2023); 2025-08-04 pricing reform (Mechanism A/B; six-month cornerstone lock-up retained); this IPO: Mechanism B,潮州三环（集团）股份有限公司,Active,111,0.057143,0.10668,0.07847,0.042588,0.9802,1.014,317195185,,,,,,,,,,,,,,Standard,China International Capital Corporation / Sponsor-OC,2026-08-08,0,0,0.15,2026-08-08,0,0,0.295431,0.129785,0.590776,-0.017143,0.9569,0.057143,0.9802,,,,,0.000264649,0,0.0542586,0.274959,2027-01-09,2027-07-09,,,,CICC,2,0,0.025,0.01,0.035,4,0,0,6,0,POST_FINI,POST_2025_REFORM
100,2249.HK,NEXCHIP SEMICONDUCTOR (CHINA) LIMITED - H Shares,2026-06-30,2026-07-10,China International Capital Corporation Hong Kong Securities Limited,Rongcheng (Hong Kong) CPA Limited,,698219410,6635621560,32.3,2223758697,216167000,2007591697,2007591697,0,216167000,194550300,21616700,32.3,30,0.036918,0.073836,At high,RMB,50398582000,53297969000,54705900000,26088968000,28087689000,29759200000,24309614000,25210280000,24946700000,9119580000,10388302000,11224520000,482460000,466694000,114288000,482197000,466498000,114064000,0.017,0.017,0.15,"Semiconductor wafer foundry (12-inch IC wafer fabrication services for DDIC, CIS, PMIC, Logic IC and MCU)",Main Board of the Stock Exchange,2026-03-31,963808000,2874143000,302589000,57252000,0.579,1,1,1,1,1,1,0,Hefei Xinping; PIHC; Huaqin Technology; Hefei Qinhe,35.44,1,Multiple capital increases completed by September 2020,,State-owned enterprise controlled by Hefei Municipal SASAC,0.3864,0.3864,19492700,Commercialized - mass production across 150nm to 40nm technology nodes,0,Main Board,H Shares,0,0,0,0,703010,HSICS (Hang Seng Industry Classification System) 2026,2015-05-19,11.14,PRC,"No. 88 Xifeihe Road, Hefei Comprehensive Bonded Zone, Xinzhan District, Hefei, Anhui Province, PRC",,IFRS Accounting Standards,2023-04-01,2024-03-31,2024-04-01,2025-03-31,2025-04-01,11224520000,114288000,114064000,2026-06-30,2026-07-07,216167000,573538000,1426645000,Unmodified opinion (true and fair view),172200000,Chipone; Puxin Technology; Smartsens (HK); Chery Automobile HongKong; Goertek (HongKong); Taikang Life; GF Fund; Shanghai Gaoyi and CICC Financial Trading Limited; Perseverance Asset Management; China Universal (HK); NGS Super; HHLRA; WT Asset Management; IvyRock; Verition; Pinpoint; Da Cheng International; ICBC Wealth; PSBC Wealth; HGI,0.4992,2027-01-10,344.26,195505,7441765142,Subscription level 344.26 times,2026-07-08,2026-07-09,216167000,21616700,194550300,10886900,0.335756,"Claw-back triggered N/A; Final no. of Offer Shares under Hong Kong Public Offering 21,616,700 (10.00%)",6778730000,0.1,2223758697,0.0487,Free float denominator = total issued shares upon listing (col_CZ); numerator = offer shares minus cornerstone allocation,2223758697,-0.0856039,41,0.0294839,53981000000,32.3,0,0,36,36.8,31.8,64673431,0.299183,2211002800,Mechanism B,FINI (from 22/11/2023); 2025-08-04 pricing reform (Mechanism A/B; six-month cornerstone lock-up retained); this IPO: Mechanism B,合肥晶合集成电路股份有限公司,Active,31.8,-0.01548,-0.01548,0.056056,0.020993,0.9323,0.9643,276967450,,,,,,,,,,,,,,Standard,China International Capital Corporation / Sponsor-OC,2026-08-09,0,0,0.15,2026-08-09,0,0,0.298655,-0.147551,0.208291,-0.042724,0.9254,-0.01548,0.9323,,,,,0.000948429,0,0.0429668,0.297297,2027-01-10,2027-07-10,,,,CICC,2,0,0.025,0.01,0.035,4,0,0,6,0,POST_FINI,POST_2025_REFORM
101,6745.HK,"Befar Group Co., Ltd - H Shares",2026-06-30,2026-07-10,"Huatai Financial Holdings (Hong Kong) Limited /
CCB International Capital Limited",KPMG,,122541240,1102857240,3.48,2408962276,352126000,2056836276,2056836276,0,352126000,316913000,35213000,3.59,3.05,0.048193,0.162651,Within range,RMB,22956459000,24259291000,24397323000,11382714000,12152769000,12329303000,11573745000,12106522000,12068020000,10228062000,14836442000,15690168000,121427000,355662000,999444000,217255000,235492000,691232000,0.016,0.016,0,"Chemical industry — manufacturing and sale of chlor-alkali chemicals, C3-C4 chemicals and wet electronic chemicals",Main Board — Chapter 19A of the Listing Rules (PRC issuer with other listed shares); market capitalisation/revenue test under Rule 8.05(3),2026-03-31,191310000,1497412000,12599000,0,0.213,1,0,0,0,0,0,0,,0,0,,,No controlling shareholder (no actual controller); Single Largest Shareholder Group led by Binzhou Heyi,0.0962,0.0962,9439927000,Commercialized (mass production and sale of chemical products),0,Main Board,H Shares,0,0,0,0,053040,HSICS (Hang Seng Industry Classification System) 2026,1998-05-21,28.14,PRC,"Binzhou City, Shandong Province, the PRC",,IFRS Accounting Standards,2023-04-01,2024-03-31,2024-04-01,2025-03-31,2025-04-01,15690168000,999444000,691232000,2026-06-30,2026-07-07,352126000,506781000,110459000,Unqualified (true and fair view),66700000,Beijing Yian; HTCI; Luhua Daosheng; Aurora SF; China Hongqiao; Hyperion Venture; Tianto; Safewell,0.3188,2027-01-10,227.58,88855,8013774540,Subscription level 227.58 times,2026-07-08,2026-07-09,352126000,35213000,316913000,0,0,"Claw-back triggered N/A; Final no. of Offer Shares under Hong Kong Public Offering 35,213,000 (10.00%)",1160370000,0.15,2408962276,0.0996,Free float denominator = total issued shares upon listing (col_CZ); numerator = offer shares minus cornerstone allocation,2408962276,-0.0856039,41,0.0294839,53981000000,2.83,-0.186782,-228881900,2.74,3.15,2.64,72959000,0.207196,211467400,Mechanism B,FINI (from 22/11/2023); 2025-08-04 pricing reform (Mechanism A/B; six-month cornerstone lock-up retained); this IPO: Mechanism B,滨化集团股份有限公司,Active,3.46,0.222615,-0.005747,0.056056,0.020993,1.1577,1.1975,119182040,,,,,,,,,,,,,,Standard,China International Capital Corporation / Sponsor-OC,2026-08-09,0,0,0.15,2026-08-09,0,0,0.007962,-0.094955,0.176566,0.074205,1.0384,0.222615,1.1577,,,,,0.00122977,0,0.0515635,0.312649,2027-01-10,2027-07-10,,,,CICC,2,0,0.025,0.01,0.035,4,0,0,6,0,POST_FINI,POST_2025_REFORM
102,3308.HK,"ZHONGJI INNOLIGHT CO., LTD. - H Shares",2026-07-22,2026-07-30,"Goldman Sachs (Asia) L.L.C. /
China International Capital Corporation Hong Kong Securities Limited /
Morgan Stanley Asia Limited /
GF Capital (Hong Kong) Limited",PricewaterhouseCoopers,,5341000000,56080500000,980,1169734641,54500000,1115234641,1115234641,0,54500000,49050000,5450000,1010,,0,0,Fixed price,RMB,28866275000,45288971000,56648234000,20292841000,31621199000,38114901000,8573434000,13667772000,18533333000,23862160000,38239936000,77985592000,6052438000,13599624000,30143208000,5371776000,11579754000,25267168000,0.004,0.004,0.15,Optical interconnect solutions and optical transceivers for cloud and AI infrastructure,Chapter 19A of the Listing Rules (PRC issuer with other listed shares),2026-03-31,3354934000,12176254000,644689000,1834000,0.819,1,0,0,0,0,0,0,,0,0,,,Individual,0.1634,0.1634,2540915000,Commercialized,0,Main Board,H Shares,0,0,0,0,701015,HSICS (Hang Seng Industry Classification System) 2026,2005-06-27,21.09,PRC,"168 Shengpu Road, Suzhou Industrial Park, Suzhou City, Jiangsu Province, PRC",,IFRS,2023-04-01,2024-03-31,2024-04-01,2025-03-31,2025-04-01,77985592000,30143208000,25267168000,2026-07-22,2026-07-27,54500000,8879994000,1929199000,Unqualified,532100000,"Temasek, Taibai, True Light, HHLRA, JPM AM, BlackRock, YF Capital, Aspex, ADIA, Wellington, Perseverance Asset Management, Indus Funds, Mirae Investors, NGS Super Fund, Bain Capital, CPE, Boyu Capital, IDG Capital, Ninety One Asia, WT Asset Management, CloudAlpha Capital, Tairen, Hao Funds, Janchor Funds, Alibaba, Tencent, CPP Investments",0.5,2027-01-30,16.84,62731,91799450,Subscription level 16.84 times,2026-07-28,2026-07-29,54500000,5450000,49050000,8175000,1,Claw-back triggered N/A,52891000000,0.0466,1169734641,0.0233,Free float denominator = total issued shares upon listing (col_CZ); numerator = offer shares minus cornerstone allocation,1169734641,0.0573771,56,0.0271548,54056000000,958.612,-0.021824,-1165646000,969.612,971.612,878.612,12212277,0.224078,11486621440,Mechanism B,FINI (from 22/11/2023); 2025-08-04 pricing reform (Mechanism A/B; six-month cornerstone lock-up retained); this IPO: Mechanism B,中際旭創股份有限公司,Active,1013.61,0.057375,0.034298,-0.007963,-0.036975,1.0659,1.098,2.91025e+09,,,,,,,,,,,,,,Standard,China International Capital Corporation / Sponsor-OC,2026-08-29,0,0,0.15,2026-08-29,0,0,0.191547,0.139535,0.746421,0.162735,1.1602,0.057375,1.0659,,,,,1.80714e-05,0,0.0597943,0.24514,2027-01-30,2027-07-30,,,,CICC,2,0,0.025,0.01,0.035,4,0,0,6,0,POST_FINI,POST_2025_REFORM
103,2261.HK,"NASN Intelligent Tech (Zhejiang) Co., Ltd. - H Shares",2026-07-30,2026-08-07,"Haitong International Capital Limited /
BOCI Asia Limited",Ernst & Young,,60013990,540120700,10.42,594984292,57594500,537389792,537389792,0,57594500,51835000,5759500,11.18,10.42,-0.035185,0.07037,At low,RMB,1078257000,1218745000,1140805000,-906890000,-1063551000,-1113516000,1985147000,2282296000,2254321000,390737000,614506000,603264000,-169521000,-189524000,-219528000,-169521000,-189524000,-219528000,0.03,0.03,0.15,"Development of intelligent driving motion control technologies, currently delivering mission-critical brake-by-wire solutions",Rule 8.05(3) of the Listing Rules (Market Capitalization/Revenue Test),2026-03-31,-19078000,203526000,23616000,0,0.969,1,1,1,1,1,1,1,BOC Capital; FIIF II; Qiming Rongke; QM103; Hangzhou Chuangqian; Suzhou Sushang; Ningbo Wending; Hillhouse (VNTR; MAUT); Suzhou Maison; Chongqing Kexing; Dongguan Qinhe; Qigao Zhihe,0.6289,1,Series Angel-1 Investments,9.71,Individual natural person(s) (Single Largest Group of Shareholders: Mr. Tao and Ms. Liu),0.2039,0.2039,1950499000,Commercialized (mass production and commercial sales; revenue-generating),0,Main Board,H Shares,0,0,0,0,231020,HSICS (Hang Seng Industry Classification System) 2026,2016-03-29,10.36,PRC,"1−2 Floor, Building 9, No. 1888 Xinjinqiao Road, China (Shanghai) Pilot Free Trade Zone, Shanghai, PRC",,International Financial Reporting Standards (IFRS),2023-04-01,2024-03-31,2024-04-01,2025-03-31,2025-04-01,603264000,-219528000,-219528000,2026-07-30,2026-08-04,594984292,15261000,22797000,Unqualified (true and fair view),67800000,,0,,2513.54,161125,14476731200,"Subscription level 2,513.54 times",,2026-08-06,57594500,5759500,51835000,0,0,"No reallocation; No. of Offer Shares initially available under HK Public Offering 5,759,500; Final no. of Offer Shares under HK Public Offering 5,759,500 (10%)",533200000,0.6927,594984292,0.0968,Free float = Offer Shares excluding locked-up shares; denominator = total issued shares upon Listing (col_CZ),594984292,0.127918,52,0.0269268,54108000000,17.1,0.641075,384731260,16.9,19.8,16.6,13436660,0.233298,230852900,Mechanism B,FINI (from 22/11/2023); 2025-08-04 pricing reform (Mechanism A/B; six-month cornerstone lock-up retained); this IPO: Mechanism B,拿森智能科技（浙江）股份有限公司,Active,14.8,-0.134503,0.420345,-0.017715,-0.080236,0.8811,0.941,19180365,,,,,,,,,,,,,,Standard,China International Capital Corporation / Sponsor-OC,2026-09-06,0,0,0.15,2026-09-06,0,0,0.134893,0.22085,0.398148,-0.064327,0.9457,-0.134503,0.8811,,,,,0.00444539,0,0.112686,0.289655,2027-02-07,2027-08-07,,,,CICC,2,0,0.025,0.01,0.035,4,0,0,6,0,POST_FINI,POST_2025_REFORM
104,3223.HK,"Ingenic Semiconductor Co., Ltd. - H Shares",2026-08-17,2026-08-25,Guotai Junan Capital Limited,SHINEWING (HK) CPA Limited,,312880000,2815850000,100,514951667,31287300,483664367,483664367,0,31287300,28158500,3128800,102.8,,0,0,Fixed price,RMB,12742026000,12926944000,13826735000,11829523000,12082913000,12756403000,912503000,844031000,1070332000,4530926000,4212626000,6239068000,545204000,409965000,1454048000,515724000,364198000,1281392000,0.006,0.006,0.15,"IC provider with a product portfolio spanning across memory, computing, and analog ICs",Chapter 19A of the Listing Rules (PRC issuer with other listed shares),2026-03-31,216689000,3411739000,171903000,5401000,0.503,1,1,1,0,0,0,0,"Infotech Venture Capital Co., Ltd. (盈富泰克創業投資有限公司)",0,0,Capital increase / equity transfer (2005-2009),16.65,Individual,0.1134,0.1134,14774000,Commercialized,0,Main Board,H Shares,0,0,0,0,703010,HSICS (Hang Seng Industry Classification System) 2026,2005-07-15,21.11,PRC,"A101-A113, 1/F, Building 14, East Block, 10 Xibeiwang East Road, Haidian District, Beijing, PRC",,IFRS,2023-04-01,2024-03-31,2024-04-01,2025-03-31,2025-04-01,6239068000,1454048000,1281392000,2026-08-17,2026-08-20,31287300,664071000,27492000,Unqualified,75100000,"Emerald Prime, GF Fund, Perseverance Asset Management, Shanghai Gaoyi and HTCI, Huaqin Singapore, ICBC Wealth, Arrow Target, China Universal (HK), CloudAlpha Capital, Heading Pioneer 10 Fund LPF, Dream’ee HK Fund",0.4805,2027-02-25,927.37,141851,2901565000,Subscription level 927.37 times,,2026-08-24,31287300,3128800,28158500,0,0,Claw-back triggered: N/A,3054600000,0.0608,514951667,0.0316,Free float denominator = total issued shares upon listing (col_CZ); numerator = offer shares minus cornerstone allocation,514951667,0.0225798,48,0.0255476,54069000000,100,0,0,100,100.4,97.1,5822270,0.186091,581758800,Mechanism B,FINI (from 22/11/2023); 2025-08-04 pricing reform (Mechanism A/B; six-month cornerstone lock-up retained); this IPO: Mechanism B,北京君正集成電路股份有限公司,Active,104.6,0.046,0.046,-0.01836,-0.036014,1.0656,1.0851,78853685,,,,,,,,,,,,,,Standard,China International Capital Corporation / Sponsor-OC,2026-09-24,0,0,0.15,2026-09-24,0,0,0.026943,-0.001008,0.10132,0.015,1.0128,0.046,1.0656,,,,,0.000858542,0,0.0280918,0.087477,2027-02-25,2027-08-25,,,,CICC,2,0,0.025,0.01,0.035,4,0,0,6,0,POST_FINI,POST_2025_REFORM
106,0625.HK,SHEIN Global Holdings Limited - W,2026-08-24,2026-09-01,"Goldman Sachs (Asia) L.L.C. /
Morgan Stanley Asia Limited /
J.P. Morgan Securities (Far East) Limited",Deloitte Touche Tohmatsu,,1359646008,12236789792,48.56,4246202609,279992500,3966210109,3966210109,0,279992500,251993200,27999300,49.5,47.6,0.000206,0.039135,Within range,USD,17321000000,20033000000,20609000000,-9097000000,-6897000000,-6958000000,26418000000,26930000000,27567000000,38748000000,41847000000,36208000000,3769000000,2514000000,-80000000,3365000000,2064000000,-396000000,0.015,0.015,0.15,Global online retail platform offering fashion and lifestyle products,Main Board of the Stock Exchange (Chapter 8A - Weighted Voting Rights structure),2026-03-31,392000000,4313000000,218000000,0,0.01,1,1,1,1,1,0,1,"Sequoia Capital, IDG Capital, Boyu, Tiger Global, General Atlantic, Greenwoods, Tencent",0.404,0,Series A,11.52,Natural person (founder Mr. Yangtian Xu),0.303,0.499,891000000,Commercialized (large-scale commercial operations and platform deployment; global online retail operations serving 273 million active customers),0,Main Board,Class B Shares,0,1,0,0,237060,HSICS (Hang Seng Industry Classification System) 2026,2014-05-12,12.31,Cayman Islands,"Building 5, Sihai City, Wan Hui 2nd Road, Panyu District, Guangzhou, China",1000000,IFRS,2023-04-01,2024-03-31,2024-04-01,2025-03-31,2025-04-01,36208000000,-80000000,-396000000,2026-08-24,2026-08-27,4246202609,6373000000,60000000,Unqualified,470600000,"Boyu, Tiger Global, General Atlantic, Tencent, Greenwoods, Taikang Life, UBS AM Singapore",0.221,2027-03-01,5.63,35751,157684200,Subscription level 5.63 times,,2026-08-31,279992500,27999300,251993200,,0,Claw-back triggered: N/A (no reallocation from the International Offering to the Hong Kong Public Offering),13214100000,0.6062,4246202609,0.0514,Free float denominator = total issued shares upon listing (col_CZ); numerator = offer shares minus cornerstone allocation,4246202609,0.0419108,45,0.0268577,53968000000,48.5,-0.001236,-16799550,48.56,48.56,43.72,48014883,0.171486,2230255430,Mechanism B,FINI (from 22/11/2023); 2025-08-04 pricing reform (Mechanism A/B; six-month cornerstone lock-up retained); this IPO: Mechanism B,希音国际控股有限公司,Active,,,,,,,,,,,,,,,,,,,,,,Standard,China International Capital Corporation / Sponsor-OC,2026-10-01,0,0,0.15,2026-10-01,0,0,,,,-0.188866,0.8085,,,,,,,0.000335316,0,0.0441323,0.277183,2027-03-01,2027-09-01,,,,CICC,2,0,0.025,0.01,0.035,4,0,0,6,0,POST_FINI,POST_2025_REFORM
105,9615.HK,"Mech-Mind Robotics Technologies Co., Ltd. - H Shares",2026-08-24,2026-09-01,"China Securities (International)
Corporate Finance Company Limited /
CITIC Securities (Hong Kong) Limited",KPMG,,470680821,1882717182,101.7,125011050,23140590,101870460,101870460,0,23140590,21983550,1157040,101.7,95.3,0.032487,0.064975,At high,RMB,550559000,757381000,694035000,-2147237000,-2492191000,-2544846000,2697796000,3249572000,3238881000,268765000,388771000,427660000,-283332000,-358565000,-225504000,-283332000,-360168000,-227308000,0.025,0.025,0.15,"Integrated hardware-software solutions consisting of vision and intelligence components of robots (intelligent robotic guidance, intelligent inspection and measurement)",Chapter 18C,2026-03-31,-52883000,345911000,38462000,0,0.35,1,1,1,1,1,1,1,Hanchen; Qiming Rongke; Qingdao Jianrui; Qingdao Blue Bay; Gongqingcheng Shangqi; Tibet Delian; Intel Asia Pacific; Suzhou Yuanming; Beijing Kuxun Technology; Zhuhai Jinguang; Coatue; Gliff Investment; Dawo Xingguo; Dawo Tongde; Zibo Jiacheng; Qingdao Gaozhi; Mingzhe Huihua; Xiong'an Fund; Shanghai Nanxiang; Hebei Structural; Nanjing Lvyong; Broad-Ocean Motor; CICC Porsche; Jiaxing Shanghe; Tianjin Yongtai; Tianjin Tianchuang,0.7654,1,Series Angel,9.95,"Individual natural persons acting in concert (Mr. Shao, Mr. Fu, Dr. Ding and Mech-Mind Management)",0.1911,0.1911,3099016000,Commercialized (commercial-scale revenue-generating products in mass production and sales; revenue RMB388.8M in 2025),0,Main Board,H Shares,0,0,0,1,701030,HSICS (Hang Seng Industry Classification System) 2026,2016-09-12,9.97,PRC,"Room 210, Unit 3, North Zone of Chuangzhi Park, No. 164 Yining Avenue, Start-up Area, Xiongan New Area, Hebei Province, PRC",,IFRS Accounting Standards,2023-04-01,2024-03-31,2024-04-01,2025-03-31,2025-04-01,427660000,-225504000,-227308000,2026-08-24,2026-08-27,23140590,69274000,14991000,Unqualified (true and fair view),150200000,"Baillie Gifford Overseas Limited; Baillie Gifford & Co; Taikang Life Insurance Co., Ltd; Invus Public Equities, L.P.; Jane Street Asia Trading Limited; Ghisallo Fund Master Ltd; Ruihua (International) Investment Limited; NGS Super Pty Limited; E Fund Management Co., Ltd.; Golden Link Worldwide Limited",0.6202,2027-03-01,3835.36,252461,4437660000,"Subscription level 3,835.36 times",,2026-08-31,23140590,4628130,18512460,,0,"Claw-back triggered: Yes; 3,471,090 Offer Shares reallocated from the International Offering to the Hong Kong Public Offering; Final no. under HK Public Offering is 4,628,130 (20.00% of Global Offering)",2200200000,0.6978,125011050,0.0703,Free float denominator = total issued shares upon listing (col_CZ); numerator = offer shares minus cornerstone allocation,125011050,0.0419108,45,0.0268577,53968000000,99.8,-0.018682,-43967121,101.7,102,97,5731115,0.247665,574537600,Mechanism A,FINI (from 22/11/2023); 2025-08-04 pricing reform (Mechanism A/B; six-month cornerstone lock-up retained); this IPO: Mechanism A,梅卡曼德（雄安）機器人科技股份有限公司,Active,,,,,,,,,,,,,,,,,,,,,,18C (Specialist Tech),China International Capital Corporation / Sponsor-OC,2026-10-01,0,0,0.15,2026-10-01,0,0,,,,-0.207916,0.7895,,,,,,,0.00190516,0,0.0562256,0.230392,2027-03-01,2027-09-01,,,,CICC,2,0,0.025,0.01,0.035,4,0,0,6,0,POST_FINI,POST_2025_REFORM
107,2041.HK,"Medcaptain Medical Technology Co., Ltd. - H Shares",2026-08-28,2026-09-07,"Morgan Stanley Asia Limited /
Huatai Financial Holdings (Hong Kong) Limited",Ernst & Young,,60000762,540000690,15.42,538626686,38910600,499716086,499716086,0,38910600,35019500,3891100,15.42,,0,0,Fixed price,RMB,2755563000,2804961000,2941391000,1700286000,1751214000,1891968000,1055277000,1053747000,1049423000,1313297000,1399361000,1689288000,-49824000,-70502000,13324000,-64508000,-96617000,-10108000,0.035,0.035,0,Medical devices,Rule 8.05(3),2026-03-31,38047000,321227000,68211000,0,0.155,1,1,1,1,0,1,1,Gao Ling; Shenzhen Capital Group; Sino-Rock; Kangjun Zhongyuan Fund,0.2079,1,Series A,10.5,Individual,0.367,0.367,435819000,Commercialized,0,Main Board,H Shares,0,0,0,0,282010,HSICS (Hang Seng Industry Classification System) 2026,2011-04-26,15.37,PRC,Shenzhen,,IFRS,2023-04-01,2024-03-31,2024-04-01,2025-03-31,2025-04-01,1689288000,13324000,-10108000,2026-08-28,2026-09-02,479221686,229204000,22688000,Unqualified,103800000,,0,,436.37,57305,1697974600,Subscription level 436.37 times,,2026-09-04,38910600,3891100,35019500,,0,Claw-back triggered: N/A,496200000,0.4263,538626686,0.0722,Free float denominator = total issued shares upon listing (col_CZ); numerator = offer shares minus cornerstone allocation,538626686,-0.0113362,42,0.0278821,54202000000,8.8,-0.429313,-257588172,10,10.9,8.41,12158500,0.312473,128712100,Mechanism B,FINI (from 22/11/2023); 2025-08-04 pricing reform (Mechanism A/B; six-month cornerstone lock-up retained); this IPO: Mechanism B,麦科田,Active,,,,,,,,,,,,,,,,,,,,,,Standard,China International Capital Corporation / Sponsor-OC,2026-10-07,0,0,0.15,2026-10-07,0,0,,,,-0.002273,1.0222,,,,,,,0.00770593,0,0.116264,0.264679,2027-03-07,2027-09-07,,,,CICC,2,0,0.025,0.01,0.035,4,0,0,6,0,POST_FINI,POST_2025_REFORM
108,9976.HK,"Shenzhen Longsys Electronics Co., Ltd. - H Shares",2026-08-31,2026-09-08,"CITIC Securities (Hong Kong) Limited /
Citigroup Global Markets Asia Limited",Ernst & Young,,615440800,6462069400,236,455745949,26077800,429668149,429668149,0,26077800,23470000,2607800,240.6,,0,0,Fixed price,RMB,16896667000,22750717000,37244312000,6899505000,8361665000,14810263000,9997162000,14389052000,22434049000,17463650000,22766170000,44119863000,589656000,1744965000,23175585000,505231000,1497771000,19281489000,0.017,0.017,0.15,"Design, back-end manufacturing and sales of semiconductor memory products (embedded storage, SSDs, mobile storage and DIMMs)",Chapter 19A of the Main Board Listing Rules (PRC issuer with other listed shares),2026-04-30,-2947514000,3607769000,374595000,0,0.283,1,1,1,0,0,1,0,Yuanhe Puhua (Jiangsu Jiequan Yuanhe Puhua Equity Investment Partnership); National IC Industry Investment Fund; Shanghai Juyuan Juxin IC Industry Fund; Suzhou Shangkai Venture Capital; Shenzhen Lihe Venture Capital,16.75,1,"Capital Increase (June 12, 2018)",8.22,Individual / Founder (Mr. Cai Huabo and Ms. Cai Lijiang),0.3879,0.3879,16129110000,Commercialized (mass production and sales of semiconductor memory products; revenue RMB22.8B in 2025),0,Main Board,H Shares,0,0,0,0,703010,HSICS (Hang Seng Industry Classification System) 2026,1999-04-27,27.37,PRC,"Units 2001, 2201, 2301, B Tower, Horoy Qianhai Finance Centre Phase II, No. 5059, Tinghai Avenue, Nanshan Street, Shenzhen-Hong Kong Cooperation Zone, Qianhai, Shenzhen, China",,IFRS Accounting Standards,2023-05-01,2024-04-30,2024-05-01,2025-04-30,2025-05-01,44119863000,23175585000,19281489000,2026-08-31,2026-09-03,26077800,8459876000,220791000,Unqualified (true and fair view),242400000,"Transsion International Limited; YuFeng Financial Group Limited; YuFeng Project 1 Limited Partnership Fund; CITIC Securities Asset Management (HK) Limited; Admiralty Harbour Growth Opportunities SPC; Lenovo Group Limited; Lens Technology (HK) Co., Limited; Ingenic Semiconductor (Hong Kong) Group Limited; Ju Yuen (Hong Kong) International Limited; Colorful Technology Company Limited; HOSIN Global (HK) Electronics Co., Limited; Huadeng Tech Bright Investment Ltd; Wind Sabre Fund SPC; CQTech Limited; SDMC Technology (Hong Kong) Limited",0.1675,2027-03-08,40.32,36285,105146500,Subscription level 40.32 times,,2026-09-07,29989450,2607800,27381650,,0,"Claw-back triggered: N/A; Number of Offer Shares reallocated from the International Offering: 0; Final HK Public Offer shares: 2,607,800",6803200000,0.0652,459657599,0.0543,Free float = Offer Shares excluding Shares held by Cornerstone Investors (6-month lock-up); denominator = total issued Shares upon Listing = col_CZ,459657599,-0.0115761,42,0.0285,54190000000,233.6,-0.010169,-71974680,236,236.6,231.2,7384400,0.246233,1728374600,Mechanism B,FINI (from 22/11/2023); 2025-08-04 pricing reform (Mechanism A/B; six-month cornerstone lock-up retained); this IPO: Mechanism B,深圳市江波龍電子股份有限公司,Active,,,,,,,,,,,,,,,,,,,,,,Standard,China International Capital Corporation / Sponsor-OC,2026-10-08,0,0,0.15,2026-10-08,0,0,,,,-0.200342,0.8125,,,,,,,0.000273,0,0.0458207,0.241336,2027-03-08,2027-09-08,,,,CICC,2,0,0.025,0.01,0.035,4,0,0,6,0,POST_FINI,POST_2025_REFORM
109,3231.HK,Excelland Robotics (Wuxi) Co. Ltd. - H Shares,2026-08-31,2026-09-09,Silver Nile Global Investments Limited,Ernst & Young,,40197010,610052990,14.45,416368421,45000000,371368421,371368421,0,45000000,42750000,2250000,19.55,14.45,-0.15,0.3,At low,RMB,400022000,371851000,422894000,149221000,121625000,90502000,250801000,250226000,332392000,267107000,317707000,306052000,-151444000,-110859000,-124932000,-151444000,-110786000,-124864000,0.035,0.035,0,Commercial service robotic products and AI vision model solutions,Chapter 18C of the Listing Rules (Specialist Technology Company - Commercial Company),2026-03-31,-25481000,64402000,20912000,0,0.832,1,1,1,1,1,1,1,Legend Chengye; Rajax; Hainan Yunfeng; Jiujiang Youdi; Xunfei Yunchuang; BTG Hotels Group; Huazhu Investment; New Hengji Investment; Zhongbang Hongxiang; Wuxi Shangwei,0.6516,1,Series A,9.99,Individual (Mr. LU Ying and Single Largest Group of Shareholders),0.2979,0.2979,211710000,Commercial Company (Chapter 18C Commercial Company - commercialised stage),0.045,Main Board,H Shares,0,0,0,1,701030,HSICS (Hang Seng Industry Classification System) 2026,2013-03-13,13.49,PRC,"Shenzhen, Guangdong Province, PRC",,IFRS,2023-04-01,2024-03-31,2024-04-01,2025-03-31,2025-04-01,306052000,-124932000,-124864000,2026-08-31,2026-09-04,282232625,8597000,3000000,Unqualified / True and fair view,79300000,SensePower Management Limited; CYGG Holding Limited,0.0363,2027-03-09,140.02,27933,315045600,Subscription level 140.02 times,,2026-09-08,45000000,2781800,42218200,,0,"Claw-back triggered: No. No. of Offer Shares reallocated from the International Offering: 531,800",576600000,0.6778,416368421,0.1042,excluding Offer Shares allocated to Cornerstone Investors (9-month lock-up) and H Shares converted from Unlisted Shares (12-month lock-up); denominator = total issued Shares upon Listing = col_CZ,416368421,-0.0115761,42,0.0285,54190000000,36.68,1.53841,1000350000,35,39.96,30.84,7167201,0.159271,227391000,Mechanism A,FINI (from 22/11/2023); 2025-08-04 pricing reform (Mechanism A/B; six-month cornerstone lock-up retained); this IPO: Mechanism A,優地機器人（無錫）股份有限公司,Active,,,,,,,,,,,,,,,,,,,,,,18C (Specialist Tech),China International Capital Corporation / Sponsor-OC,2026-10-09,0,0,0.15,2026-10-09,0,0,,,,0.046892,1.0727,,,,,,,0.00416415,0,0.433754,0.227917,2027-03-09,2027-09-09,,,,CICC,2,0,0.025,0.01,0.035,4,0,0,6,0,POST_FINI,POST_2025_REFORM
