stock_code,candidate_pages,document_text_sha256,status
0901.HK,,35a3033ef8456252701e7e2349bd476e97e61ab9f3f6a933aa60e275883040e3,candidate_requires_independent_review
1187.HK,188;382;384,76320e3587ffddbcebb37f3e19d51d5bd3b23b4090663052bd1c323fc395ee3d,candidate_requires_independent_review
1392.HK,265;367,c5b28ecde652e80d6ff149b56f88c3a3624112fb9faacc98f78971cbdbcc39f5,candidate_requires_independent_review
1779.HK,261;374;403,277e4417977c776dbfc3e1becd9d1c2e72a79ad9f218bcee3de1077f12df1a64,candidate_requires_independent_review
1956.HK,261;418;422,579029ff631ea16c74035ec7ae839456a4ecd43513840b911c5c1a34c6a36eeb,candidate_requires_independent_review
2476.HK,185;384;410,4d9b4878871a73ab80c561c4f6ca62ffc1b22c3c660950a0c5c88b65487c5031,candidate_requires_independent_review
2493.HK,262,4694fcaba3ad89e65cacb9ea253cf6dd774081f5d59ccfc693d4534c03f6b083,candidate_requires_independent_review
3277.HK,223;430;432;450,20613e98f04e4edb2492f85acb25e877035017a537b740e03bea9561f178a67a,candidate_requires_independent_review
3310.HK,242;248;358,2daef7f031519066f00a1486c8da04b91cc011cbf6616391ddae46bd59ba62a4,candidate_requires_independent_review
3388.HK,269,985141369d5aadaa45560d18351ebf1ea600b7cbdb12bce07c08004fd9d85792,candidate_requires_independent_review
6067.HK,222;350,c071765cc2ff12eda0d9f829e3feac49b87d2c65f0aa2465e2ae13a1109bfde3,candidate_requires_independent_review
6871.HK,197;393,799e823408d80df42db63eeef2ef55f52242ec8be87861d5d20ece132e85d96c,candidate_requires_independent_review
6872.HK,287;422;424;449;461,8178ceaeb1ed30acb3e72820ba1cbb77ab4de0bb017b064ebebf2bd658c356d0,candidate_requires_independent_review
6915.HK,432;463,fca47ce13ac41758aa7a60b3e64bfe5436b70437fe98496608bafb73db211d77,candidate_requires_independent_review
