stock_code,field,old_value,new_value,reason,workbook_before_sha256
0901.HK,Pre-IPO investor board seat (1=yes; 0=no),0,,formal extraction is unknown; missing evidence does not establish absence,7071d029b9c915fb6d478fb226b41dc2bc493710e5ea3a2a3bd19557d1225afb
1187.HK,Pre-IPO investor board seat (1=yes; 0=no),0,,formal extraction is unknown; missing evidence does not establish absence,7071d029b9c915fb6d478fb226b41dc2bc493710e5ea3a2a3bd19557d1225afb
1392.HK,Pre-IPO investor board seat (1=yes; 0=no),0,,formal extraction is unknown; missing evidence does not establish absence,7071d029b9c915fb6d478fb226b41dc2bc493710e5ea3a2a3bd19557d1225afb
1779.HK,Pre-IPO investor board seat (1=yes; 0=no),0,,formal extraction is unknown; missing evidence does not establish absence,7071d029b9c915fb6d478fb226b41dc2bc493710e5ea3a2a3bd19557d1225afb
1956.HK,Pre-IPO investor board seat (1=yes; 0=no),0,,formal extraction is unknown; missing evidence does not establish absence,7071d029b9c915fb6d478fb226b41dc2bc493710e5ea3a2a3bd19557d1225afb
2476.HK,Pre-IPO investor board seat (1=yes; 0=no),0,,formal extraction is unknown; missing evidence does not establish absence,7071d029b9c915fb6d478fb226b41dc2bc493710e5ea3a2a3bd19557d1225afb
2493.HK,Pre-IPO investor board seat (1=yes; 0=no),0,,formal extraction is unknown; missing evidence does not establish absence,7071d029b9c915fb6d478fb226b41dc2bc493710e5ea3a2a3bd19557d1225afb
3277.HK,Pre-IPO investor board seat (1=yes; 0=no),0,,formal extraction is unknown; missing evidence does not establish absence,7071d029b9c915fb6d478fb226b41dc2bc493710e5ea3a2a3bd19557d1225afb
3310.HK,Pre-IPO investor board seat (1=yes; 0=no),0,,formal extraction is unknown; missing evidence does not establish absence,7071d029b9c915fb6d478fb226b41dc2bc493710e5ea3a2a3bd19557d1225afb
3388.HK,Pre-IPO investor board seat (1=yes; 0=no),0,,formal extraction is unknown; missing evidence does not establish absence,7071d029b9c915fb6d478fb226b41dc2bc493710e5ea3a2a3bd19557d1225afb
6067.HK,Pre-IPO investor board seat (1=yes; 0=no),0,,formal extraction is unknown; missing evidence does not establish absence,7071d029b9c915fb6d478fb226b41dc2bc493710e5ea3a2a3bd19557d1225afb
6871.HK,Pre-IPO investor board seat (1=yes; 0=no),0,,formal extraction is unknown; missing evidence does not establish absence,7071d029b9c915fb6d478fb226b41dc2bc493710e5ea3a2a3bd19557d1225afb
6872.HK,Pre-IPO investor board seat (1=yes; 0=no),0,,formal extraction is unknown; missing evidence does not establish absence,7071d029b9c915fb6d478fb226b41dc2bc493710e5ea3a2a3bd19557d1225afb
6915.HK,Pre-IPO investor board seat (1=yes; 0=no),0,,formal extraction is unknown; missing evidence does not establish absence,7071d029b9c915fb6d478fb226b41dc2bc493710e5ea3a2a3bd19557d1225afb
