code,cohort,board_lot_units,unit,offer_price,first_day_close,initial_return,expected_allotted_units,application_principal_hkd,allocation_rate,expected_gross_profit_hkd,application_return,source_pdf_page,lot_followup
6082.HK,2026Q1,200,share,19.6,34.46,0.7581632653061223,10.000228812008054,3920.0000000000005,0.05000114406004027,148.60340014643967,0.03790903064960195,29,False
2513.HK,2026Q1,100,share,116.2,131.5,0.13166953528399317,5.000053845076945,11620.0,0.05000053845076945,76.50082382967724,0.006583547661762242,22,False
9903.HK,2026Q1,100,share,144.6,156.8,0.08437067773167373,6.999601023714762,14460.0,0.06999601023714762,85.39513248932022,0.005905610822221315,20,False
2675.HK,2026Q1,100,share,43.24,56.6,0.3089731729879741,0.5006477679453679,4324.0,0.00500647767945368,6.688654179750115,0.0015468672941142726,19,False
0100.HK,2026Q1,20,share,165.0,345.0,1.0909090909090908,0.5614654665001364,3300.0,0.02807327332500682,101.06378397002456,0.030625389081825626,30,False
6938.HK,2026Q1,200,share,57.97,82.1,0.4162497843712265,3.4109568592327215,11594.0,0.017054784296163607,82.30638901328555,0.00709905028577588,18,False
3636.HK,2026Q1,200,share,30.0,37.8,0.26,14.001222369359276,6000.0,0.07000611184679638,109.20953448100231,0.01820158908016705,14,False
0501.HK,2026Q1,100,share,104.8,121.8,0.1622137404580153,100.0,10480.0,1.0,1700.0,0.16221374045801526,17,False
3986.HK,2026Q1,100,share,162.0,222.8,0.37530864197530867,2.00172633482675,16200.0,0.0200172633482675,121.70496115746643,0.007512651923300397,17,False
1641.HK,2026Q1,500,share,12.26,12.3,0.0032626427406199365,5.003269613881412,6130.0,0.010006539227762824,0.2001307845552611,3.264776257018941e-05,12,False
9611.HK,2026Q1,100,share,31.0,32.1,0.03548387096774208,0.2044268997603271,3100.0,0.002044268997603271,0.2248695897363601,7.25385773343097e-05,17,False
1768.HK,2026Q1,100,share,236.6,400.0,0.6906170752324599,3.0007952350812275,23660.0,0.030007952350812276,490.3299414122726,0.020724004286232993,19,False
9980.HK,2026Q1,100,share,248.0,251.8,0.015322580645161343,14.999865472058547,24800.0,0.14999865472058546,56.99948879382265,0.002298366483621881,18,False
2768.HK,2026Q1,200,share,36.0,40.16,0.11555555555555541,3.9991349624873154,7200.0,0.019995674812436578,16.636401443947218,0.0023106113116593357,12,False
2677.HK,2026Q1,50,share,59.9,67.9,0.13355592654424053,0.5007942479725775,2995.0,0.01001588495945155,4.006353983780624,0.0013376807959200748,13,False
2714.HK,2026Q1,100,share,39.0,40.52,0.03897435897435897,100.0,3900.0,1.0,152.0000000000003,0.03897435897435905,19,False
3200.HK,2026Q1,100,share,95.8,110.0,0.14822546972860118,10.000159900222261,9580.0,0.10000159900222261,142.00227058315613,0.014822783985715671,15,False
6809.HK,2026Q1,100,share,106.89,175.0,0.6371971185330714,4.999520710626379,10689.0,0.04999520710626379,340.51735560076264,0.03185680190857542,17,False
0600.HK,2026Q1,100,share,28.2,28.2,0.0,18.00148084161165,2820.0,0.1800148084161165,0.0,0.0,20,False
2720.HK,2026Q1,500,share,12.25,24.78,1.0228571428571431,5.002927244664431,6125.0,0.010005854489328862,62.68667837564532,0.010234559734799236,9,False
0470.HK,2026Q1,100,share,45.8,45.8,0.0,18.001763150161622,4580.0,0.18001763150161623,0.0,0.0,17,False
2706.HK,2026Q1,200,share,27.06,92.6,2.4220251293422024,0.12141226749550775,5412.0,0.0006070613374775387,7.957360011655577,0.001470317814422686,15,False
9981.HK,2026Q1,200,share,20.09,20.68,0.029367844698855228,0.6577426068189409,4018.0,0.0032887130340947045,0.388068138023175,9.658241364439398e-05,12,False
2649.HK,2026Q1,500,share,11.0,6.2,-0.4363636363636364,0.18630545327020867,5500.0,0.00037261090654041733,-0.8942661756970016,-0.00016259385012672758,12,True
2715.HK,2026Q1,200,share,15.36,12.9,-0.16015625,9.977465226513328,3072.0,0.04988732613256664,-24.544564457222776,-0.007989767075918872,13,False
2692.HK,2026Q1,100,share,71.28,73.0,0.02413019079685741,4.000926140310257,7128.0,0.040009261403102576,6.881592961333638,0.0009654311112982096,12,False
3268.HK,2026Q1,100,share,28.86,29.3,0.01524601524601521,4.998321302669129,2886.0,0.04998321302669129,2.199261373174423,0.0007620448278497653,14,False
1989.HK,2026Q1,100,share,71.88,96.0,0.335559265442404,5.000361402240694,7188.0,0.05000361402240694,120.60871702204555,0.016779175990824367,15,False
2701.HK,2026Q1,200,share,10.8,11.25,0.04166666666666652,60.007426661715556,2160.0,0.3000371333085778,27.003341997771958,0.012501547221190722,12,False
3355.HK,2026Q1,100,share,41.6,47.2,0.13461538461538458,1.0005849573596872,4160.0,0.010005849573596872,5.60327576121425,0.0013469412887534254,15,False
2632.HK,2026Q1,50,share,44.2,27.88,-0.36923076923076925,15.00132170235263,2210.0,0.3000264340470526,-244.821570182395,-0.11077899103275791,10,False
2729.HK,2026Q1,200,share,16.66,30.7,0.8427370948379351,10.006027727546716,3332.0,0.050030138637733576,140.48462929475588,0.04216225368990272,9,False
1021.HK,2026Q1,200,share,17.0,18.4,0.08235294117647052,10.003904385926859,3400.0,0.0500195219296343,14.005466140297589,0.004119254747146349,20,False
2526.HK,2026Q1,50,share,99.0,209.6,1.117171717171717,1.4998638671343232,4950.0,0.029997277342686465,165.88494370505614,0.03351210983940528,16,False
2726.HK,2026Q1,50,share,76.26,103.0,0.3506425386834513,10.001010203050813,3813.0000000000005,0.20002020406101625,267.4270128295787,0.07013559213993671,11,False
6636.HK,2026Q1,50,share,40.0,100.0,1.5,5.000482113585961,2000.0,0.10000964227171921,300.02892681515766,0.15001446340757882,12,False
0664.HK,2026Q1,100,share,60.0,30.5,-0.4916666666666667,2.7787915124341795,6000.0,0.027787915124341797,-81.9743496168083,-0.013662391602801383,14,False
3625.HK,2026Q1,100,share,40.0,80.0,1.0,4.999919770221915,4000.0,0.049999197702219146,199.9967908088766,0.049999197702219146,14,False
6656.HK,2026Q2,100,share,324.2,659.5,1.0342381246144354,2.0008769209380914,32420.0,0.020008769209380915,670.8940315905421,0.02069383194295318,19,False
0068.HK,2026Q2,500,share,7.62,18.6,1.4409448818897639,15.002561279986049,3810.0,0.0300051225599721,164.72812285424683,0.043235727783266883,17,False
3277.HK,2026Q2,100,share,39.88,70.0,0.7552657973921764,1.0007843137254901,3988.0000000000005,0.0100078431372549,30.143623529411762,0.0075585816272346435,26,False
2476.HK,2026Q2,100,share,209.88,315.0,0.5008576329331047,0.7139168603150013,20988.0,0.007139168603150014,75.04694035631294,0.003575707087684055,25,False
3296.HK,2026Q2,100,share,77.7,88.0,0.13256113256113244,12.000354123323447,7770.0,0.12000354123323448,123.60364747023146,0.015907805337224128,17,False
1879.HK,2026Q2,15,share,183.2,886.0,3.8362445414847164,0.9000724112961622,2748.0,0.060004827419744146,632.5708906589427,0.2301931916517259,24,False
2493.HK,2026Q2,200,share,27.64,27.8,0.005788712011577379,2.0013210967914214,5528.0,0.010006605483957107,0.3202113754866277,5.792535736009908e-05,10,False
6810.HK,2026Q2,100,share,24.86,84.8,2.411102172164119,5.000194711632073,2486.0,0.05000194711632073,299.71167101522644,0.12055980330459631,14,False
1609.HK,2026Q2,50,share,98.5,215.0,1.1827411167512691,0.7492536448218892,4925.0,0.014985072896437784,87.28804962175009,0.017723461852132,13,False
1187.HK,2026Q2,100,share,39.33,38.9,-0.01093312992626494,5.0006922331441235,3933.0,0.05000692233144124,-2.150297660251972,-0.0005467321790622862,12,False
1236.HK,2026Q2,200,share,26.36,60.0,1.276176024279211,1.6018391486521562,5272.0,0.008009195743260781,53.885868960658534,0.010221143581308522,17,False
7630.HK,2026Q2,200,share,20.1,41.86,1.0825870646766167,2.9981447124304266,4020.0000000000005,0.014990723562152133,65.23962894248608,0.016228763418528875,14,False
7666.HK,2026Q2,500,share,10.5,23.8,1.2666666666666666,0.7071378061585275,5250.0,0.001414275612317055,9.404932821908416,0.0017914157756016029,19,False
6871.HK,2026Q2,100,share,30.5,53.75,0.7622950819672132,3.00130308677437,3050.0,0.0300130308677437,69.7802967675041,0.02287878582541118,13,False
1511.HK,2026Q2,50,share,60.3,57.5,-0.046434494195688125,2.50048321628761,3015.0,0.0500096643257522,-7.001353005605301,-0.002322173467862455,20,False
7688.HK,2026Q2,100,share,26.39,47.5,0.799924213717317,8.000053538922797,2639.0,0.08000053538922797,168.88113020666026,0.0639943653681926,17,False
6872.HK,2026Q2,50,share,75.7,211.0,1.7873183619550859,0.4001667361400584,3785.0,0.008003334722801167,54.142559399749906,0.014304507106935246,14,False
0901.HK,2026Q2,100,share,32.8,61.2,0.8658536585365857,2.000922714146575,3279.9999999999995,0.02000922714146575,56.82620508176274,0.017325062524927666,14,False
2723.HK,2026Q2,100,share,55.5,203.0,2.6576576576576576,0.9999491378871878,5550.0,0.009999491378871878,147.4924978383602,0.02657522483574058,9,False
3310.HK,2026Q2,200,share,20.81,39.9,0.9173474291206152,5.9988387372795895,4162.0,0.029994193686397948,114.51783149466736,0.02751509646676294,15,False
3388.HK,2026Q2,150,share,18.8,22.8,0.2127659574468086,4.502025132412504,2820.0,0.030013500882750024,18.008100529650015,0.006385851251648942,14,False
2553.HK,2026Q2,200,share,14.6,21.06,0.44246575342465744,4.005323119867571,2920.0,0.020026615599337855,25.874387354344503,0.008861091559707022,10,False
1081.HK,2026Q2,100,share,66.4,66.4,0.0,3.0014822134387353,6640.000000000001,0.030014822134387352,0.0,0.0,15,False
1779.HK,2026Q2,50,share,96.06,131.8,0.37205912971059774,1.0008992454158032,4803.0,0.020017984908316064,35.77213903116082,0.007447874043547953,17,False
2290.HK,2026Q2,500,share,5.18,2.81,-0.4575289575289575,25.008672274737663,2590.0,0.050017344549475325,-59.27055329112825,-0.02288438351008813,7,False
6658.HK,2026Q2,100,share,43.58,128.0,1.9371271225332722,1.5018269647612559,4358.0,0.015018269647612558,126.78423236514523,0.029092297467908496,10,False
6675.HK,2026Q2,200,share,18.36,41.7,1.2712418300653598,4.001474227346917,3672.0,0.020007371136734585,93.39440846627706,0.025434207098659328,17,False
1392.HK,2026Q2,500,share,7.2,26.7,2.708333333333333,10.000896941429724,3600.0,0.02000179388285945,195.01749035787964,0.05417152509941101,13,False
6067.HK,2026Q2,500,share,8.98,11.0,0.22494432071269488,0.4876248715042568,4490.0,0.0009752497430085136,0.9850022404385985,0.0002193768909662803,16,False
6132.HK,2026Q2,100,share,81.8,35.26,-0.5689486552567238,1.9996825900650688,8180.0,0.01999682590065069,-93.0652277416283,-0.011377167205578033,14,False
2335.HK,2026Q2,200,share,18.2,36.9,1.0274725274725274,6.000907852927825,3640.0,0.030004539264639127,112.21697684975032,0.030828839793887453,11,False
6106.HK,2026Q2,50,share,101.6,106.0,0.04330708661417337,2.499787433041408,5080.0,0.04999574866082816,10.99906470538221,0.002165170217594923,16,False
1688.HK,2026Q2,660,share,10.18,9.71,-0.04616895874263249,8.10296664618135,6718.8,0.012277222191183865,-3.8083943237052256,-0.0005668265648189001,16,False
1956.HK,2026Q2,200,share,60.7,111.7,0.8401976935749589,0.29080854309687265,12140.0,0.0014540427154843632,14.831235697940505,0.001221683335909432,17,False
2272.HK,2026Q2,60,share,39.55,120.2,2.0391908975979773,1.2007936279725107,2373.0,0.020013227132875178,96.84400609598299,0.04081079060091993,10,False
3661.HK,2026Q2,100,share,85.2,125.3,0.470657276995305,10.0,8520.0,0.1,400.99999999999994,0.04706572769953051,18,False
6228.HK,2026Q2,100,HDR,26.6,24.86,-0.06541353383458659,100.0,2660.0,1.0,-174.0000000000002,-0.06541353383458653,15,False
9630.HK,2026Q2,50,share,252.73,515.0,1.037747794088553,1.5004471973408444,12636.5,0.03000894394681689,393.5222864465832,0.03114171538373626,19,False
1191.HK,2026Q2,50,share,114.0,165.0,0.44736842105263164,1.9999753241786034,5700.0,0.03999950648357207,101.99874153310877,0.017894516058440134,16,False
2672.HK,2026Q2,200,share,15.6,73.0,3.6794871794871797,19.999049022871,3120.0,0.099995245114355,1147.9454139127954,0.36793122240794723,9,False
9637.HK,2026Q2,100,share,22.6,46.0,1.0353982300884956,6.000321517562897,2260.0,0.06000321517562897,140.40752351097177,0.06212722279246539,16,False
2697.HK,2026Q2,20,share,126.2,400.0,2.1695721077654517,0.40022207738914234,2524.0,0.020011103869457116,109.58080478914718,0.04341553280077146,12,False
3952.HK,2026Q2,100,share,85.5,73.0,-0.14619883040935677,5.001107489795273,8550.0,0.05001107489795273,-62.51384362244091,-0.007311560657595428,14,False
6715.HK,2026Q2,100,share,75.5,114.0,0.509933774834437,3.001231120319491,7550.0,0.03001231120319491,115.5473981323004,0.015304291143351046,16,False
6915.HK,2026Q2,500,share,11.2,9.78,-0.12678571428571428,10.008430215460624,5600.0,0.020016860430921248,-14.211970905954086,-0.002537851947491801,14,False
0668.HK,2026Q3,100,share,99.32,114.9,0.1568666935159082,29.998785965764235,9932.0,0.29998785965764235,467.38108534660716,0.0470581036394087,13,False
2667.HK,2026Q3,500,share,5.5,3.35,-0.3909090909090909,40.006431902235086,2750.0,0.08001286380447017,-86.01382858980543,-0.031277755850838335,12,False
6880.HK,2026Q3,20,share,295.6,295.6,0.0,1.0000460320382987,5912.0,0.050002301601914934,0.0,0.0,23,False
7656.HK,2026Q3,200,share,21.66,21.0,-0.030470914127423865,6.000842325399016,4332.0,0.03000421162699508,-3.9605559347633514,-0.0009142557559472187,15,False
7687.HK,2026Q3,50,share,87.92,96.7,0.09986351228389445,4.999890688878686,4396.0,0.09999781377757372,43.89904024835487,0.009986132904539325,24,False
9971.HK,2026Q3,200,share,31.62,33.22,0.05060088551549646,0.3384128636937063,6324.0,0.0016920643184685316,0.5414605819099294,8.56199528636827e-05,19,False
0537.HK,2026Q3,100,share,45.98,28.8,-0.3736407133536319,8.001637629077015,4598.0,0.08001637629077014,-137.46813446754308,-0.029897375917255997,13,False
1377.HK,2026Q3,100,share,380.0,373.2,-0.017894736842105297,3.001409382460379,38000.0,0.03001409382460379,-20.409583800730612,-0.0005370943105455424,18,False
1770.HK,2026Q3,50,share,78.64,80.0,0.01729399796541209,1.500056534794025,3932.0,0.030001130695880496,2.040076887319873,0.0005188394932146167,10,False
2475.HK,2026Q3,100,share,63.28,62.3,-0.015486725663716894,100.0,6328.0,1.0,-98.0000000000004,-0.015486725663716876,22,False
2797.HK,2026Q3,500,share,8.0,21.0,1.625,0.4485427575991488,4000.0,0.0008970855151982976,5.831055848788934,0.0014577639621972335,8,False
3752.HK,2026Q3,100,share,38.0,43.78,0.15210526315789474,10.002562295817052,3800.0,0.10002562295817052,57.81481006982257,0.015214423702584887,14,False
6951.HK,2026Q3,100,share,100.3,105.0,0.046859421734795736,0.6898991685830532,10030.0,0.006898991685830532,3.242526092340352,0.00032328276095118166,15,False
2249.HK,2026Q3,100,share,32.3,32.3,0.0,8.000181204557293,3229.9999999999995,0.08000181204557294,0.0,0.0,15,False
6745.HK,2026Q3,1000,share,3.48,2.83,-0.18678160919540232,50.004729324967684,3480.0,0.05000472932496768,-32.50307406122899,-0.009339963810697986,12,False
3308.HK,2026Q3,50,share,980.0,960.0,-0.020408163265306145,34.99915297306455,49000.0,0.6999830594612909,-699.983059461291,-0.01428536856043451,15,False
2261.HK,2026Q3,100,share,10.42,17.1,0.6410748560460655,8.001180986123412,1042.0,0.08001180986123411,53.4478889873044,0.05129355948877582,11,False
3223.HK,2026Q3,100,share,100.0,100.0,0.0,0.2653260717776847,10000.0,0.002653260717776847,0.0,0.0,14,False
0625.HK,2026Q3,100,share,48.56,48.5,-0.0012355848434926209,18.41692789968652,4856.0,0.1841692789968652,-1.1050156739812331,-0.00022755676976549282,21,False
9615.HK,2026Q3,30,share,101.7,99.8,-0.01868239921337267,0.9003328402366864,3051.0,0.03001109467455621,-1.7106323964497092,-0.0005606792515403833,16,False
2041.HK,2026Q3,100,share,15.42,8.8,-0.42931258106355374,5.002558853633572,1542.0,0.05002558853633572,-33.11693961105424,-0.021476614533757616,11,False
9976.HK,2026Q3,50,share,236.0,233.6,-0.01016949152542379,1.4265907764156451,11800.0,0.028531815528312902,-3.4238178633975562,-0.0002901540562201319,20,False
3231.HK,2026Q3,200,share,14.45,36.68,1.5384083044982702,48.992248062015506,2890.0,0.24496124031007752,1089.0976744186048,0.37685040637321965,18,False
6727.HK,2026Q3,100,share,49.0,44.5,-0.09183673469387754,10.007581501137224,4900.0,0.10007581501137225,-45.03411675511751,-0.00919063607247296,10,False
9856.HK,2026Q3,100,share,32.96,34.48,0.0461165048543688,4.010045366169799,3296.0,0.04010045366169799,6.095268956578079,0.0018492927659520871,18,False
3228.HK,2026Q3,100,share,69.88,77.05,0.10260446479679453,3.003274732850741,6988.0,0.03003274732850741,21.53347983453982,0.0030814939660188637,15,False
3757.HK,2026Q3,50,share,436.0,414.4,-0.04954128440366978,17.501720578114245,21800.0,0.3500344115622849,-378.0371644872681,-0.017341154334278353,17,False
6731.HK,2026Q3,100,share,21.6,23.2,0.07407407407407396,60.00260145681582,2160.0,0.6000260145681582,96.00416233090517,0.044446371449493136,15,False
9607.HK,2026Q3,100,share,44.0,39.98,-0.09136363636363642,100.0,4400.0,1.0,-402.00000000000034,-0.09136363636363644,11,False
6802.HK,2026Q3,100,share,58.85,215.2,2.656754460492778,2.0014008054631414,5885.0,0.020014008054631414,312.91901593416213,0.053172305171480395,16,False
