h_code,a_symbol,status,listing_date,subscription_close,pricing_date,as_of,offer_hkd,master_h_day1_close_hkd,h_day1_close_hkd,h_price_basis,a_date_close,fx_date_close,a_close_cny_close,cnyhkd_close,a_close_hkd_close,offer_vs_a_close,a_date_pricing,fx_date_pricing,a_close_cny_pricing,cnyhkd_pricing,a_close_hkd_pricing,offer_vs_a_pricing,plausible,a_close_hkd_listing,h_day1_close_vs_a
6693.HK,sh600988,matched_by_short_name,2025-03-10,2025-03-05,2025-03-06,2026-09-30,13.72,13.18,13.72,raw_as_traded,2025-03-05,2025-03-05,19.27,1.0697,20.6131,-0.334405,2025-03-05,2025-03-05,19.27,1.0697,20.6131,-0.334405,1,20.4965,-0.330616
2865.HK,sz002865,matched_by_short_name,2025-05-08,2025-05-02,2025-05-06,2026-09-30,22.15,26.6,26.6,raw_as_traded,2025-04-30,2025-04-30,39.87,1.06652,42.5221,-0.479095,2025-04-30,2025-04-30,39.87,1.06652,42.5221,-0.479095,1,45.2917,-0.412695
3750.HK,sz300750,matched_by_short_name,2025-05-20,2025-05-15,,2026-09-30,263.0,295.584,306.2,raw_as_traded,2025-05-15,2025-05-15,260.18,1.08292,281.7536,-0.06656,,,,,,,1,285.1446,0.073841
1276.HK,sh600276,matched_by_short_name,2025-05-23,2025-05-20,2025-05-21,2026-09-30,44.05,54.922,55.15,raw_as_traded,2025-05-20,2025-05-20,54.45,1.0842,59.0347,-0.253829,2025-05-20,2025-05-20,54.45,1.0842,59.0347,-0.253829,1,59.2139,-0.06863
2603.HK,sz002803,matched_by_short_name,2025-05-27,2025-05-22,2025-05-23,2026-09-30,7.68,10.277,10.68,raw_as_traded,2025-05-22,2025-05-22,14.23,1.08649,15.4608,-0.50326,2025-05-22,2025-05-22,14.23,1.08649,15.4608,-0.50326,1,15.2744,-0.300792
3288.HK,sh603288,matched_by_short_name,2025-06-19,2025-06-16,2025-06-17,2026-09-30,36.3,34.968,36.5,raw_as_traded,2025-06-16,2025-06-16,40.12,1.09326,43.8615,-0.172394,2025-06-16,2025-06-16,40.12,1.09326,43.8615,-0.172394,1,42.2405,-0.1359
2050.HK,sz002050,matched_by_short_name,2025-06-23,2025-06-18,2025-06-19,2026-09-30,22.53,21.907,22.5,raw_as_traded,2025-06-18,2025-06-18,25.48,1.09172,27.8171,-0.190066,2025-06-18,2025-06-18,25.48,1.09172,27.8171,-0.190066,1,26.7861,-0.160011
0501.HK,sh603501,matched_by_short_name,2026-01-12,2026-01-07,2026-01-08,2026-09-30,104.8,121.8,121.8,raw_as_traded,2026-01-07,2026-01-07,129.52,1.11491,144.4037,-0.274257,2026-01-07,2026-01-07,129.52,1.11491,144.4037,-0.274257,1,149.1775,-0.183523
3986.HK,sh603986,matched_by_short_name,2026-01-13,2026-01-08,2026-01-09,2026-09-30,162.0,222.8,222.8,raw_as_traded,2026-01-08,2026-01-08,258.75,1.11256,287.8757,-0.437257,2026-01-08,2026-01-08,258.75,1.11256,287.8757,-0.437257,1,294.5645,-0.243629
9611.HK,sh603341,matched_by_short_name,2026-01-22,2026-01-19,2026-01-20,2026-09-30,31.0,32.1,32.1,raw_as_traded,2026-01-19,2026-01-19,49.26,1.11892,55.1178,-0.437568,2026-01-19,2026-01-19,49.26,1.11892,55.1178,-0.437568,1,53.9114,-0.404578
9980.HK,sh605499,matched_by_short_name,2026-02-03,2026-01-29,2026-01-30,2026-09-30,248.0,251.8,251.8,raw_as_traded,2026-01-29,2026-01-29,262.5,1.12162,294.4258,-0.157682,2026-01-29,2026-01-29,262.5,1.12162,294.4258,-0.157682,1,285.5209,-0.118103
2768.HK,sz002768,"manual_override: H short name 国恩科技; A-share short name 国恩股份 (Qingdao Guoen Technology Co., Ltd.)",2026-02-04,2026-01-30,2026-02-02,2026-09-30,36.0,40.16,40.16,raw_as_traded,2026-01-30,2026-01-30,58.69,1.12334,65.9291,-0.453959,2026-01-30,2026-01-30,58.69,1.12334,65.9291,-0.453959,1,62.1333,-0.353648
2714.HK,sz002714,matched_by_short_name,2026-02-06,2026-02-03,2026-02-04,2026-09-30,39.0,40.52,40.52,raw_as_traded,2026-02-03,2026-02-03,45.68,1.12427,51.3569,-0.240608,2026-02-03,2026-02-03,45.68,1.12427,51.3569,-0.240608,1,52.2605,-0.224654
3200.HK,sz301200,matched_by_short_name,2026-02-06,2026-02-03,2026-02-04,2026-09-30,95.8,110.0,110.0,raw_as_traded,2026-02-03,2026-02-03,159.47,1.12427,179.2881,-0.465665,2026-02-03,2026-02-03,159.47,1.12427,179.2881,-0.465665,1,165.7113,-0.336195
6809.HK,sh688008,matched_by_short_name (STAR),2026-02-09,2026-02-04,2026-02-05,2026-09-30,106.89,175.0,175.0,raw_as_traded,2026-02-04,2026-02-04,170.9,1.12601,192.4353,-0.444541,2026-02-04,2026-02-04,170.9,1.12601,192.4353,-0.444541,1,195.262,-0.103768
0470.HK,sz300450,matched_by_short_name,2026-02-11,2026-02-06,2026-02-09,2026-09-30,45.8,45.8,45.8,raw_as_traded,2026-02-06,2026-02-06,57.13,1.12606,64.3319,-0.288067,2026-02-06,2026-02-06,57.13,1.12606,64.3319,-0.288067,1,62.5987,-0.268356
9981.HK,sz002130,matched_by_short_name,2026-02-13,2026-02-10,2026-02-11,2026-09-30,20.09,20.68,20.68,raw_as_traded,2026-02-10,2026-02-10,28.41,1.129,32.075,-0.373655,2026-02-10,2026-02-10,28.41,1.129,32.075,-0.373655,1,30.985,-0.332579
2715.HK,sz002747,matched_by_short_name,2026-03-09,2026-03-04,2026-03-05,2026-09-30,15.36,12.9,12.9,raw_as_traded,2026-03-04,2026-03-04,21.55,1.13093,24.3715,-0.369756,2026-03-04,2026-03-04,21.55,1.13093,24.3715,-0.369756,1,24.7951,-0.479736
2692.HK,sz003021,matched_by_short_name,2026-03-09,2026-03-04,2026-03-05,2026-09-30,71.28,73.0,73.0,raw_as_traded,2026-03-04,2026-03-04,114.21,1.13093,129.1634,-0.448141,2026-03-04,2026-03-04,114.21,1.13093,129.1634,-0.448141,1,128.1344,-0.430286
3268.HK,sz002881,matched_by_short_name,2026-03-10,2026-03-05,2026-03-06,2026-09-30,28.86,29.3,29.3,raw_as_traded,2026-03-05,2026-03-05,45.1,1.13317,51.1059,-0.435291,2026-03-05,2026-03-05,45.1,1.13317,51.1059,-0.435291,1,55.6066,-0.473084
1989.HK,sz001389,matched_by_short_name,2026-03-20,2026-03-17,2026-03-18,2026-09-30,71.88,96.0,96.0,raw_as_traded,2026-03-17,2026-03-17,108.8,1.12538,122.4409,-0.412941,2026-03-17,2026-03-17,108.8,1.12538,122.4409,-0.412941,1,124.874,-0.231225
2701.HK,sz300077,matched_by_short_name,2026-03-23,2026-03-18,2026-03-19,2026-09-30,10.8,11.25,11.25,raw_as_traded,2026-03-18,2026-03-18,23.57,1.13782,26.8184,-0.597291,2026-03-18,2026-03-18,23.57,1.13782,26.8184,-0.597291,1,23.4786,-0.520841
2476.HK,sz300476,matched_by_short_name,2026-04-21,2026-04-16,2026-04-17,2026-09-30,209.88,315.0,315.0,raw_as_traded,2026-04-16,2026-04-16,303.5,1.14661,347.9946,-0.396887,2026-04-16,2026-04-16,303.5,1.14661,347.9946,-0.396887,1,379.8199,-0.17066
3296.HK,sh603296,matched_by_short_name,2026-04-23,2026-04-20,2026-04-21,2026-09-30,77.7,88.0,88.0,raw_as_traded,2026-04-20,2026-04-20,103.0,1.14837,118.2819,-0.343095,2026-04-20,2026-04-20,103.0,1.14837,118.2819,-0.343095,1,119.1657,-0.261533
2493.HK,sh688062,matched_by_short_name (STAR),2026-04-28,2026-04-23,2026-04-24,2026-09-30,27.64,27.8,27.8,raw_as_traded,2026-04-23,2026-04-23,38.1,1.14737,43.7148,-0.367719,2026-04-23,2026-04-23,38.1,1.14737,43.7148,-0.367719,1,40.188,-0.308251
1187.HK,sz301087,matched_by_short_name,2026-05-06,2026-04-30,2026-05-04,2026-09-30,39.33,38.9,38.9,raw_as_traded,2026-04-30,2026-04-30,53.02,1.14698,60.8127,-0.35326,2026-04-30,2026-04-30,53.02,1.14698,60.8127,-0.35326,1,57.2187,-0.320153
1081.HK,sz002487,matched_by_short_name,2026-06-05,2026-06-02,2026-06-03,2026-09-30,66.4,66.4,66.4,raw_as_traded,2026-06-02,2026-06-02,71.45,1.15879,82.7959,-0.198028,2026-06-02,2026-06-02,71.45,1.15879,82.7959,-0.198028,1,73.6338,-0.098241
6067.HK,sz300568,matched_by_short_name,2026-06-23,2026-06-17,2026-06-18,2026-09-30,8.98,11.0,11.0,raw_as_traded,2026-06-17,2026-06-17,20.3,1.15936,23.5349,-0.618439,2026-06-17,2026-06-17,20.3,1.15936,23.5349,-0.618439,0,21.8664,-0.496945
1688.HK,sz002600,matched_by_short_name,2026-06-26,2026-06-23,,2026-09-30,10.18,9.71,9.71,raw_as_traded,2026-06-23,2026-06-23,16.05,1.15451,18.5299,-0.450617,,,,,,,1,18.9454,-0.487473
3661.HK,sz300661,matched_by_short_name,2026-06-26,2026-06-23,,2026-09-30,85.2,125.3,125.3,raw_as_traded,2026-06-23,2026-06-23,137.16,1.15451,158.3524,-0.46196,,,,,,,1,151.8746,-0.174977
9630.HK,sh688630,matched_by_short_name (STAR),2026-06-26,2026-06-23,2026-06-24,2026-09-30,252.73,515.0,515.0,raw_as_traded,2026-06-23,2026-06-23,462.89,1.15451,534.4106,-0.527087,2026-06-23,2026-06-23,462.89,1.15451,534.4106,-0.527087,1,609.5419,-0.155103
0668.HK,sz300866,matched_by_short_name,2026-07-02,2026-06-26,,2026-09-30,99.32,114.9,114.9,raw_as_traded,2026-06-26,2026-06-25,106.09,1.1545,122.481,-0.189099,,,,,,,1,115.9957,-0.009446
0537.HK,sh688337,matched_by_short_name (STAR),2026-07-09,2026-07-06,2026-07-07,2026-09-30,45.98,28.8,28.8,raw_as_traded,2026-07-06,2026-07-06,60.86,1.15381,70.2208,-0.345208,2026-07-06,2026-07-06,60.86,1.15381,70.2208,-0.345208,1,64.1028,-0.550721
1377.HK,sz301377,matched_by_short_name,2026-07-09,2026-07-06,2026-07-07,2026-09-30,380.0,373.2,373.2,raw_as_traded,2026-07-06,2026-07-06,486.0,1.15381,560.7507,-0.322337,2026-07-06,2026-07-06,486.0,1.15381,560.7507,-0.322337,1,558.4105,-0.331674
2475.HK,sz002475,matched_by_short_name,2026-07-09,2026-07-06,2026-07-07,2026-09-30,63.28,62.3,62.3,raw_as_traded,2026-07-06,2026-07-06,62.88,1.15381,72.5514,-0.127791,2026-07-06,2026-07-06,62.88,1.15381,72.5514,-0.127791,1,74.3578,-0.16216
6951.HK,sz300408,matched_by_short_name,2026-07-09,2026-07-06,2026-07-07,2026-09-30,100.3,105.0,105.0,raw_as_traded,2026-07-06,2026-07-06,141.73,1.15381,163.5292,-0.386654,2026-07-06,2026-07-06,141.73,1.15381,163.5292,-0.386654,1,154.3565,-0.319757
2249.HK,sh688249,matched_by_short_name (STAR),2026-07-10,2026-07-07,2026-07-08,2026-09-30,32.3,32.3,32.3,raw_as_traded,2026-07-07,2026-07-07,60.1,1.15415,69.3647,-0.534345,2026-07-07,2026-07-07,60.1,1.15415,69.3647,-0.534345,1,62.4301,-0.482622
6745.HK,sh601678,matched_by_short_name,2026-07-10,2026-07-07,2026-07-08,2026-09-30,3.48,2.83,2.83,raw_as_traded,2026-07-07,2026-07-07,5.94,1.15415,6.8557,-0.492391,2026-07-07,2026-07-07,5.94,1.15415,6.8557,-0.492391,1,6.2753,-0.549026
3308.HK,sz300308,matched_by_short_name,2026-07-30,2026-07-27,2026-07-28,2026-09-30,980.0,960.0,960.0,raw_as_traded,2026-07-27,2026-07-27,1076.94,1.1587,1247.8493,-0.214649,2026-07-27,2026-07-27,1076.94,1.1587,1247.8493,-0.214649,1,1003.0565,-0.042925
3223.HK,sz300223,matched_by_short_name,2026-08-25,2026-08-20,,2026-09-30,100.0,100.0,100.0,raw_as_traded,2026-08-20,2026-08-20,138.3,1.16656,161.3346,-0.38017,,,,,,,1,156.39,-0.360573
9976.HK,sz301308,matched_by_short_name,2026-09-08,2026-09-03,,2026-09-30,236.0,233.6,233.6,raw_as_traded,2026-09-03,2026-09-03,359.63,1.16677,419.6048,-0.437566,,,,,,,1,419.2953,-0.442875
