stock_code,date,margin_total_hkd,margin_multiple,initial_public_value_hkd,source,source_group,source_type,published_date,published_at_hkt,retrieved_on
0537.HK,2026-06-30,376610000.0,3.3023162932783765,114044193.99999999,https://hk.investing.com/news/stock-market-news/article-1532406,zhitong_futu_phillip_others,media_broker_survey,2026-06-30,,2026-09-30
0537.HK,2026-07-01,741420000.0,6.5011639259776794,114044193.99999999,https://hk.investing.com/news/stock-market-news/article-1534493,zhitong_futu_phillip_others,media_broker_survey,2026-07-01,,2026-09-30
0537.HK,2026-07-02,1761000000.0,15.441382311843077,114044193.99999999,https://finance.sina.com.cn/stock/hkstock/hkstocknews/2026-07-02/doc-inifmmmw4129446.shtml,zhitong_futu_phillip_others,media_broker_survey,2026-07-02,2026-07-02T19:20:00+08:00,2026-09-30
0537.HK,2026-07-03,3200000000.0,28.059297784155504,114044193.99999999,https://hk.investing.com/news/stock-market-news/article-1538060,zhitong_futu_phillip_others,media_broker_survey,2026-07-03,,2026-09-30
0537.HK,2026-07-06,10722000000.0,94.01618463803604,114044193.99999999,https://hk.investing.com/news/stock-market-news/article-1539561,zhitong_futu_phillip_others,media_broker_survey,2026-07-06,,2026-09-30
1377.HK,2026-06-30,2168000000.0,4.516516116129463,480016000.0,https://hk.investing.com/news/stock-market-news/article-1532406,zhitong_futu_phillip_others,media_broker_survey,2026-06-30,,2026-09-30
1377.HK,2026-07-01,4090000000.0,8.520549315022832,480016000.0,https://hk.investing.com/news/stock-market-news/article-1534493,zhitong_futu_phillip_others,media_broker_survey,2026-07-01,,2026-09-30
1377.HK,2026-07-02,10183000000.0,21.213876204126528,480016000.0,https://finance.sina.com.cn/stock/hkstock/hkstocknews/2026-07-02/doc-inifmmmw4129446.shtml,zhitong_futu_phillip_others,media_broker_survey,2026-07-02,2026-07-02T19:20:00+08:00,2026-09-30
1377.HK,2026-07-03,24484000000.0,51.00663311222959,480016000.0,https://hk.investing.com/news/stock-market-news/article-1538060,zhitong_futu_phillip_others,media_broker_survey,2026-07-03,,2026-09-30
1377.HK,2026-07-06,90531000000.0,188.59996333455553,480016000.0,https://hk.investing.com/news/stock-market-news/article-1539561,zhitong_futu_phillip_others,media_broker_survey,2026-07-06,,2026-09-30
1609.HK,2026-04-24,2668000000.0,32.16135646668684,82956700.0,https://www.hstong.com/news/detail/26042423004863454,zhitong_futu_phillip_others,media_broker_survey,2026-04-24,2026-04-24T19:43:00+08:00,2026-09-30
1770.HK,2026-06-29,624850000.0,12.072481101500246,51758209.0,https://hk.investing.com/news/stock-market-news/article-1530243,zhitong_futu_phillip_others,media_broker_survey,2026-06-29,,2026-09-30
1770.HK,2026-06-30,1660000000.0000002,32.072207135297134,51758209.0,https://hk.investing.com/news/stock-market-news/article-1532406,zhitong_futu_phillip_others,media_broker_survey,2026-06-30,,2026-09-30
1770.HK,2026-07-01,2545000000.0,49.17094407188626,51758209.0,https://hk.investing.com/news/stock-market-news/article-1534493,zhitong_futu_phillip_others,media_broker_survey,2026-07-01,,2026-09-30
1770.HK,2026-07-02,6570999999.999999,126.95570667833577,51758209.0,https://finance.sina.com.cn/stock/hkstock/hkstocknews/2026-07-02/doc-inifmmmw4129446.shtml,zhitong_futu_phillip_others,media_broker_survey,2026-07-02,2026-07-02T19:20:00+08:00,2026-09-30
1879.HK,2026-04-20,45880000000.0,363.07010434229636,126366779.99999999,https://www.hstong.com/news/hk/detail/26042019160019985,zhitong_futu_phillip_others,media_broker_survey,2026-04-20,,2026-09-30
1879.HK,2026-04-21,148249000000.0,1173.1643395518981,126366779.99999999,https://hk.investing.com/news/stock-market-news/article-1417308,zhitong_futu_phillip_others,media_broker_survey,2026-04-21,,2026-09-30
1879.HK,2026-04-22,363505000000.0,2876.5867105262955,126366779.99999999,https://hk.investing.com/news/stock-market-news/article-1419616,zhitong_futu_phillip_others,media_broker_survey,2026-04-22,,2026-09-30
1879.HK,2026-04-23,588020000000.0,4653.279920561401,126366779.99999999,https://finance.sina.com.cn/stock/hkstock/hkstocknews/2026-04-23/doc-inhvntfe3797453.shtml,zhitong_futu_phillip_others,media_broker_survey,2026-04-23,2026-04-23T18:35:00+08:00,2026-09-30
2041.HK,2026-09-01,11439000000.0,190.64757877574954,60000762.0,https://hk.investing.com/news/stock-market-news/article-1637419,zhitong_futu_phillip_others,media_broker_survey,2026-09-01,,2026-09-30
2249.HK,2026-06-30,818950000.0000001,1.1729121079575835,698219409.9999999,https://hk.investing.com/news/stock-market-news/article-1532406,zhitong_futu_phillip_others,media_broker_survey,2026-06-30,,2026-09-30
2249.HK,2026-07-01,1130000000.0,1.6184024445840028,698219409.9999999,https://hk.investing.com/news/stock-market-news/article-1534493,zhitong_futu_phillip_others,media_broker_survey,2026-07-01,,2026-09-30
2249.HK,2026-07-02,1350000000.0,1.9334896461844282,698219409.9999999,https://finance.sina.com.cn/stock/hkstock/hkstocknews/2026-07-02/doc-inifmmmw4129446.shtml,zhitong_futu_phillip_others,media_broker_survey,2026-07-02,2026-07-02T19:20:00+08:00,2026-09-30
2249.HK,2026-07-03,2811000000.0,4.025955107721798,698219409.9999999,https://hk.investing.com/news/stock-market-news/article-1538060,zhitong_futu_phillip_others,media_broker_survey,2026-07-03,,2026-09-30
2249.HK,2026-07-06,31389999999.999996,44.95721481016977,698219409.9999999,https://hk.investing.com/news/stock-market-news/article-1539561,zhitong_futu_phillip_others,media_broker_survey,2026-07-06,,2026-09-30
2249.HK,2026-07-07,164534000000.0,235.6479892187472,698219409.9999999,https://hk.investing.com/news/stock-market-news/article-1541804,zhitong_futu_phillip_others,media_broker_survey,2026-07-07,,2026-09-30
2475.HK,2026-06-30,1695000000.0,0.6985032658287359,2426617144.0,https://hk.investing.com/news/stock-market-news/article-1532406,zhitong_futu_phillip_others,media_broker_survey,2026-06-30,,2026-09-30
2475.HK,2026-07-01,2085000000.0000002,0.8592208314176487,2426617144.0,https://hk.investing.com/news/stock-market-news/article-1534493,zhitong_futu_phillip_others,media_broker_survey,2026-07-01,,2026-09-30
2475.HK,2026-07-02,3239000000.0,1.3347799870320212,2426617144.0,https://finance.sina.com.cn/stock/hkstock/hkstocknews/2026-07-02/doc-inifmmmw4129446.shtml,zhitong_futu_phillip_others,media_broker_survey,2026-07-02,2026-07-02T19:20:00+08:00,2026-09-30
2475.HK,2026-07-03,3997999999.9999995,1.6475610954473663,2426617144.0,https://hk.investing.com/news/stock-market-news/article-1538060,zhitong_futu_phillip_others,media_broker_survey,2026-07-03,,2026-09-30
2475.HK,2026-07-06,5947000000.0,2.4507368270699073,2426617144.0,https://hk.investing.com/news/stock-market-news/article-1539561,zhitong_futu_phillip_others,media_broker_survey,2026-07-06,,2026-09-30
2493.HK,2026-04-20,2623000000.0,18.12185308114199,144742372.0,https://www.hstong.com/news/hk/detail/26042019160019985,zhitong_futu_phillip_others,media_broker_survey,2026-04-20,,2026-09-30
2493.HK,2026-04-21,5760000000.0,39.794843212877566,144742372.0,https://hk.investing.com/news/stock-market-news/article-1417308,zhitong_futu_phillip_others,media_broker_survey,2026-04-21,,2026-09-30
2493.HK,2026-04-22,19252000000.0,133.00873637748592,144742372.0,https://hk.investing.com/news/stock-market-news/article-1419616,zhitong_futu_phillip_others,media_broker_survey,2026-04-22,,2026-09-30
2493.HK,2026-04-23,43250000000.0,298.80676544391576,144742372.0,https://finance.sina.com.cn/stock/hkstock/hkstocknews/2026-04-23/doc-inhvntfe3797453.shtml,zhitong_futu_phillip_others,media_broker_survey,2026-04-23,2026-04-23T18:35:00+08:00,2026-09-30
2667.HK,2026-06-29,2807000000.0,41.79306388494892,67164255.0,https://hk.investing.com/news/stock-market-news/article-1530243,zhitong_futu_phillip_others,media_broker_survey,2026-06-29,,2026-09-30
2667.HK,2026-06-30,4204999999.9999995,62.60770703106883,67164255.0,https://hk.investing.com/news/stock-market-news/article-1532406,zhitong_futu_phillip_others,media_broker_survey,2026-06-30,,2026-09-30
2667.HK,2026-07-01,5461000000.0,81.30813034403494,67164255.0,https://hk.investing.com/news/stock-market-news/article-1534493,zhitong_futu_phillip_others,media_broker_survey,2026-07-01,,2026-09-30
2768.HK,2026-01-29,110759999999.99998,879.0476190476189,126000000.0,https://www.guandian.cn/article/20260129/540627.html,guandian_unspecified,media_broker_survey,2026-01-29,,2026-09-30
2797.HK,2026-06-30,70000000.0,3.5,20000000.0,https://hk.investing.com/news/stock-market-news/article-1532406,zhitong_futu_phillip_others,media_broker_survey,2026-06-30,,2026-09-30
2797.HK,2026-07-01,106510000.0,5.3255,20000000.0,https://hk.investing.com/news/stock-market-news/article-1534493,zhitong_futu_phillip_others,media_broker_survey,2026-07-01,,2026-09-30
2797.HK,2026-07-02,349530000.0,17.4765,20000000.0,https://finance.sina.com.cn/stock/hkstock/hkstocknews/2026-07-02/doc-inifmmmw4129446.shtml,zhitong_futu_phillip_others,media_broker_survey,2026-07-02,2026-07-02T19:20:00+08:00,2026-09-30
2797.HK,2026-07-03,2127000000.0,106.35,20000000.0,https://hk.investing.com/news/stock-market-news/article-1538060,zhitong_futu_phillip_others,media_broker_survey,2026-07-03,,2026-09-30
2797.HK,2026-07-06,15805000000.000002,790.2500000000001,20000000.0,https://hk.investing.com/news/stock-market-news/article-1539561,zhitong_futu_phillip_others,media_broker_survey,2026-07-06,,2026-09-30
3231.HK,2026-09-01,986000000.0,22.415458937198068,43987500.0,https://hk.investing.com/news/stock-market-news/article-1637419,zhitong_futu_phillip_others,media_broker_survey,2026-09-01,,2026-09-30
3231.HK,2026-09-02,1776000000.0000002,40.375106564364884,43987500.0,https://hk.investing.com/news/stock-market-news/article-1639395,zhitong_futu_phillip_others,media_broker_survey,2026-09-02,,2026-09-30
3231.HK,2026-09-03,2885000000.0,65.5868144359193,43987500.0,https://finance.sina.com.cn/stock/hkstock/ggscyd/2026-09-03/doc-iniqpzps1076051.shtml,zhitong_futu_phillip_others,media_broker_survey,2026-09-03,2026-09-03T18:37:00+08:00,2026-09-30
3231.HK,2026-09-04,4214000000.0,95.79994316567206,43987500.0,https://finance.sina.com.cn/stock/hkstock/hkstocknews/2026-09-04/doc-iniqryes4051526.shtml,zhitong_market_data_unspecified,media_broker_survey,2026-09-04,2026-09-04T14:20:00+08:00,2026-09-30
3296.HK,2026-04-17,29417000000.0,64.66330229332159,454925730.0,https://hk.investing.com/news/stock-market-news/article-1412788,zhitong_futu_phillip_others,media_broker_survey,2026-04-17,,2026-09-30
3296.HK,2026-04-20,191721000000.0,421.4336260998031,454925730.0,https://www.hstong.com/news/hk/detail/26042019160019985,zhitong_futu_phillip_others,media_broker_survey,2026-04-20,,2026-09-30
3752.HK,2026-06-30,294440000.0,3.3641980950988097,87521600.0,https://hk.investing.com/news/stock-market-news/article-1532406,zhitong_futu_phillip_others,media_broker_survey,2026-06-30,,2026-09-30
3752.HK,2026-07-01,580200000.0,6.629220672382589,87521600.0,https://hk.investing.com/news/stock-market-news/article-1534493,zhitong_futu_phillip_others,media_broker_survey,2026-07-01,,2026-09-30
3752.HK,2026-07-02,1097000000.0,12.53404873768304,87521600.0,https://finance.sina.com.cn/stock/hkstock/hkstocknews/2026-07-02/doc-inifmmmw4129446.shtml,zhitong_futu_phillip_others,media_broker_survey,2026-07-02,2026-07-02T19:20:00+08:00,2026-09-30
3752.HK,2026-07-03,3181000000.0,36.34531361401071,87521600.0,https://hk.investing.com/news/stock-market-news/article-1538060,zhitong_futu_phillip_others,media_broker_survey,2026-07-03,,2026-09-30
3752.HK,2026-07-06,8614000000.0,98.42141825560776,87521600.0,https://hk.investing.com/news/stock-market-news/article-1539561,zhitong_futu_phillip_others,media_broker_survey,2026-07-06,,2026-09-30
6658.HK,2026-06-05,6120000000.0,122.48703929011955,49964470.0,https://hk.investing.com/news/stock-market-news/article-1496642,zhitong_futu_phillip_others,media_broker_survey,2026-06-05,,2026-09-30
6658.HK,2026-06-08,22817000000.0,456.6645057978199,49964470.0,https://hk.investing.com/news/stock-market-news/article-1498761,zhitong_futu_phillip_others,media_broker_survey,2026-06-08,2026-06-08T18:32:00+08:00,2026-09-30
6658.HK,2026-06-10,215407000000.00003,4311.203541236403,49964470.0,https://www.sohu.com/a/1034856191_323087,zhitong_futu_phillip_others,media_broker_survey,2026-06-10,2026-06-10T19:47:00+08:00,2026-09-30
6675.HK,2026-06-10,21210000000.0,216.30256856087752,98057088.0,https://www.sohu.com/a/1034856191_323087,zhitong_futu_phillip_others,media_broker_survey,2026-06-10,2026-06-10T19:47:00+08:00,2026-09-30
6745.HK,2026-06-30,233849999.99999997,1.849864418425488,126414670.0,https://hk.investing.com/news/stock-market-news/article-1532406,zhitong_futu_phillip_others,media_broker_survey,2026-06-30,,2026-09-30
6745.HK,2026-07-01,251770000.0,1.9916201181397697,126414670.0,https://hk.investing.com/news/stock-market-news/article-1534493,zhitong_futu_phillip_others,media_broker_survey,2026-07-01,,2026-09-30
6745.HK,2026-07-02,401180000.0,3.1735240854562212,126414670.0,https://finance.sina.com.cn/stock/hkstock/hkstocknews/2026-07-02/doc-inifmmmw4129446.shtml,zhitong_futu_phillip_others,media_broker_survey,2026-07-02,2026-07-02T19:20:00+08:00,2026-09-30
6745.HK,2026-07-03,471710000.0,3.7314498388517725,126414670.0,https://hk.investing.com/news/stock-market-news/article-1538060,zhitong_futu_phillip_others,media_broker_survey,2026-07-03,,2026-09-30
6745.HK,2026-07-06,3504000000.0,27.71830199770327,126414670.0,https://hk.investing.com/news/stock-market-news/article-1539561,zhitong_futu_phillip_others,media_broker_survey,2026-07-06,,2026-09-30
6745.HK,2026-07-07,15282000000.0,120.88786847285999,126414670.0,https://hk.investing.com/news/stock-market-news/article-1541804,zhitong_futu_phillip_others,media_broker_survey,2026-07-07,,2026-09-30
6810.HK,2026-04-21,2520000000.0,23.78015316343697,105970722.0,https://hk.investing.com/news/stock-market-news/article-1417308,zhitong_futu_phillip_others,media_broker_survey,2026-04-21,,2026-09-30
6810.HK,2026-04-22,30335000000.000004,286.25831198923044,105970722.0,https://hk.investing.com/news/stock-market-news/article-1419616,zhitong_futu_phillip_others,media_broker_survey,2026-04-22,,2026-09-30
6810.HK,2026-04-23,90199000000.0,851.1690615828776,105970722.0,https://finance.sina.com.cn/stock/hkstock/hkstocknews/2026-04-23/doc-inhvntfe3797453.shtml,zhitong_futu_phillip_others,media_broker_survey,2026-04-23,2026-04-23T18:35:00+08:00,2026-09-30
6810.HK,2026-04-24,127744000000.0,1205.4650340119415,105970722.0,https://www.hstong.com/news/detail/26042423004863454,zhitong_futu_phillip_others,media_broker_survey,2026-04-24,2026-04-24T19:43:00+08:00,2026-09-30
6880.HK,2026-06-29,6284000000.0,10.662067856413179,589379104.0,https://hk.investing.com/news/stock-market-news/article-1530243,zhitong_futu_phillip_others,media_broker_survey,2026-06-29,,2026-09-30
6880.HK,2026-06-30,14244000000.0,24.167806261417777,589379104.0,https://hk.investing.com/news/stock-market-news/article-1532406,zhitong_futu_phillip_others,media_broker_survey,2026-06-30,,2026-09-30
6880.HK,2026-07-01,21908000000.0,37.17132122824633,589379104.0,https://hk.investing.com/news/stock-market-news/article-1534493,zhitong_futu_phillip_others,media_broker_survey,2026-07-01,,2026-09-30
6880.HK,2026-07-02,59154000000.0,100.36663939819624,589379104.0,https://finance.sina.com.cn/stock/hkstock/hkstocknews/2026-07-02/doc-inifmmmw4129446.shtml,zhitong_futu_phillip_others,media_broker_survey,2026-07-02,2026-07-02T19:20:00+08:00,2026-09-30
6951.HK,2026-06-30,2527000000.0,3.5303603656905693,715790950.0,https://hk.investing.com/news/stock-market-news/article-1532406,zhitong_futu_phillip_others,media_broker_survey,2026-06-30,,2026-09-30
6951.HK,2026-07-01,6191000000.0,8.649173337550579,715790950.0,https://hk.investing.com/news/stock-market-news/article-1534493,zhitong_futu_phillip_others,media_broker_survey,2026-07-01,,2026-09-30
6951.HK,2026-07-02,16588000000.0,23.1743639675802,715790950.0,https://finance.sina.com.cn/stock/hkstock/hkstocknews/2026-07-02/doc-inifmmmw4129446.shtml,zhitong_futu_phillip_others,media_broker_survey,2026-07-02,2026-07-02T19:20:00+08:00,2026-09-30
6951.HK,2026-07-03,44401000000.0,62.030680885250085,715790950.0,https://hk.investing.com/news/stock-market-news/article-1538060,zhitong_futu_phillip_others,media_broker_survey,2026-07-03,,2026-09-30
6951.HK,2026-07-06,140416000000.0,196.1690071661286,715790950.0,https://hk.investing.com/news/stock-market-news/article-1539561,zhitong_futu_phillip_others,media_broker_survey,2026-07-06,,2026-09-30
7656.HK,2026-06-29,1322000000.0,43.459245484380574,30419304.0,https://hk.investing.com/news/stock-market-news/article-1530243,zhitong_futu_phillip_others,media_broker_survey,2026-06-29,,2026-09-30
7656.HK,2026-06-30,4928000000.0,162.00239163920384,30419304.0,https://hk.investing.com/news/stock-market-news/article-1532406,zhitong_futu_phillip_others,media_broker_survey,2026-06-30,,2026-09-30
7656.HK,2026-07-01,8477000000.0,278.67172766346005,30419304.0,https://hk.investing.com/news/stock-market-news/article-1534493,zhitong_futu_phillip_others,media_broker_survey,2026-07-01,,2026-09-30
7656.HK,2026-07-02,22632000000.0,744.001243420954,30419304.0,https://finance.sina.com.cn/stock/hkstock/hkstocknews/2026-07-02/doc-inifmmmw4129446.shtml,zhitong_futu_phillip_others,media_broker_survey,2026-07-02,2026-07-02T19:20:00+08:00,2026-09-30
7687.HK,2026-06-29,1210000000.0,5.266535808195447,229752544.0,https://hk.investing.com/news/stock-market-news/article-1530243,zhitong_futu_phillip_others,media_broker_survey,2026-06-29,,2026-09-30
7687.HK,2026-06-30,3961999999.9999995,17.24464039014079,229752544.0,https://hk.investing.com/news/stock-market-news/article-1532406,zhitong_futu_phillip_others,media_broker_survey,2026-06-30,,2026-09-30
7687.HK,2026-07-01,5362000000.0,23.338152895490897,229752544.0,https://hk.investing.com/news/stock-market-news/article-1534493,zhitong_futu_phillip_others,media_broker_survey,2026-07-01,,2026-09-30
7687.HK,2026-07-02,9629000000.0,41.91030851001154,229752544.0,https://finance.sina.com.cn/stock/hkstock/hkstocknews/2026-07-02/doc-inifmmmw4129446.shtml,zhitong_futu_phillip_others,media_broker_survey,2026-07-02,2026-07-02T19:20:00+08:00,2026-09-30
9971.HK,2026-06-29,6455000000.0,149.07473893791536,43300428.0,https://hk.investing.com/news/stock-market-news/article-1530243,zhitong_futu_phillip_others,media_broker_survey,2026-06-29,,2026-09-30
9971.HK,2026-06-30,23233000000.0,536.5535878767757,43300428.0,https://hk.investing.com/news/stock-market-news/article-1532406,zhitong_futu_phillip_others,media_broker_survey,2026-06-30,,2026-09-30
9971.HK,2026-07-01,34558000000.0,798.0983467415149,43300428.0,https://hk.investing.com/news/stock-market-news/article-1534493,zhitong_futu_phillip_others,media_broker_survey,2026-07-01,,2026-09-30
9971.HK,2026-07-02,66661000000.0,1539.4997943207397,43300428.0,https://finance.sina.com.cn/stock/hkstock/hkstocknews/2026-07-02/doc-inifmmmw4129446.shtml,zhitong_futu_phillip_others,media_broker_survey,2026-07-02,2026-07-02T19:20:00+08:00,2026-09-30
9976.HK,2026-09-01,7592000000.0,12.100025774712439,627436680.0,https://hk.investing.com/news/stock-market-news/article-1637419,zhitong_futu_phillip_others,media_broker_survey,2026-09-01,,2026-09-30
9976.HK,2026-09-02,13109000000.0,20.89294492633105,627436680.0,https://hk.investing.com/news/stock-market-news/article-1639395,zhitong_futu_phillip_others,media_broker_survey,2026-09-02,,2026-09-30
9976.HK,2026-09-03,17047000000.0,27.169275471749597,627436680.0,https://finance.sina.com.cn/stock/hkstock/ggscyd/2026-09-03/doc-iniqpzps1076051.shtml,zhitong_futu_phillip_others,media_broker_survey,2026-09-03,2026-09-03T18:37:00+08:00,2026-09-30
