code,month,y,corner,lproc,lage,ah,vc,hot,lsub
6082.HK,2026-01,0.564269513963707,0.5193,1.7197250770027803,1.843719208158766,0,1.0,0.0,7.761118990553476
2513.HK,2026-01,0.12369441784631191,0.6863,1.4697495243537582,1.884034745337226,0,1.0,0.0,7.055709658472241
2675.HK,2026-01,0.26924286028264394,0.4868,0.1812442500406967,2.1610215286722587,0,1.0,0.0,6.995711209740371
9903.HK,2026-01,0.08100009538547655,0.4302,1.3022163902118964,2.305580601973844,0,1.0,0.0,6.0264455160032275
0100.HK,2026-01,0.7375993779132933,0.5653,1.5722767090339282,1.5107219394949427,0,1.0,0.0,7.5159816231217125
3636.HK,2026-01,0.23111172096338664,0.425,0.09800472806447728,2.770711962226921,0,1.0,0.0,4.966056250698289
6938.HK,2026-01,0.34801253336007903,0.425,0.6056565367403138,2.9433857931817817,0,1.0,0.0,4.615714399863762
0501.HK,2026-01,0.1503268067057429,0.4528,1.5685825840249439,2.926382195419198,1,0.0,0.0,2.2278615467981093
1641.HK,2026-01,0.003257687967804043,0.0766,-1.254549232916165,2.9569914452375605,0,0.0,0.0,7.744678075472719
3986.HK,2026-01,0.3186784331438708,0.4978,1.5442292147784047,3.033509637888021,1,1.0,0.0,6.2956718231419195
9611.HK,2026-01,0.03486895026140807,0.2718,0.48244596386279665,3.055886196373738,1,1.0,0.0,7.047308503925154
1768.HK,2026-01,0.5250935510636946,0.4141,1.3001780161968077,1.81319474994812,0,1.0,0.0,7.549340708070521
9980.HK,2026-02,0.0152067884713906,0.4921,2.316556555970688,3.4531571205928664,1,0.0,0.0,4.051089053551143
2768.HK,2026-02,0.1093529353336589,0.2956,0.0769610411361284,3.223664341599998,1,0.0,0.0,7.71950737958117
2677.HK,2026-02,0.1253595942444229,0.3159,-1.2569341558141836,2.4832385926873033,0,1.0,0.0,7.912324251701593
2714.HK,2026-02,0.0382336877423856,0.5,2.368757085540486,3.2414197893030954,1,1.0,0.0,1.7715567619105355
3200.HK,2026-02,0.1382172717246086,0.4999,1.5755258310478093,3.1692653243148663,1,0.0,0.0,6.101193009382493
6809.HK,2026-02,0.4929856332376571,0.4982,1.952031674229446,3.0777729838902004,1,1.0,0.0,6.561454904041944
0600.HK,2026-02,0.0,0.4876,1.0847191037718762,1.7595805708638197,0,1.0,0.0,4.65224459337402
2720.HK,2026-02,0.7045123516386415,0.3762,-1.0627300747994617,0.45107561936021673,0,0.0,0.0,8.203640679675134
0470.HK,2026-02,0.0,0.4348,1.5954920635590413,3.1692653243148663,1,0.0,0.0,4.376260039779544
2706.HK,2026-02,1.2302339422346127,0.1537,-0.2764161558759811,2.5241273629412815,0,1.0,0.0,8.530121262614594
9981.HK,2026-02,0.02894502168378014,0.3445,1.0340293192538397,3.319987326236612,1,1.0,0.0,6.344899247121762
2649.HK,2026-03,-0.573346625908823,0.0,-1.4974672917366683,2.2235418856535927,0,1.0,0.0,8.574939321406099
2692.HK,2026-03,0.02384347168445004,0.3417,0.6453314241010872,3.2144661163795005,1,0.0,0.0,7.337431583005251
2715.HK,2026-03,-0.17453911867752536,0.3518,0.39645181010256153,3.1793030497483774,1,0.0,0.0,2.979094632400968
3268.HK,2026-03,0.015130947660231849,0.3947,0.1498112782281602,2.9407479652212314,1,1.0,0.0,5.159744716684097
1989.HK,2026-03,0.2893499308024582,0.4494,1.1958841794223163,3.168003494494444,1,1.0,0.0,6.976086598358404
2701.HK,2026-03,0.040822314520203934,0.1364,0.025667746748577813,3.25848107946056,1,0.0,0.0,4.881513213769878
3355.HK,2026-03,0.1262933863411838,0.4231,0.5092243423990168,2.830267833826459,0,1.0,0.0,7.364996564870898
2632.HK,2026-03,-0.4608155690450547,0.1533,-0.3323847816586033,2.3813962734183356,0,1.0,0.0,4.232511029605105
2729.HK,2026-03,0.6112519663886554,0.0,-0.4893011463715388,2.2428350885882717,0,1.0,0.0,7.674738251801075
1021.HK,2026-03,0.07913737490654846,0.4872,0.45700969758512555,2.1471001901536506,0,1.0,0.0,8.528999225129873
2526.HK,2026-03,0.7500802912432659,0.0,-0.23329389216804458,2.253394848803274,0,1.0,0.0,6.978558510777537
2726.HK,2026-03,0.3005807753535578,0.468,0.4940763747581996,2.70805020110221,0,1.0,0.0,3.925136644573529
6636.HK,2026-03,0.9162907318741551,0.0946,-0.6947484619269192,2.378619779270043,0,1.0,0.0,8.431933733465339
0664.HK,2026-03,-0.6766185343466548,0.0675,-0.8110122195785125,2.565718292524414,0,1.0,0.0,4.0868162958013095
3625.HK,2026-03,0.6931471805599453,0.0,-0.7339691750802004,2.28949985344539,0,1.0,0.0,8.045084949025133
6656.HK,2026-04,0.7101222847659069,0.498,1.4817541615486736,1.3609765531356006,0,1.0,1.0,7.0049273607343965
0068.HK,2026-04,0.8923832110186007,0.3714,0.2020561915826177,2.543175557911976,0,1.0,1.0,7.3718414344638346
3277.HK,2026-04,0.5626204123842862,0.5,0.9570228776221302,2.611539300721366,0,1.0,1.0,7.037212131932573
2476.HK,2026-04,0.40603694457852074,0.3883,3.001565129328027,2.982140320034524,1,1.0,1.0,6.066456057398334
3296.HK,2026-04,0.12448144005914333,0.4996,1.5149503250078773,3.027715319407042,1,0.0,1.0,6.275383297136651
1879.HK,2026-04,1.5761375593126914,0.6506,0.9271449661627051,2.0992441689760155,0,1.0,1.0,8.662971780028986
2493.HK,2026-04,0.005772308128016494,0.3187,0.2644227044255505,2.192770226986839,1,1.0,1.0,6.177342273229703
6810.HK,2026-04,1.2270348199226366,0.2703,0.05798797055150371,2.5160822672564502,0,1.0,1.0,7.602481212655297
1609.HK,2026-05,0.7805809683215817,0.3471,-0.18686921171928572,2.1701959049483,0,1.0,1.0,8.964840009212866
1187.HK,2026-05,-0.010993204456858318,0.3576,0.060069173465910106,2.800933195248924,1,1.0,1.0,5.989161898045307
1236.HK,2026-05,0.8224985992529354,0.3152,-0.1293476720298489,2.1377104498038118,0,1.0,1.0,8.811005435910173
7630.HK,2026-05,0.7336123114119354,0.3319,-0.16991361467943192,2.8284963541780774,0,1.0,1.0,7.732982799899291
7666.HK,2026-05,0.8183117941011053,0.5487,0.7480635412093133,1.8468787684491346,0,1.0,1.0,8.840863836200242
6871.HK,2026-05,0.5666169368827773,0.0,-0.287282152430454,2.6311691567662523,0,1.0,1.0,9.606118714494803
1511.HK,2026-05,-0.04754663766909974,0.2996,-0.13695397440978785,2.331172549845958,0,1.0,1.0,8.821332596016351
7688.HK,2026-05,0.5877444417885137,0.5,0.5446812203857546,2.944965156500338,0,1.0,1.0,8.233404861832453
6872.HK,2026-05,1.0250805607102158,0.3481,-0.39988192313239823,2.5824869781268642,0,1.0,1.0,9.106657337448722
0901.HK,2026-05,0.6237188571347015,0.0,-0.4620363484858427,3.1179499062782403,0,1.0,1.0,7.586798464155809
2723.HK,2026-05,1.2968235986832821,0.0,-0.6866205255844656,2.837322536806349,0,1.0,1.0,8.60890234986423
3310.HK,2026-05,0.6509424596807258,0.3537,0.09531013616796018,2.63834278867739,0,1.0,1.0,8.177425932165491
3388.HK,2026-05,0.19290370121221026,0.499,0.3224007966510297,2.4973291697865574,0,1.0,1.0,8.250468634675766
2553.HK,2026-06,0.36635414893169505,0.0,-0.53785429615391,2.67827804276854,0,1.0,1.0,7.259496069984635
1081.HK,2026-06,0.0,0.4221,1.8932179578707398,3.122364924487357,1,0.0,1.0,4.900746020558973
1779.HK,2026-06,0.3163125312945465,0.4996,0.3099771711059649,1.724550719534605,0,1.0,1.0,8.468544817194136
2290.HK,2026-06,-0.6116206512175554,0.0,-0.4346364854084443,-0.40047756659712525,0,0.0,1.0,6.499666732667259
6658.HK,2026-06,1.0774329140901635,0.2955,-0.6939365360190096,2.8201877010390604,0,1.0,1.0,8.792812297972137
6675.HK,2026-06,0.8203259378566911,0.2886,-0.01963907027235894,2.4203681286504293,0,1.0,1.0,8.54577481734736
1392.HK,2026-06,1.3105816405073858,0.0,-0.4891130568603409,2.5817308344235403,0,1.0,1.0,8.87922317152063
6067.HK,2026-06,0.20289512866604623,0.4514,0.29469817444501045,3.125443880075648,1,1.0,1.0,7.3544646924247905
6132.HK,2026-06,-0.8415288664124111,0.4579,0.10659175736857057,2.234306252240751,0,1.0,1.0,7.6046952577807785
2335.HK,2026-06,0.7067887103504887,0.4251,0.055046817099045964,2.9668182633893485,0,1.0,1.0,7.074506240785134
6106.HK,2026-06,0.04239547594881425,0.4334,0.0644063374016859,1.8196988379172965,0,1.0,1.0,8.688548167817007
1688.HK,2026-06,-0.04726877207352101,0.385855,2.1119383705843005,2.87976009730157,1,0.0,1.0,4.566013470786897
1956.HK,2026-06,0.6098731745271461,0.2697,-0.10484929079996938,2.2267833795777636,0,1.0,1.0,8.693962697393752
2272.HK,2026-06,1.1115910325463025,0.0,-0.9164390578739123,2.995732273553991,0,1.0,1.0,7.656909377331517
3661.HK,2026-06,0.38570923971876997,0.4989,1.5262524233927197,2.9657883971809187,1,0.0,1.0,5.528357084550088
6228.HK,2026-06,-0.0676516284984549,0.4994,0.8692765888450934,2.3608540011180215,0,0.0,1.0,1.4861396960896067
9630.HK,2026-06,0.7118462579924297,0.4998,1.1770265987601376,2.39698576841553,1,0.0,1.0,6.914949339562377
1191.HK,2026-06,0.3697467345969519,0.498541,0.42604586395633204,2.6851226964585053,0,1.0,1.0,7.167724369617234
2672.HK,2026-06,1.543189129632444,0.0384,-0.653594522506469,2.4159137783010487,0,1.0,1.0,5.489144316385703
9637.HK,2026-06,0.7106923597756942,0.4978,0.24894543331576494,1.631199404215613,0,1.0,1.0,6.870634758878696
2697.HK,2026-06,1.1535959320006481,0.0,-0.7988074300223497,2.1150499691472033,0,1.0,1.0,7.490194337557661
3952.HK,2026-06,-0.1580571334244801,0.3752,0.13913779111153793,2.532902848056256,0,1.0,1.0,8.427703837685712
6715.HK,2026-06,0.41206594126231233,0.4988,0.20955885575117109,3.1441522786722644,0,1.0,1.0,7.666132928728376
6915.HK,2026-06,-0.13557462145274043,0.1232,-0.9018297970283501,3.177637076851603,0,1.0,1.0,6.166593633320432
2667.HK,2026-07,-0.49578759714772996,0.4977,-0.5194556724087502,2.425687290128029,0,1.0,0.0,5.528396808863359
6880.HK,2026-07,0.0,0.4995,1.7738944152238205,2.2823823856765264,0,1.0,0.0,6.024971854412897
7656.HK,2026-07,-0.03094489242085405,0.0,-0.4969812015694223,2.663052835171474,0,1.0,0.0,8.201402411493769
7687.HK,2026-07,0.09518653579708326,0.4979,0.8318326480917327,2.0992441689760155,0,1.0,0.0,5.061455143092889
9971.HK,2026-07,0.049362381374316616,0.0,-0.1439262103159023,2.3105532626432224,0,1.0,0.0,8.479017691836887
0537.HK,2026-07,-0.46783158983212886,0.4211,0.13138359926678347,2.8449093838194073,1,1.0,0.0,5.8773435480032825
1377.HK,2026-07,-0.018057051700118894,0.4145,1.5686492506916354,2.558776498354456,1,1.0,0.0,5.871103190436798
1770.HK,2026-07,0.0171461608349705,0.0,-0.9099938389826588,3.0301337002713233,0,1.0,0.0,6.973112215126765
2797.HK,2026-07,0.965080896043587,0.0,-1.6094379124341003,3.426865128410733,0,0.0,0.0,7.431358915107343
3752.HK,2026-07,0.14159070395350373,0.314,-0.13328890774064425,2.4475508632442313,0,1.0,0.0,5.053567061479768
2249.HK,2026-07,0.0,0.4992,1.94336320835372,2.410542234499138,1,1.0,0.0,5.84139718584336
3308.HK,2026-07,-0.0206191205360829,0.5,3.977997994351679,3.0487989944906833,1,0.0,0.0,2.8237570088141806
2261.HK,2026-08,0.4953515149026877,0.0,-0.5106011656252707,2.337952236831337,0,1.0,0.0,7.829447397070057
3223.HK,2026-08,0.0,0.4805,1.1406271714142109,3.0497468618602293,1,1.0,0.0,6.83235262293295
0625.HK,2026-09,-0.0012367644779947933,0.221,2.609807684865326,2.510411940196362,0,1.0,0.0,1.728109442151599
9615.HK,2026-09,-0.01885871292355147,0.6202,0.8558602424878006,2.299580583973747,0,1.0,0.0,8.2520185816251
2041.HK,2026-09,-0.5609143807422011,0.0,-0.5108232037689189,2.7324175575505043,0,1.0,0.0,6.078490507324609
9976.HK,2026-09,-0.010221057496318905,0.1675,1.9569221791897389,3.309447523052588,1,1.0,0.0,3.696847623763113
3231.HK,2026-09,0.9315379007685312,0.0363,-0.43039837465337616,2.6019486702196644,0,1.0,0.0,4.941785269549052
6727.HK,2026-09,-0.09633140107330622,0.1075,-0.37610652008290596,2.5877640352277083,1,1.0,0.0,4.3021714094244174
9856.HK,2026-09,0.04508521407197481,0.4702,1.7351193643369311,2.8673305587494666,0,1.0,0.0,3.559909072816976
6731.HK,2026-09,0.07145889501662533,0.4354,0.0769610411361284,1.8779371654691073,0,1.0,0.0,5.340226769625247
6802.HK,2026-09,1.2965747747850607,0.1613,-0.38272433081692675,2.545531271604435,0,1.0,0.0,8.17383208089659
