code,month,ir,allocation,included,exclusion_reason
6082.HK,2026-01,0.7581632653061223,0.0017038996927383734,True,
2513.HK,2026-01,0.13166953528399317,0.0034498231181433617,True,
9903.HK,2026-01,0.08437067773167373,0.002414040848282108,True,
2675.HK,2026-01,0.3089731729879741,0.000915800980983627,True,
0100.HK,2026-01,1.0909090909090908,0.002177231701082869,True,
6938.HK,2026-01,0.4162497843712265,0.00989473881244416,True,
3636.HK,2026-01,0.26,0.006970729987069472,True,
0501.HK,2026-01,0.1622137404580153,0.10773656762586713,True,
3986.HK,2026-01,0.37530864197530867,0.0018442636804681149,True,
1641.HK,2026-01,0.0032626427406199365,0.00043304112131684703,True,
9611.HK,2026-01,0.03548387096774208,0.0008697436263402972,True,
1768.HK,2026-01,0.6906170752324599,0.0005264559023744237,True,
9980.HK,2026-02,0.015322580645161343,0.01740202159655143,True,
2768.HK,2026-02,0.11555555555555541,0.0004440790627705459,True,
2677.HK,2026-02,0.13355592654424053,0.0003662030933830609,True,
2714.HK,2026-02,0.03897435897435897,0.17009165448704655,True,
3200.HK,2026-02,0.14822546972860118,0.00224019596786039,True,
6809.HK,2026-02,0.6371971185330714,0.0014138242572889785,True,
0600.HK,2026-02,0.0,0.009540437465558726,True,
2720.HK,2026-02,1.0228571428571431,0.0002736555874882395,True,
0470.HK,2026-02,0.0,0.012572577100305706,True,
2706.HK,2026-02,2.4220251293422024,0.00019743120256478008,True,
9981.HK,2026-02,0.029367844698855228,0.0017556900649563936,True,
2649.HK,2026-03,-0.4363636363636364,0.00018877780893653172,True,
2715.HK,2026-03,-0.16015625,0.050837895506535176,True,
2692.HK,2026-03,0.02413019079685741,0.0006507186233461125,True,
3268.HK,2026-03,0.01524601524601521,0.0057430101413354796,True,
1989.HK,2026-03,0.335559265442404,0.0009339474972074969,True,
2701.HK,2026-03,0.04166666666666652,0.0075855110670211045,True,
3355.HK,2026-03,0.13461538461538458,0.0006330288432945644,True,
2632.HK,2026-03,-0.36923076923076925,0.014515142881550834,True,
2729.HK,2026-03,0.8427370948379351,0.0004644129768480577,True,
1021.HK,2026-03,0.08235294117647052,0.000790580589232039,True,
2526.HK,2026-03,1.117171717171717,0.0009316440871521336,True,
2726.HK,2026-03,0.3506425386834513,0.01973912304749834,True,
6636.HK,2026-03,1.5,0.0008712001289627499,True,
0664.HK,2026-03,-0.4916666666666667,0.025186233037264742,True,
3625.HK,2026-03,1.0,0.0012826972215121365,True,
6656.HK,2026-04,1.0342381246144354,0.0009074011620269928,True,
0068.HK,2026-04,1.4409448818897639,0.0006287077911836043,True,
3277.HK,2026-04,0.7552657973921764,0.000878572305673248,True,
2476.HK,2026-04,0.5008576329331047,0.0025770662561236165,True,
3296.HK,2026-04,0.13256113256113244,0.0018820522312327258,True,
1879.HK,2026-04,3.8362445414847164,0.0006914674558000113,True,
2493.HK,2026-04,0.005788712011577379,0.00207593595060178,True,
6810.HK,2026-04,2.411102172164119,0.000499210710239223,True,
1609.HK,2026-05,1.1827411167512691,0.00012782606669767458,True,
1187.HK,2026-05,-0.01093312992626494,0.0025057846502685643,True,
1236.HK,2026-05,1.276176024279211,0.00014908318848178652,True,
7630.HK,2026-05,1.0825870646766167,0.00043813480779087143,True,
7666.HK,2026-05,1.2666666666666666,0.0005787905200912297,True,
6871.HK,2026-05,0.7622950819672132,0.00026926238966966745,True,
1511.HK,2026-05,-0.046434494195688125,0.0005901758859836303,True,
7688.HK,2026-05,0.799924213717317,0.0002656300019088929,True,
6872.HK,2026-05,1.7873183619550859,0.00011092494134781774,True,
0901.HK,2026-05,0.8658536585365857,0.0005071021091862545,True,
2723.HK,2026-05,2.6576576576576576,0.00018247413965344765,True,
3310.HK,2026-05,0.9173474291206152,0.00028092376492180307,True,
3388.HK,2026-05,0.2127659574468086,0.00026113586815681473,True,
2553.HK,2026-06,0.44246575342465744,0.0010551965581457974,True,
1081.HK,2026-06,0.0,0.007440766736249349,True,
1779.HK,2026-06,0.37205912971059774,0.0002099700793931287,True,
2290.HK,2026-06,-0.4575289575289575,0.001964713741207906,True,
6658.HK,2026-06,1.9371271225332722,0.0001518204034413031,True,
6675.HK,2026-06,1.2712418300653598,0.00019436469326334185,True,
1392.HK,2026-06,2.708333333333333,0.00010070099789705006,True,
6067.HK,2026-06,0.22494432071269488,0.000639730185959222,True,
6132.HK,2026-06,-0.5689486552567238,0.0004981068277993421,True,
2335.HK,2026-06,1.0274725274725274,0.0008464103736055389,True,
6106.HK,2026-06,0.04330708661417337,0.0006739858536305021,True,
1688.HK,2026-06,-0.04616895874263249,0.010399468367529837,True,
1956.HK,2026-06,0.8401976935749589,0.0006703333244317044,True,
2272.HK,2026-06,2.0391908975979773,0.00047276724350778145,True,
3661.HK,2026-06,0.470657276995305,0.003972522637207138,True,
6228.HK,2026-06,-0.06541353383458659,2.2617528212320095,False,"missing/nonfinite input or allocation outside (0,1]"
9630.HK,2026-06,1.037747794088553,0.0009928339489666802,True,
1191.HK,2026-06,0.44736842105263164,0.0007710777444022664,True,
2672.HK,2026-06,3.6794871794871797,0.0041313518636676184,True,
9637.HK,2026-06,1.0353982300884956,0.0010378209067006575,True,
2697.HK,2026-06,2.1695721077654517,0.0005585386518053938,True,
3952.HK,2026-06,-0.14619883040935677,0.0008748925522584258,True,
6715.HK,2026-06,0.509933774834437,0.0004684252071095893,True,
6915.HK,2026-06,-0.12678571428571428,0.0020983840097752787,True,
0668.HK,2026-07,0.1568666935159082,0.036276975521034704,True,
2667.HK,2026-07,-0.3909090909090909,0.003972352427107333,True,
6880.HK,2026-07,0.0,0.0024176192898547927,True,
7656.HK,2026-07,-0.030470914127423865,0.0010970355919623037,True,
7687.HK,2026-07,0.09986351228389445,0.0063363325307312125,True,
9971.HK,2026-07,0.05060088551549646,0.0008311004900836357,True,
0537.HK,2026-07,-0.3736407133536319,0.0028022423361728213,True,
1377.HK,2026-07,-0.017894736842105297,0.003133012533220796,True,
1770.HK,2026-07,0.01729399796541209,0.0009367330498154636,True,
2475.HK,2026-07,-0.015486725663716894,0.26455026455026454,True,
2797.HK,2026-07,1.625,0.0005923819678928973,True,
3752.HK,2026-07,0.15210526315789474,0.006386511687316388,True,
6951.HK,2026-07,0.046859421734795736,0.003053529756528742,True,
2249.HK,2026-07,0.0,0.002904781269970371,True,
6745.HK,2026-07,-0.18678160919540232,0.004394059231918446,True,
3308.HK,2026-07,-0.020408163265306145,0.05936854741504442,True,
2261.HK,2026-08,0.6410748560460655,0.0003978453367981302,True,
3223.HK,2026-08,0.0,0.0010783146336545968,True,
0625.HK,2026-09,-0.0012355848434926209,0.17756566605912324,True,
9615.HK,2026-09,-0.01868239921337267,0.0010429212693176134,True,
2041.HK,2026-09,-0.42931258106355374,0.002291612607161497,True,
9976.HK,2026-09,-0.01016949152542379,0.024801586358081343,True,
3231.HK,2026-09,1.5384083044982702,0.008829832887683561,True,
