Metric,Unit,Missing N,Valid N,Mean,SD,Min,P10,P25,Median,P75,P90,Max
Firm age at listing,Years,0,113,15.085309734513276,7.026918023723953,0.67,6.548,9.97,13.49,20.0,24.022000000000002,33.58
Base offering proceeds,HKD billion,0,113,3.1787218548398224,5.975643949006441,0.2,0.4992810956,0.7172113,1.23313395,3.67743828,6.491315367999999,53.41
Recorded HK plus international proceeds (mixed overallotment scope),HKD billion,1,112,3.4570050718392857,6.759482373836642,0.2,0.4992405478,0.742027825,1.360616925,4.36535761,6.757673104000002,61.4215
Offer price,HKD,0,113,77.82911504424779,115.81063484780971,3.48,11.040000000000001,20.81,43.24,87.92,164.39999999999998,980.0
Issuer net proceeds (as disclosed),HKD billion,0,113,3.0679505350176988,5.919789799448567,0.167,0.43554000000000004,0.64967,1.16037,3.528,6.303563999999998,52.891
Listing expenses (as disclosed),HKD million,2,111,112.31265765765767,74.67369345973253,14.9,59.6,69.7,89.9,133.25,198.8,532.1
Listing expenses/base offering proceeds,%,2,111,7.571409827130968,4.65484109945373,0.6246895523514916,2.1952216050563162,4.014048357759346,6.849041211980706,10.222446481202578,13.034950334537973,24.778139003602494
Disclosed HK underwriting commission,%,1,112,2.338839285714286,0.9856453920163625,0.3,0.8,1.6,2.5,3.0,3.5000000000000004,5.0
Disclosed international underwriting commission,%,1,112,2.338839285714286,0.9856453920163625,0.3,0.8,1.6,2.5,3.0,3.5000000000000004,5.0
Sale shares/initial global offer,%,0,113,0.8849557522123894,9.407208683835975,0.0,0.0,0.0,0.0,0.0,0.0,100.0
Initial retail share of initial offer,%,0,113,9.159447593453327,1.8782973678011947,5.0,5.000118241009312,10.0,10.000044040770009,10.00017221880974,10.000316752912585,10.001966955153422
Final retail share of final base offer,%,0,113,11.4954639797014,3.644046209113475,6.181777777777778,10.0,10.0,10.000100318679003,10.000364444768394,20.0,20.000584235856014
Final minus initial retail share,Percentage points,0,113,2.3360163862480716,5.413142404321641,-1.3043520304129004,0.0,0.0,0.0,0.0,14.999918002526735,15.000255603187005
Final retail shares/valid applied shares,%,0,113,1.6876088769271542,4.967838274395181,0.010070099789705007,0.026635647946104783,0.05585386518053938,0.10783146336545968,0.6336332530731212,2.779170851548961,29.53157175991156
Reported retail subscription multiple,Times,0,113,1985.1858407079649,2482.0926797947295,3.39,42.38800000000001,174.12,1073.37,2730.73,5443.629999999999,14855.4
Public applicants,Applications,0,113,154730.203539823,94449.61761135624,12645.0,36312.8,66692.0,153878.0,207986.0,265230.8,471116.0
Nominal valid application value,HKD billion,0,113,200.1937004416083,199.53785769556987,1.014926,8.477241372864002,32.956455,130.895526964,290.1565,551.5665043239999,730.994454996
Nominal application value per applicant,HKD thousand,0,113,1001.1377562674312,671.7274060072441,47.229086837744646,228.2857490676168,376.52403436908185,868.3043940159071,1437.7348208326719,1928.9738826638174,2764.6081203079675
Cornerstone share of base offer,%,0,113,32.90141238938053,19.137890658428173,0.0,0.0,16.13,38.5855,49.769999999999996,49.976000000000006,68.63
Public ownership at listing,%,1,112,34.58312589285714,23.72241719632193,2.98,6.529999999999999,10.125,30.485,53.5775,67.447,97.27
Unrestricted public ownership at listing,%,1,112,7.780344196428572,4.187073642819522,1.7399999999999998,2.789,5.285,7.51,10.0,10.945000000000002,25.0
Pre-IPO institutional ownership,%,19,94,30.988385106382978,25.954881038062776,0.0,0.0,3.6500000000000004,30.880000000000003,53.49250000000001,65.174,83.86
Controller economic interest,%,2,111,36.76716216216216,17.075361151799203,2.2800000000000002,15.870000000000001,26.615000000000002,35.160000000000004,46.724999999999994,57.76,77.51
Controller voting interest,%,1,112,38.36558035714285,17.44601452648568,2.2800000000000002,17.086,27.435000000000002,35.625,47.965,67.20000000000002,79.63
Top-five customer revenue share,%,14,99,49.38696969696969,28.298879564412317,0.0,9.5,29.599999999999998,47.699999999999996,72.6,90.72,100.0
Planned debt repayment share of net proceeds,%,2,111,1.4127027027027028,4.4991051526328185,0.0,0.0,0.0,0.0,0.0,4.5,26.3
Public minus unrestricted public ownership (matched denominator),Percentage points,4,109,26.666711467889908,23.033622783021748,0.0,2.378,3.870000000000001,24.68,44.63,57.080000000000005,93.03
Voting minus economic interest,Percentage points,2,111,1.6793693693693694,7.931859609916006,-5.149999999999999,0.0,0.0,0.0,0.0,0.0,46.14999999999999
Pre-IPO holding duration,Years,19,94,7.8381914893617015,4.500743298890466,0.0,0.33900000000000075,5.0075,7.74,10.912500000000001,13.068000000000001,18.2
VC/PE-backed,0/1,7,106,0.8207547169811321,0.3853797091384462,0.0,0.0,1.0,1.0,1.0,1.0,1.0
VC-backed,0/1,9,104,0.7692307692307693,0.42336537115199285,0.0,0.0,1.0,1.0,1.0,1.0,1.0
PE-backed,0/1,7,106,0.6415094339622641,0.481835364992828,0.0,0.0,0.0,1.0,1.0,1.0,1.0
CVC-backed,0/1,19,94,0.6063829787234043,0.4911711942619928,0.0,0.0,0.0,1.0,1.0,1.0,1.0
State/government pre-IPO backing,0/1,14,99,0.6262626262626263,0.48625722985776854,0.0,0.0,0.0,1.0,1.0,1.0,1.0
Top-tier VC/PE backing (current classification),0/1,29,84,0.6785714285714286,0.4698298663029244,0.0,0.0,0.0,1.0,1.0,1.0,1.0
Independent A+H flag,0/1,0,113,0.336283185840708,0.4745414980541471,0.0,0.0,0.0,0.0,1.0,1.0,1.0
WVR flag,0/1,0,113,0.035398230088495575,0.18560728221469427,0.0,0.0,0.0,0.0,0.0,0.0,1.0
Loss-making in latest period,0/1,1,112,0.45535714285714285,0.5002412545375609,0.0,0.0,0.0,0.0,1.0,1.0,1.0
Negative latest-period operating cash flow,0/1,2,111,0.5315315315315315,0.501267843841445,0.0,0.0,0.0,1.0,1.0,1.0,1.0
Negative latest-period equity,0/1,2,111,0.1891891891891892,0.39343507061668354,0.0,0.0,0.0,0.0,0.0,1.0,1.0
Liabilities/assets,%,2,111,93.34632803843454,121.38823881643603,7.741032138100572,19.57825253388865,32.26504033747466,51.47033298102166,81.3397757634531,238.67955423690967,859.6021031380038
Cash/assets,%,2,111,20.251770343049714,16.930418001860495,0.8598988925334424,5.253808090169433,8.882857961289734,14.8700955998771,26.53301859244317,41.770193841543,80.9409080498247
Interest-bearing debt/assets,%,2,111,45.2276011843293,102.62477389358376,0.0,1.206803789478816,4.688333224780893,17.267990738380313,34.35447836793011,61.14276816042777,745.0221134503519
Net profit margin (same-period originals),%,4,109,-310.3936008360822,2026.5554552978786,-20828.78787878788,-313.78816758897824,-40.79829571445375,1.9267513396811646,12.02831336723421,23.845972519295792,47.467640044420975
Operating cash flow/revenue (same-period originals),%,5,108,-212.47613481204723,1594.2530847509975,-16450.0,-142.26708931956546,-21.37381880641332,-1.0210982731527731,10.570687428312251,24.00523174756554,64.00108430468961
Expensed R&D/revenue (same-period originals),%,10,103,72.84451482347977,204.0625930373273,-24.06130642449435,1.3475092355904772,3.6894524252239216,8.539035250433434,19.756286711773505,146.50182569070685,1219.3153554130122
Capitalized development additions/revenue (same-period originals),%,12,101,0.2983843304900993,1.4119208125371732,0.0,0.0,0.0,0.0,0.0,0.039777728576479154,10.394816012740762
Revenue growth using current annualization convention,%,3,110,109.37457564379584,670.2261372048973,-92.45714285714286,-4.55586053139775,6.055084578810055,20.487695531671836,45.56286612785629,94.8099036206118,6985.02024291498
Annualized net profit/closing assets,%,2,111,-10.113631175895382,32.07850210586605,-161.43063157489678,-55.78755871731516,-20.837269918402818,0.4551366754137277,9.28033544720346,16.234035563902538,51.770291796503045
Fixed-price classification,0/1,0,113,0.6194690265486725,0.48768007792719975,0.0,0.0,0.0,1.0,1.0,1.0,1.0
Range offer-price revision versus midpoint,%,70,43,-0.8768236251726278,7.909321051456871,-15.000000000000002,-11.070707070707076,-6.076240376390079,-0.9030231645072551,4.587974321673871,7.0804547971597,23.076923076923084
Filing range width/midpoint,%,70,43,15.671247456962023,8.574535267695953,3.003003003003003,7.106355151298968,9.564846004946027,13.973946878700735,21.39588100686499,24.849597504952165,46.15384615384615
Offer-price position in range,%,70,43,50.15250326077235,44.635085948353336,0.0,0.0,0.0,42.85714285714287,100.0,100.0,100.0
Subscription opening to close,Calendar days,0,113,4.610619469026549,1.3524688293119476,3.0,3.0,3.0,5.0,6.0,6.0,8.0
Subscription close to listing,Calendar days,0,113,4.424778761061947,1.0674176928332466,3.0,3.0,3.0,5.0,5.0,5.799999999999997,6.0
Prospectus to listing,Calendar days,0,113,9.044247787610619,1.1906584352708667,8.0,8.0,8.0,9.0,10.0,11.0,13.0
Pricing to listing,Calendar days,54,59,2.9491525423728815,1.040949977491703,2.0,2.0,2.0,2.0,4.0,4.0,5.0
Allotment announcement to listing,Calendar days,0,113,1.3716814159292035,0.8039488508237539,0.0,1.0,1.0,1.0,1.0,3.0,4.0
Latest financial-period length (annualization factor×12),Months,0,113,10.752212389380531,1.9250739756257953,6.0,8.200003200000001,9.0,12.0,12.0,12.0,12.0
Sponsor participants parsed from Sponsor(s),Institutions,1,112,1.8214285714285714,0.761864542052969,1.0,1.0,1.0,2.0,2.0,3.0,4.0
