Group,Issuer N,Base proceeds (HKD bn),Proceeds share (%),base_bn median,base_bn N,age median,age N,subscription median,subscription N,applicants median,applicants N,corner median,corner N,free_float median,free_float N,allocation median,allocation N,fee_hk median,fee_hk N,expense_share median,expense_share N,leverage median,leverage N,rd_sales median,rd_sales N,customers median,customers N,controller_econ median,controller_econ N,institutional median,institutional N,holding median,holding N,sales_growth median,sales_growth N,loss (%),loss N,negative_ocf (%),negative_ocf N,vcpe (%),vcpe N,fixed (%),fixed N
Biotech and pharma,10,11.983137525,3.3361039331436735,1.19757602,10,11.285,10,1594.53,10,163558.0,10,42.504999999999995,10,10.04,10,0.07126004468483843,10,3.0,10,8.190352237605453,10,50.34664122380397,10,256.9609523809524,7,96.9,8,30.514999999999993,10,47.36,9,7.09,10,229.97064451813927,7,90.0,10,90.0,10,100.0,10,60.0,10
Consumer discretionary,8,21.486044736,5.98171206847353,0.623817345,8,11.565000000000001,8,366.905,8,73730.0,8,11.04,8,10.36,8,0.823992831137937,8,2.75,8,9.495109739626244,7,96.52158421197186,8,3.914704010184596,7,57.25,6,35.47,8,38.4,7,9.175,6,5.847270267629678,8,37.5,8,37.5,8,71.42857142857143,7,12.5,8
Consumer staples,6,26.427489148,7.357409552032538,2.451541935,6,24.384999999999998,6,1793.795,6,137515.0,6,45.31,6,5.87,6,0.05594189351336605,6,2.5,6,6.103959279666745,6,46.47115643555141,6,1.6300049510998516,5,21.0,6,55.025000000000006,6,2.83,6,5.545,6,11.47462737275874,6,0.0,6,0.0,6,66.66666666666666,6,66.66666666666666,6
Hardware and robotics,17,103.24973915100001,28.74471399156453,1.38043794,17,13.49,17,1149.76,17,140150.0,17,39.47,17,7.58,16,0.10429212693176133,17,2.25,17,6.382260875913559,17,66.53175503003476,17,7.944409600367698,17,48.599999999999994,16,34.760000000000005,17,37.370000000000005,16,6.915,14,27.889890914926152,17,47.05882352941176,17,64.70588235294117,17,81.25,16,70.58823529411765,17
Industrials and equipment,24,92.71629304289999,25.812203960908818,3.02854350325,24,18.41,24,788.4000000000001,24,162696.5,24,42.16,24,6.36,24,0.1374262006961537,24,2.0,23,4.187451125212,24,46.33633483743264,23,5.773789970340259,24,51.0,19,35.160000000000004,23,4.1000000000000005,15,6.21,16,39.259696091608554,24,20.833333333333336,24,43.47826086956522,23,71.42857142857143,21,83.33333333333334,24
Materials and mining,6,9.37477404,2.6099358771380876,1.1641832399999998,6,15.265,6,185.52,6,76655.5,6,32.51,6,8.485,6,0.5682394609493959,6,1.8,6,5.4761334871002605,5,53.80395466406183,5,3.1468542092019174,3,48.800000000000004,4,52.84,6,4.1000000000000005,4,3.02,3,7.333393029810498,6,20.0,5,20.0,5,50.0,4,33.33333333333333,6
Medical devices and services,8,5.811326794999999,1.6178726261912544,0.695961126,8,10.415,8,1082.655,8,121612.5,8,33.15,8,8.25,8,0.09237225340678804,8,3.0,8,10.265682809062515,8,23.139839955652207,8,36.659930886680065,6,41.1,8,42.50999999999999,8,48.88,7,7.42,7,21.91958300597655,8,50.0,8,37.5,8,100.0,8,50.0,8
Other,2,0.8053770199999999,0.22421685793725638,0.40268850999999994,2,15.219999999999999,2,1275.65,2,73850.5,2,5.75,2,15.93,2,0.22821964924922328,2,2.75,2,11.294804794351137,2,75.8662912308865,2,1.6475404671530904,2,31.700000000000003,2,51.985,2,11.24,2,3.99,2,17.655414922576483,2,50.0,2,0.0,2,50.0,2,50.0,2
Semiconductors,18,61.75826245299999,17.193492258912595,3.0436693200000002,18,13.805,18,624.76,18,167340.0,18,47.425,18,5.5649999999999995,18,0.1774081686603244,18,1.85,18,4.334832557269111,18,41.98111201936257,18,13.408772227161224,18,51.3,16,24.32,18,19.48,16,8.11,16,12.763409393947057,18,50.0,18,55.55555555555556,18,83.33333333333334,18,66.66666666666666,18
Software and AI,14,25.583125686,7.122338873697733,0.88623529,14,11.635,14,1976.19,14,200813.5,14,28.464999999999996,14,6.245000000000001,14,0.07707667266972272,14,3.0,14,9.474142485651512,14,61.57946444879955,14,34.92989125905964,14,34.85,14,30.220000000000002,13,46.495000000000005,12,9.39,14,21.389156086749118,14,78.57142857142857,14,85.71428571428571,14,100.0,14,57.14285714285714,14
