Variable A,Variable B,N,Spearman
Base offering proceeds,Firm age at listing,113,0.20802039407653827
Base offering proceeds,Reported retail subscription multiple,113,-0.4993190234703377
Base offering proceeds,Public applicants,113,-0.010720961809195878
Base offering proceeds,Cornerstone share of base offer,113,0.7319702618508382
Base offering proceeds,Unrestricted public ownership at listing,112,-0.7714164316093228
Base offering proceeds,Disclosed HK underwriting commission,112,-0.6941527392562422
Base offering proceeds,Listing expenses/base offering proceeds,111,-0.9304864217432482
Base offering proceeds,Pre-IPO institutional ownership,94,-0.1995275467257443
Base offering proceeds,Expensed R&D/revenue (same-period originals),103,-0.1244896446256412
Base offering proceeds,Liabilities/assets,111,-0.021042517204589953
Base offering proceeds,Final retail shares/valid applied shares,113,0.5243248975427562
Firm age at listing,Reported retail subscription multiple,113,-0.36205645371604256
Firm age at listing,Public applicants,113,-0.2996932993768347
Firm age at listing,Cornerstone share of base offer,113,-0.04853096531894371
Firm age at listing,Unrestricted public ownership at listing,112,-0.1628234295312737
Firm age at listing,Disclosed HK underwriting commission,112,-0.3480039590883057
Firm age at listing,Listing expenses/base offering proceeds,111,-0.285640951393375
Firm age at listing,Pre-IPO institutional ownership,94,-0.5352168816007385
Firm age at listing,Expensed R&D/revenue (same-period originals),103,-0.5519528836968733
Firm age at listing,Liabilities/assets,111,-0.24435050248753876
Firm age at listing,Final retail shares/valid applied shares,113,0.23556271768405504
Reported retail subscription multiple,Public applicants,113,0.8000864994344269
Reported retail subscription multiple,Cornerstone share of base offer,113,-0.20702415569383534
Reported retail subscription multiple,Unrestricted public ownership at listing,112,0.36483935337967305
Reported retail subscription multiple,Disclosed HK underwriting commission,112,0.4670279308881646
Reported retail subscription multiple,Listing expenses/base offering proceeds,111,0.5185240435240435
Reported retail subscription multiple,Pre-IPO institutional ownership,94,0.3630387131987141
Reported retail subscription multiple,Expensed R&D/revenue (same-period originals),103,0.3030466107279357
Reported retail subscription multiple,Liabilities/assets,111,0.057221832221832226
Reported retail subscription multiple,Final retail shares/valid applied shares,113,-0.9307089626721672
Public applicants,Cornerstone share of base offer,113,0.20093177816516408
Public applicants,Unrestricted public ownership at listing,112,-0.0060739639930912385
Public applicants,Disclosed HK underwriting commission,112,0.15217520633607937
Public applicants,Listing expenses/base offering proceeds,111,0.058985608985608985
Public applicants,Pre-IPO institutional ownership,94,0.34308203781511026
Public applicants,Expensed R&D/revenue (same-period originals),103,0.32672538769055043
Public applicants,Liabilities/assets,111,0.02749210249210249
Public applicants,Final retail shares/valid applied shares,113,-0.7422233681549006
Cornerstone share of base offer,Unrestricted public ownership at listing,112,-0.5879603949959229
Cornerstone share of base offer,Disclosed HK underwriting commission,112,-0.4846772658914134
Cornerstone share of base offer,Listing expenses/base offering proceeds,111,-0.6948778225082921
Cornerstone share of base offer,Pre-IPO institutional ownership,94,-0.06424386155922124
Cornerstone share of base offer,Expensed R&D/revenue (same-period originals),103,0.07605731273355756
Cornerstone share of base offer,Liabilities/assets,111,-0.022421522545598586
Cornerstone share of base offer,Final retail shares/valid applied shares,113,0.2521252514481505
Unrestricted public ownership at listing,Disclosed HK underwriting commission,111,0.6145786002325982
Unrestricted public ownership at listing,Listing expenses/base offering proceeds,110,0.7437594013127145
Unrestricted public ownership at listing,Pre-IPO institutional ownership,93,0.15509068536575282
Unrestricted public ownership at listing,Expensed R&D/revenue (same-period originals),102,0.13421926949410432
Unrestricted public ownership at listing,Liabilities/assets,110,0.08458502140477628
Unrestricted public ownership at listing,Final retail shares/valid applied shares,112,-0.38380447302054865
Disclosed HK underwriting commission,Listing expenses/base offering proceeds,110,0.8128010770706132
Disclosed HK underwriting commission,Pre-IPO institutional ownership,93,0.4432781429626283
Disclosed HK underwriting commission,Expensed R&D/revenue (same-period originals),102,0.3440305993140716
Disclosed HK underwriting commission,Liabilities/assets,111,0.0276682361724753
Disclosed HK underwriting commission,Final retail shares/valid applied shares,112,-0.4805934170664029
Listing expenses/base offering proceeds,Pre-IPO institutional ownership,94,0.3441492008858232
Listing expenses/base offering proceeds,Expensed R&D/revenue (same-period originals),101,0.19826441467676179
Listing expenses/base offering proceeds,Liabilities/assets,109,0.10917431192660551
Listing expenses/base offering proceeds,Final retail shares/valid applied shares,111,-0.5369515619515619
Pre-IPO institutional ownership,Expensed R&D/revenue (same-period originals),85,0.5869754346827767
Pre-IPO institutional ownership,Liabilities/assets,92,0.34182505503372107
Pre-IPO institutional ownership,Final retail shares/valid applied shares,94,-0.248177120648921
Expensed R&D/revenue (same-period originals),Liabilities/assets,102,0.2226337425290216
Expensed R&D/revenue (same-period originals),Final retail shares/valid applied shares,103,-0.153912050256996
Liabilities/assets,Final retail shares/valid applied shares,111,0.032441207441207445
