Metric,Unit,Stock Code,Company,Value
Base offering proceeds,HKD billion,3308.HK,"ZHONGJI INNOLIGHT CO., LTD. - H Shares",53.41
Base offering proceeds,HKD billion,2475.HK,"Luxshare Precision Industry Co., Ltd. - H Shares",24.266158784
Base offering proceeds,HKD billion,2476.HK,"Victory Giant Technology (HuiZhou) Co., Ltd. - H Shares",20.116998
Base offering proceeds,HKD billion,0625.HK,SHEIN Global Holdings Limited - W,13.5964358
Base offering proceeds,HKD billion,2714.HK,"Muyuan Foods Co., Ltd. - H shares",10.6841046
Base offering proceeds,HKD billion,9980.HK,"Eastroc Beverage (Group) Co., Ltd. - H shares",10.1406952
Base offering proceeds,HKD billion,1688.HK,LINGYI iTECH (GUANGDONG) COMPANY - H Shares,8.2642449384
Base offering proceeds,HKD billion,6951.HK,"Chaozhou Three-Circle (Group) Co., Ltd. - H Shares",7.15783929
Base offering proceeds,HKD billion,9976.HK,"Shenzhen Longsys Electronics Co., Ltd. - H Shares",7.0775102
Base offering proceeds,HKD billion,6809.HK,"Montage Technology Co., Ltd. - H shares",7.0429821
Reported retail subscription multiple,Times,6871.HK,"Robotphoenix Intelligent Technology Co., Ltd. - H Shares",14855.4
Reported retail subscription multiple,Times,6872.HK,TenNor Therapeutics (Suzhou) Limited - B - H Shares,9015.11
Reported retail subscription multiple,Times,1609.HK,"Star Sports Medicine Co., Ltd. - H Shares",7823.13
Reported retail subscription multiple,Times,1392.HK,"Shenzhen HQVT Technology Co., Ltd. - H Shares",7181.21
Reported retail subscription multiple,Times,7666.HK,"Metis TechBio Co., Ltd. - P - H Shares",6910.96
Reported retail subscription multiple,Times,1511.HK,"UISEE Technologies (Beijing) Co., Ltd. - H Shares",6777.29
Reported retail subscription multiple,Times,1236.HK,"SHENZHEN LDROBOT CO., LTD - H Shares",6707.66
Reported retail subscription multiple,Times,6658.HK,"Liuliumei Co., Ltd. - H Shares",6586.73
Reported retail subscription multiple,Times,1956.HK,"Beijing Zhongke WengeAI Science and Technology Co., Ltd. - H Shares",5966.78
Reported retail subscription multiple,Times,6106.HK,"Shanghai Seer Intelligent Technology Co., Ltd. - H Shares",5934.56
Public applicants,Applications,6082.HK,"Shanghai Biren Technology Co., Ltd.- H shares",471116.0
Public applicants,Applications,0100.HK,MiniMax Group Inc. - W - P,417646.0
Public applicants,Applications,7666.HK,"Metis TechBio Co., Ltd. - P - H Shares",383309.0
Public applicants,Applications,1879.HK,"Shanghai Xizhi Technology Co., Ltd. - P - H Shares",378085.0
Public applicants,Applications,7688.HK,"Shanghai Top Numerical Control Technology Co., Ltd. - H Shares",344049.0
Public applicants,Applications,6871.HK,"Robotphoenix Intelligent Technology Co., Ltd. - H Shares",330334.0
Public applicants,Applications,1609.HK,"Star Sports Medicine Co., Ltd. - H Shares",300735.0
Public applicants,Applications,1236.HK,"SHENZHEN LDROBOT CO., LTD - H Shares",296740.0
Public applicants,Applications,1511.HK,"UISEE Technologies (Beijing) Co., Ltd. - H Shares",285972.0
Public applicants,Applications,6872.HK,TenNor Therapeutics (Suzhou) Limited - B - H Shares,275978.0
Cornerstone share of base offer,%,2513.HK,Knowledge Atlas Technology Joint Stock Company Limited - H shares,68.63
Cornerstone share of base offer,%,1879.HK,"Shanghai Xizhi Technology Co., Ltd. - P - H Shares",65.06
Cornerstone share of base offer,%,9615.HK,"Mech-Mind Robotics Technologies Co., Ltd. - H Shares",62.019999999999996
Cornerstone share of base offer,%,0100.HK,MiniMax Group Inc. - W - P,56.53
Cornerstone share of base offer,%,7666.HK,"Metis TechBio Co., Ltd. - P - H Shares",54.87
Cornerstone share of base offer,%,6082.HK,"Shanghai Biren Technology Co., Ltd.- H shares",51.93
Cornerstone share of base offer,%,2714.HK,"Muyuan Foods Co., Ltd. - H shares",50.0
Cornerstone share of base offer,%,3277.HK,Gpixel Changchun Microelectronics Inc. - H Shares,50.0
Cornerstone share of base offer,%,7688.HK,"Shanghai Top Numerical Control Technology Co., Ltd. - H Shares",50.0
Cornerstone share of base offer,%,3308.HK,"ZHONGJI INNOLIGHT CO., LTD. - H Shares",50.0
Firm age at listing,Years,6951.HK,"Chaozhou Three-Circle (Group) Co., Ltd. - H Shares",33.58
Firm age at listing,Years,3228.HK,"Shenzhen Kinwong Electronic Co., Ltd. - H Shares",33.56
Firm age at listing,Years,9980.HK,"Eastroc Beverage (Group) Co., Ltd. - H shares",31.6
Firm age at listing,Years,2797.HK,"Jiangxi Qiyunshan Food Co., Ltd. - H Shares",30.78
Firm age at listing,Years,6745.HK,"Befar Group Co., Ltd - H Shares",28.14
Firm age at listing,Years,9981.HK,"Shenzhen Woer Heat-Shrinkable Material Co., Ltd. - H Shares",27.66
Firm age at listing,Years,9976.HK,"Shenzhen Longsys Electronics Co., Ltd. - H Shares",27.37
Firm age at listing,Years,2701.HK,Nsing Technologies Inc. - H Shares,26.01
Firm age at listing,Years,2714.HK,"Muyuan Foods Co., Ltd. - H shares",25.57
Firm age at listing,Years,2768.HK,"Qingdao Gon Technology Co., Ltd. - H shares",25.12
Listing expenses/base offering proceeds,%,2677.HK,Distinct Healthcare Holdings Limited,24.778139003602494
Listing expenses/base offering proceeds,%,2649.HK,"ALSCO Pooling Service Co., Ltd. - H Shares",22.083541949788998
Listing expenses/base offering proceeds,%,2553.HK,"Beijing Shougang LanzaTech Technology Co., Ltd. - H Shares",17.31164383561644
Listing expenses/base offering proceeds,%,2041.HK,"Medcaptain Medical Technology Co., Ltd. - H Shares",17.299958134101313
Listing expenses/base offering proceeds,%,2720.HK,Ridge Outdoor International Limited,17.249800115046902
Listing expenses/base offering proceeds,%,6915.HK,Jiangxi Institute of Biological Products Inc. - H Shares,16.509522298204356
Listing expenses/base offering proceeds,%,2797.HK,"Jiangxi Qiyunshan Food Co., Ltd. - H Shares",16.5
Listing expenses/base offering proceeds,%,2272.HK,KEYTOP PARKING INC. - H Shares,15.002225055009033
Listing expenses/base offering proceeds,%,2697.HK,"Guangdong True Health Medical Technology Development Co., Ltd. - B - H Shares",14.693292305333994
Listing expenses/base offering proceeds,%,6810.HK,"Shanghai Sunmi Technology Co., Ltd. - W - H Shares",14.247398293713914
Top-five customer revenue share,%,6132.HK,"HJ Science Co., Ltd. - B - H Shares",100.0
Top-five customer revenue share,%,6228.HK,PT MERDEKA GOLD RESOURCES Tbk- DRS,100.0
Top-five customer revenue share,%,9637.HK,Alebund Pharmaceuticals (Jiangsu) Limited - B - H Shares,100.0
Top-five customer revenue share,%,6938.HK,"Suzhou Ribo Life Science Co., Ltd. - B - H shares",99.5
Top-five customer revenue share,%,7666.HK,"Metis TechBio Co., Ltd. - P - H Shares",98.9
Top-five customer revenue share,%,6082.HK,"Shanghai Biren Technology Co., Ltd.- H shares",97.89999999999999
Top-five customer revenue share,%,2261.HK,"NASN Intelligent Tech (Zhejiang) Co., Ltd. - H Shares",96.89999999999999
Top-five customer revenue share,%,2697.HK,"Guangdong True Health Medical Technology Development Co., Ltd. - B - H Shares",96.39999999999999
Top-five customer revenue share,%,7630.HK,"IMPACT Therapeutics, Inc - B - H Shares",94.89999999999999
Top-five customer revenue share,%,1770.HK,DKE Holding Company Limited - H Shares,90.8
Expensed R&D/revenue (same-period originals),%,9637.HK,Alebund Pharmaceuticals (Jiangsu) Limited - B - H Shares,1219.3153554130122
Expensed R&D/revenue (same-period originals),%,6082.HK,"Shanghai Biren Technology Co., Ltd.- H shares",970.4361407738146
Expensed R&D/revenue (same-period originals),%,6132.HK,"HJ Science Co., Ltd. - B - H Shares",848.6981975042366
Expensed R&D/revenue (same-period originals),%,2513.HK,Knowledge Atlas Technology Joint Stock Company Limited - H shares,835.4390523740418
Expensed R&D/revenue (same-period originals),%,7630.HK,"IMPACT Therapeutics, Inc - B - H Shares",480.1809103029986
Expensed R&D/revenue (same-period originals),%,2697.HK,"Guangdong True Health Medical Technology Development Co., Ltd. - B - H Shares",467.02249958942355
Expensed R&D/revenue (same-period originals),%,1879.HK,"Shanghai Xizhi Technology Co., Ltd. - P - H Shares",450.3619509626955
Expensed R&D/revenue (same-period originals),%,0100.HK,MiniMax Group Inc. - W - P,337.42912214383296
Expensed R&D/revenue (same-period originals),%,7666.HK,"Metis TechBio Co., Ltd. - P - H Shares",256.9609523809524
Expensed R&D/revenue (same-period originals),%,0600.HK,"Axera Semiconductor Co., Ltd. - H shares",153.8296274820283
